ticker,spolka,etap,powod,zrodlo
AAPG,Ascentage Pharma Group International American Depository Shares,uniwersum,spółka z Chin,https://api.nasdaq.com/api/screener/stocks?tableonly=true&download=true&exchange=nasdaq
ADAM,Adamas Trust Inc. Common Stock,uniwersum,REIT (branża),https://api.nasdaq.com/api/screener/stocks?tableonly=true&download=true&exchange=nasdaq
ADAMI,Adamas Trust Inc. 9.125% Senior Notes Due 2029,uniwersum,nie akcja zwykła (nazwa),https://api.nasdaq.com/api/screener/stocks?tableonly=true&download=true&exchange=nasdaq
ADAML,Adamas Trust Inc. 6.875% Series F Fixed-to-Floating Rate Cumulative Redeemable Preferred Stock $0.01 par value per share,uniwersum,nie akcja zwykła (nazwa),https://api.nasdaq.com/api/screener/stocks?tableonly=true&download=true&exchange=nasdaq
ADAMM,Adamas Trust Inc. 7.875% Series E Fixed-to-Floating Rate Cumulative Redeemable Preferred Stock,uniwersum,nie akcja zwykła (nazwa),https://api.nasdaq.com/api/screener/stocks?tableonly=true&download=true&exchange=nasdaq
ADAMN,Adamas Trust Inc. 8.00% Series D Fixed-to-Floating Rate Cumulative Redeemable Preferred Stock,uniwersum,nie akcja zwykła (nazwa),https://api.nasdaq.com/api/screener/stocks?tableonly=true&download=true&exchange=nasdaq
ADAMZ,Adamas Trust Inc. 7.000% Series G Cumulative Redeemable Preferred Stock $0.01 par value per share,uniwersum,nie akcja zwykła (nazwa),https://api.nasdaq.com/api/screener/stocks?tableonly=true&download=true&exchange=nasdaq
AHG,Akso Health Group ADS,uniwersum,spółka z Chin,https://api.nasdaq.com/api/screener/stocks?tableonly=true&download=true&exchange=nasdaq
API,Agora Inc. American Depositary Shares,uniwersum,spółka z Chin,https://api.nasdaq.com/api/screener/stocks?tableonly=true&download=true&exchange=nasdaq
ARLP,Alliance Resource Partners L.P. Common Units representing Limited Partners Interests,uniwersum,nie akcja zwykła (nazwa),https://api.nasdaq.com/api/screener/stocks?tableonly=true&download=true&exchange=nasdaq
ATLCL,Atlanticus Holdings Corporation 6.125% Senior Notes due 2026,uniwersum,nie akcja zwykła (nazwa),https://api.nasdaq.com/api/screener/stocks?tableonly=true&download=true&exchange=nasdaq
ATLCP,Atlanticus Holdings Corporation 7.625% Series B Cumulative Perpetual Preferred Stock no par value per share,uniwersum,nie akcja zwykła (nazwa),https://api.nasdaq.com/api/screener/stocks?tableonly=true&download=true&exchange=nasdaq
ATLCZ,Atlanticus Holdings Corporation 9.25% Senior Notes due 2029,uniwersum,nie akcja zwykła (nazwa),https://api.nasdaq.com/api/screener/stocks?tableonly=true&download=true&exchange=nasdaq
BANFP,BancFirst Corporation - BFC Capital Trust II Cumulative Trust Preferred Securities,uniwersum,nie akcja zwykła (nazwa),https://api.nasdaq.com/api/screener/stocks?tableonly=true&download=true&exchange=nasdaq
BHFAL,Brighthouse Financial Inc. 6.25% Junior Subordinated Debentures due 2058,uniwersum,nie akcja zwykła (nazwa),https://api.nasdaq.com/api/screener/stocks?tableonly=true&download=true&exchange=nasdaq
BHFAM,Brighthouse Financial Inc. Depositary shares each representing a 1/1000th Interest in a Share of 4.625% Non-Cumulative Preferred Stock Series D,uniwersum,nie akcja zwykła (nazwa),https://api.nasdaq.com/api/screener/stocks?tableonly=true&download=true&exchange=nasdaq
BHFAN,Brighthouse Financial Inc. Depositary shares each representing a 1/1000th interest in a share of 5.375% Non-Cumulative Preferred Stock Series C,uniwersum,nie akcja zwykła (nazwa),https://api.nasdaq.com/api/screener/stocks?tableonly=true&download=true&exchange=nasdaq
BHFAO,Brighthouse Financial Inc. Depositary Shares 6.75% Non-Cumulative Preferred Stock Series B,uniwersum,nie akcja zwykła (nazwa),https://api.nasdaq.com/api/screener/stocks?tableonly=true&download=true&exchange=nasdaq
BHFAP,Brighthouse Financial Inc. Depositary Shares 6.6% Non-Cumulative Preferred Stock Series A,uniwersum,nie akcja zwykła (nazwa),https://api.nasdaq.com/api/screener/stocks?tableonly=true&download=true&exchange=nasdaq
BPOPM,Popular Inc. Popular Capital Trust II - 6.125% Cumulative Monthly Income Trust Preferred Securities,uniwersum,nie akcja zwykła (nazwa),https://api.nasdaq.com/api/screener/stocks?tableonly=true&download=true&exchange=nasdaq
BULLW,Webull Corporation Warrants,uniwersum,nie akcja zwykła (nazwa),https://api.nasdaq.com/api/screener/stocks?tableonly=true&download=true&exchange=nasdaq
BUSEP,First Busey Corporation Depositary Shares Each Representing a 1/40thInterest in a Share of 8.25% Fixed-Rate Series B Non-Cumulative Perpetual Preferred Stock $0.001 par value,uniwersum,nie akcja zwykła (nazwa),https://api.nasdaq.com/api/screener/stocks?tableonly=true&download=true&exchange=nasdaq
BUUU,BUUU Group Limited Class A Ordinary Share,uniwersum,spółka z Hongkongu,https://api.nasdaq.com/api/screener/stocks?tableonly=true&download=true&exchange=nasdaq
BVC,BitVentures Limited Ordinary Shares,uniwersum,spółka z Chin,https://api.nasdaq.com/api/screener/stocks?tableonly=true&download=true&exchange=nasdaq
BWBBP,Bridgewater Bancshares Inc. Depositary Shares Each Representing a 1/100th Interest in a Share of 5.875% Non-Cumulative Perpetual Preferred Stock Series A,uniwersum,nie akcja zwykła (nazwa),https://api.nasdaq.com/api/screener/stocks?tableonly=true&download=true&exchange=nasdaq
CCNEP,CNB Financial Corporation Depositary Shares each representing a 1/40th ownership interest in a share of 7.125% Series A Fixed-Rate Non-Cumulative Perpetual Preferred Stock,uniwersum,nie akcja zwykła (nazwa),https://api.nasdaq.com/api/screener/stocks?tableonly=true&download=true&exchange=nasdaq
CD,Chaince Digital Holdings Inc. Ordinary Shares,uniwersum,spółka z Chin,https://api.nasdaq.com/api/screener/stocks?tableonly=true&download=true&exchange=nasdaq
CHA,Chagee Holdings Limited American Depositary Shares,uniwersum,spółka z Chin,https://api.nasdaq.com/api/screener/stocks?tableonly=true&download=true&exchange=nasdaq
CHAD,DeFi Development Corp. Variable Rate Series C Perpetual Preferred Stock,uniwersum,nie akcja zwykła (nazwa),https://api.nasdaq.com/api/screener/stocks?tableonly=true&download=true&exchange=nasdaq
CHSCL,CHS Inc Class B Cumulative Redeemable Preferred Stock Series 4,uniwersum,nie akcja zwykła (nazwa),https://api.nasdaq.com/api/screener/stocks?tableonly=true&download=true&exchange=nasdaq
CHSCM,CHS Inc Class B Reset Rate Cumulative Redeemable Preferred Stock Series 3,uniwersum,nie akcja zwykła (nazwa),https://api.nasdaq.com/api/screener/stocks?tableonly=true&download=true&exchange=nasdaq
CHSCN,CHS Inc Preferred Class B Series 2 Reset Rate,uniwersum,nie akcja zwykła (nazwa),https://api.nasdaq.com/api/screener/stocks?tableonly=true&download=true&exchange=nasdaq
CHSCO,CHS Inc. Class B Cumulative Redeemable Preferred Stock,uniwersum,nie akcja zwykła (nazwa),https://api.nasdaq.com/api/screener/stocks?tableonly=true&download=true&exchange=nasdaq
CHSCP,CHS Inc. 8%  Cumulative Redeemable Preferred Stock,uniwersum,nie akcja zwykła (nazwa),https://api.nasdaq.com/api/screener/stocks?tableonly=true&download=true&exchange=nasdaq
CHTRP,Charter Communications Inc. Series A Cumulative Redeemable Preferred Stock,uniwersum,nie akcja zwykła (nazwa),https://api.nasdaq.com/api/screener/stocks?tableonly=true&download=true&exchange=nasdaq
CNOBP,ConnectOne Bancorp Inc. Depositary Shares each representing a 1/40th interest in a share of 5.25% Fixed-Rate Reset Non-Cumulative Perpetual Preferred Stock Series A,uniwersum,nie akcja zwykła (nazwa),https://api.nasdaq.com/api/screener/stocks?tableonly=true&download=true&exchange=nasdaq
CORZW,Core Scientific Inc. Tranche 1 Warrants,uniwersum,nie akcja zwykła (nazwa),https://api.nasdaq.com/api/screener/stocks?tableonly=true&download=true&exchange=nasdaq
CRMLW,Critical Metals Corp. Warrants,uniwersum,nie akcja zwykła (nazwa),https://api.nasdaq.com/api/screener/stocks?tableonly=true&download=true&exchange=nasdaq
DHC,Diversified Healthcare Trust Common Shares of Beneficial Interest,uniwersum,REIT (branża),https://api.nasdaq.com/api/screener/stocks?tableonly=true&download=true&exchange=nasdaq
DJTWW,Trump Media & Technology Group Corp. Warrants,uniwersum,nie akcja zwykła (nazwa),https://api.nasdaq.com/api/screener/stocks?tableonly=true&download=true&exchange=nasdaq
DMLP,Dorchester Minerals L.P. Common Units Representing Limited Partnership Interests,uniwersum,nie akcja zwykła (nazwa),https://api.nasdaq.com/api/screener/stocks?tableonly=true&download=true&exchange=nasdaq
DRH,Diamondrock Hospitality Company Common Stock,uniwersum,REIT (branża),https://api.nasdaq.com/api/screener/stocks?tableonly=true&download=true&exchange=nasdaq
DRTSW,Alpha Tau Medical Ltd. Warrant,uniwersum,nie akcja zwykła (nazwa),https://api.nasdaq.com/api/screener/stocks?tableonly=true&download=true&exchange=nasdaq
DSC,DSC Holdings Ltd. American Depositary Shares,uniwersum,spółka z Chin,https://api.nasdaq.com/api/screener/stocks?tableonly=true&download=true&exchange=nasdaq
ECX,ECARX Holdings Inc. Class A Ordinary shares,uniwersum,spółka z Chin,https://api.nasdaq.com/api/screener/stocks?tableonly=true&download=true&exchange=nasdaq
EFSCP,Enterprise Financial Services Corporation Depositary Shares Each Representing a 1/40th Interest in a Share of 5% Fixed Rate Non-Cumulative Perpetual Preferred Stock Series A,uniwersum,nie akcja zwykła (nazwa),https://api.nasdaq.com/api/screener/stocks?tableonly=true&download=true&exchange=nasdaq
EH,EHang Holdings Limited ADS,uniwersum,spółka z Chin,https://api.nasdaq.com/api/screener/stocks?tableonly=true&download=true&exchange=nasdaq
EOSEW,Eos Energy Enterprises Inc. Warrant,uniwersum,nie akcja zwykła (nazwa),https://api.nasdaq.com/api/screener/stocks?tableonly=true&download=true&exchange=nasdaq
FBIOP,Fortress Biotech Inc. 9.375% Series A Cumulative Redeemable Perpetual Preferred Stock,uniwersum,nie akcja zwykła (nazwa),https://api.nasdaq.com/api/screener/stocks?tableonly=true&download=true&exchange=nasdaq
FGBIP,First Guaranty Bancshares Inc. 6.75% Series A Fixed-Rate Non-Cumulative Perpetual Preferred Stock,uniwersum,nie akcja zwykła (nazwa),https://api.nasdaq.com/api/screener/stocks?tableonly=true&download=true&exchange=nasdaq
FRMI,Fermi Inc. Common Stock,uniwersum,REIT (branża),https://api.nasdaq.com/api/screener/stocks?tableonly=true&download=true&exchange=nasdaq
FTAIM,FTAI Aviation Ltd. 9.500% Fixed-Rate Reset Series D Cumulative Perpetual Redeemable Preferred Shares,uniwersum,nie akcja zwykła (nazwa),https://api.nasdaq.com/api/screener/stocks?tableonly=true&download=true&exchange=nasdaq
FULTP,Fulton Financial Corporation Depositary Shares Each Representing a 1/40th Interest in a Share of Fixed Rate Non-Cumulative Perpetual Preferred Stock Series A,uniwersum,nie akcja zwykła (nazwa),https://api.nasdaq.com/api/screener/stocks?tableonly=true&download=true&exchange=nasdaq
FUNC,First United Corporation Common Stock,uniwersum,nie akcja zwykła (nazwa),https://api.nasdaq.com/api/screener/stocks?tableonly=true&download=true&exchange=nasdaq
FXHO,UTime Limited Class A Ordinary Shares,uniwersum,spółka z Chin,https://api.nasdaq.com/api/screener/stocks?tableonly=true&download=true&exchange=nasdaq
GAINZ,Gladstone Investment Corporation 4.875% Notes due 2028,uniwersum,nie akcja zwykła (nazwa),https://api.nasdaq.com/api/screener/stocks?tableonly=true&download=true&exchange=nasdaq
GEGGL,Great Elm Group Inc.  7.25% Notes due 2027,uniwersum,nie akcja zwykła (nazwa),https://api.nasdaq.com/api/screener/stocks?tableonly=true&download=true&exchange=nasdaq
GENVR,Gen Digital Inc. Contingent Value Rights,uniwersum,nie akcja zwykła (nazwa),https://api.nasdaq.com/api/screener/stocks?tableonly=true&download=true&exchange=nasdaq
GOODN,Gladstone Commercial Corporation 6.625% Series E Cumulative Redeemable Preferred Stock,uniwersum,nie akcja zwykła (nazwa),https://api.nasdaq.com/api/screener/stocks?tableonly=true&download=true&exchange=nasdaq
GOODO,Gladstone Commercial Corporation 6.00% Series G Cumulative Redeemable Preferred Stock par value $0.001 per share,uniwersum,nie akcja zwykła (nazwa),https://api.nasdaq.com/api/screener/stocks?tableonly=true&download=true&exchange=nasdaq
GREEL,Vulcan Infrastructure and Power Inc. 8.50% Senior Notes due 2026,uniwersum,nie akcja zwykła (nazwa),https://api.nasdaq.com/api/screener/stocks?tableonly=true&download=true&exchange=nasdaq
HCM,HUTCHMED (China) Limited American Depositary Shares,uniwersum,spółka z Hongkongu,https://api.nasdaq.com/api/screener/stocks?tableonly=true&download=true&exchange=nasdaq
HCMA,HCM III Acquisition Corp. Class A Ordinary Share,uniwersum,SPAC (nazwa),https://api.nasdaq.com/api/screener/stocks?tableonly=true&download=true&exchange=nasdaq
HQWWW,Horizon Quantum Holdings Ltd. Warrant,uniwersum,nie akcja zwykła (nazwa),https://api.nasdaq.com/api/screener/stocks?tableonly=true&download=true&exchange=nasdaq
HSAI,Hesai Group American Depositary Share,uniwersum,spółka z Chin,https://api.nasdaq.com/api/screener/stocks?tableonly=true&download=true&exchange=nasdaq
HTZWW,Hertz Global Holdings Inc Warrant,uniwersum,nie akcja zwykła (nazwa),https://api.nasdaq.com/api/screener/stocks?tableonly=true&download=true&exchange=nasdaq
HWCPZ,Hancock Whitney Corporation 6.25% Subordinated Notes due 2060,uniwersum,nie akcja zwykła (nazwa),https://api.nasdaq.com/api/screener/stocks?tableonly=true&download=true&exchange=nasdaq
ILPT,Industrial Logistics Properties Trust Common Shares of Beneficial Interest,uniwersum,REIT (branża),https://api.nasdaq.com/api/screener/stocks?tableonly=true&download=true&exchange=nasdaq
IMPPP,Imperial Petroleum Inc. 8.75% Series A Cumulative Redeemable Perpetual Preferred Shares,uniwersum,nie akcja zwykła (nazwa),https://api.nasdaq.com/api/screener/stocks?tableonly=true&download=true&exchange=nasdaq
IQ,iQIYI Inc. American Depositary Shares,uniwersum,spółka z Chin,https://api.nasdaq.com/api/screener/stocks?tableonly=true&download=true&exchange=nasdaq
IQMXW,IQM Quantum Computers Oyj Warrants to purchase American Depositary Shares,uniwersum,nie akcja zwykła (nazwa),https://api.nasdaq.com/api/screener/stocks?tableonly=true&download=true&exchange=nasdaq
JSM,Navient Corporation 6% Senior Notes due December 15 2043,uniwersum,nie akcja zwykła (nazwa),https://api.nasdaq.com/api/screener/stocks?tableonly=true&download=true&exchange=nasdaq
KC,Kingsoft Cloud Holdings Limited American Depositary Shares,uniwersum,spółka z Chin,https://api.nasdaq.com/api/screener/stocks?tableonly=true&download=true&exchange=nasdaq
KYIVW,Kyivstar Group Ltd. Warrant,uniwersum,nie akcja zwykła (nazwa),https://api.nasdaq.com/api/screener/stocks?tableonly=true&download=true&exchange=nasdaq
LAND,Gladstone Land Corporation Common Stock,uniwersum,REIT (branża),https://api.nasdaq.com/api/screener/stocks?tableonly=true&download=true&exchange=nasdaq
LANDO,Gladstone Land Corporation 6.00% Series B Cumulative Redeemable Preferred Stock,uniwersum,nie akcja zwykła (nazwa),https://api.nasdaq.com/api/screener/stocks?tableonly=true&download=true&exchange=nasdaq
LANDP,Gladstone Land Corporation 6.00% Series C Cumulative Redeemable Preferred Stock,uniwersum,nie akcja zwykła (nazwa),https://api.nasdaq.com/api/screener/stocks?tableonly=true&download=true&exchange=nasdaq
LFMDP,LifeMD Inc. 8.875% Series A Cumulative Perpetual Preferred Stock,uniwersum,nie akcja zwykła (nazwa),https://api.nasdaq.com/api/screener/stocks?tableonly=true&download=true&exchange=nasdaq
LOT,Lotus Technology Inc. American Depositary Shares,uniwersum,spółka z Chin,https://api.nasdaq.com/api/screener/stocks?tableonly=true&download=true&exchange=nasdaq
MBINL,Merchants Bancorp Depositary Shares Each Representing a 1/40thInterest in a Share of 7.25% Fixed Rate Series E Non-CumulativePerpetual Preferred Stock without par value,uniwersum,nie akcja zwykła (nazwa),https://api.nasdaq.com/api/screener/stocks?tableonly=true&download=true&exchange=nasdaq
MBINM,Merchants Bancorp Depositary Shares Each Representing a 1/40th Interest in a Share of 8.25% Fixed-Rate Reset Series D Non-Cumulative Perpetual Preferred Stock,uniwersum,nie akcja zwykła (nazwa),https://api.nasdaq.com/api/screener/stocks?tableonly=true&download=true&exchange=nasdaq
MBINN,Merchants Bancorp Depositary Shares Preferred Series C,uniwersum,nie akcja zwykła (nazwa),https://api.nasdaq.com/api/screener/stocks?tableonly=true&download=true&exchange=nasdaq
MFI,mF International Limited Class A Ordinary Shares,uniwersum,spółka z Hongkongu,https://api.nasdaq.com/api/screener/stocks?tableonly=true&download=true&exchange=nasdaq
MFICL,MidCap Financial Investment Corporation 8.00% Notes due 2028,uniwersum,nie akcja zwykła (nazwa),https://api.nasdaq.com/api/screener/stocks?tableonly=true&download=true&exchange=nasdaq
MGRT,Mega Fortune Company Limited Ordinary Shares,uniwersum,spółka z Hongkongu,https://api.nasdaq.com/api/screener/stocks?tableonly=true&download=true&exchange=nasdaq
MLCO,Melco Resorts & Entertainment Limited American Depositary Shares,uniwersum,spółka z Hongkongu,https://api.nasdaq.com/api/screener/stocks?tableonly=true&download=true&exchange=nasdaq
MOMO,Hello Group Inc. American Depositary Shares,uniwersum,spółka z Chin,https://api.nasdaq.com/api/screener/stocks?tableonly=true&download=true&exchange=nasdaq
MSBIP,Midland States Bancorp Inc. Depositary Shares Each Representing a 1/40th Interest in a Share of 7.750% Fixed-Rate Reset Non-Cumulative Perpetual Preferred Stock Series A,uniwersum,nie akcja zwykła (nazwa),https://api.nasdaq.com/api/screener/stocks?tableonly=true&download=true&exchange=nasdaq
MTC,MMTec Inc. Common Shares,uniwersum,spółka z Chin,https://api.nasdaq.com/api/screener/stocks?tableonly=true&download=true&exchange=nasdaq
NAMSW,NewAmsterdam Pharma Company N.V. Warrant,uniwersum,nie akcja zwykła (nazwa),https://api.nasdaq.com/api/screener/stocks?tableonly=true&download=true&exchange=nasdaq
NEWTG,NewtekOne Inc. 8.50% Fixed Rate Senior Notes due 2029,uniwersum,nie akcja zwykła (nazwa),https://api.nasdaq.com/api/screener/stocks?tableonly=true&download=true&exchange=nasdaq
NEWTI,NewtekOne Inc. 8.00% Fixed Rate Senior Notes due 2028,uniwersum,nie akcja zwykła (nazwa),https://api.nasdaq.com/api/screener/stocks?tableonly=true&download=true&exchange=nasdaq
NEWTP,NewtekOne Inc. Depositary Shares Non-Cumulative Perpetual Preferred Stock Series B,uniwersum,nie akcja zwykła (nazwa),https://api.nasdaq.com/api/screener/stocks?tableonly=true&download=true&exchange=nasdaq
NHP,National Healthcare Properties Inc. Class A Common Stock,uniwersum,REIT (branża),https://api.nasdaq.com/api/screener/stocks?tableonly=true&download=true&exchange=nasdaq
NMFCZ,New Mountain Finance Corporation 8.250% Notes due 2028,uniwersum,nie akcja zwykła (nazwa),https://api.nasdaq.com/api/screener/stocks?tableonly=true&download=true&exchange=nasdaq
NOVTU,Novanta Inc. Tangible Equity Units,uniwersum,nie akcja zwykła (nazwa),https://api.nasdaq.com/api/screener/stocks?tableonly=true&download=true&exchange=nasdaq
NSLRL,Neostellar Capital Corp. 6.00% Notes due 2026,uniwersum,nie akcja zwykła (nazwa),https://api.nasdaq.com/api/screener/stocks?tableonly=true&download=true&exchange=nasdaq
NUAIW,New Era Energy & Digital Inc. Warrants,uniwersum,nie akcja zwykła (nazwa),https://api.nasdaq.com/api/screener/stocks?tableonly=true&download=true&exchange=nasdaq
OCCIN,OFS Credit Company Inc. 5.25% Series E Term Preferred Stock Due 2026,uniwersum,nie akcja zwykła (nazwa),https://api.nasdaq.com/api/screener/stocks?tableonly=true&download=true&exchange=nasdaq
OFSSH,OFS Capital Corporation 4.95% Notes due 2028,uniwersum,nie akcja zwykła (nazwa),https://api.nasdaq.com/api/screener/stocks?tableonly=true&download=true&exchange=nasdaq
OXSQG,Oxford Square Capital Corp. 5.50% Notes due 2028,uniwersum,nie akcja zwykła (nazwa),https://api.nasdaq.com/api/screener/stocks?tableonly=true&download=true&exchange=nasdaq
OZKAP,Bank OZK 4.625% Series A Non-Cumulative Perpetual Preferred Stock,uniwersum,nie akcja zwykła (nazwa),https://api.nasdaq.com/api/screener/stocks?tableonly=true&download=true&exchange=nasdaq
PCTTU,PureCycle Technologies Inc. Unit,uniwersum,nie akcja zwykła (nazwa),https://api.nasdaq.com/api/screener/stocks?tableonly=true&download=true&exchange=nasdaq
PFBC,Preferred Bank Common Stock,uniwersum,nie akcja zwykła (nazwa),https://api.nasdaq.com/api/screener/stocks?tableonly=true&download=true&exchange=nasdaq
PHOE,Phoenix Asia Holdings Limited Ordinary Shares,uniwersum,spółka z Hongkongu,https://api.nasdaq.com/api/screener/stocks?tableonly=true&download=true&exchange=nasdaq
PONY,Pony AI Inc. American Depositary Shares,uniwersum,spółka z Chin,https://api.nasdaq.com/api/screener/stocks?tableonly=true&download=true&exchange=nasdaq
POWWP,Outdoor Holding Company 8.75% Series A Cumulative Redeemable Perpetual Preferred Stock,uniwersum,nie akcja zwykła (nazwa),https://api.nasdaq.com/api/screener/stocks?tableonly=true&download=true&exchange=nasdaq
PRE,Prenetics Global Limited Class A Ordinary Share,uniwersum,spółka z Hongkongu,https://api.nasdaq.com/api/screener/stocks?tableonly=true&download=true&exchange=nasdaq
QFIN,Qfin Holdings Inc. American Depositary Shares,uniwersum,spółka z Chin,https://api.nasdaq.com/api/screener/stocks?tableonly=true&download=true&exchange=nasdaq
RGTIW,Rigetti Computing Inc. Warrants,uniwersum,nie akcja zwykła (nazwa),https://api.nasdaq.com/api/screener/stocks?tableonly=true&download=true&exchange=nasdaq
RILYG,BRC Group Holdings Inc. 5.00% Senior Notes due 2026,uniwersum,nie akcja zwykła (nazwa),https://api.nasdaq.com/api/screener/stocks?tableonly=true&download=true&exchange=nasdaq
RILYL,BRC Group Holdings Inc. Depositary Shares each representing 1/1000th in a share of 7.375% Series B Cumulative Perpetual Preferred Stock par value $0.0001,uniwersum,nie akcja zwykła (nazwa),https://api.nasdaq.com/api/screener/stocks?tableonly=true&download=true&exchange=nasdaq
RILYP,BRC Group Holdings Inc. Depositary Shares each representing a 1/1000th fractional interest in a share of Series A Cumulative Perpetual Preferred Stock,uniwersum,nie akcja zwykła (nazwa),https://api.nasdaq.com/api/screener/stocks?tableonly=true&download=true&exchange=nasdaq
RILYT,BRC Group Holdings Inc. 6.00% Senior Notes Due 2028,uniwersum,nie akcja zwykła (nazwa),https://api.nasdaq.com/api/screener/stocks?tableonly=true&download=true&exchange=nasdaq
RILYZ,BRC Group Holdings Inc. 5.25% Senior Notes due 2028,uniwersum,nie akcja zwykła (nazwa),https://api.nasdaq.com/api/screener/stocks?tableonly=true&download=true&exchange=nasdaq
ROMA,Roma Green Finance Limited Class A Ordinary Shares,uniwersum,spółka z Hongkongu,https://api.nasdaq.com/api/screener/stocks?tableonly=true&download=true&exchange=nasdaq
RUMBW,RUM Group Inc. Warrant,uniwersum,nie akcja zwykła (nazwa),https://api.nasdaq.com/api/screener/stocks?tableonly=true&download=true&exchange=nasdaq
RVMDW,Revolution Medicines Inc. Warrant,uniwersum,nie akcja zwykła (nazwa),https://api.nasdaq.com/api/screener/stocks?tableonly=true&download=true&exchange=nasdaq
RWAYL,Runway Growth Finance Corp. 7.50% Notes due 2027,uniwersum,nie akcja zwykła (nazwa),https://api.nasdaq.com/api/screener/stocks?tableonly=true&download=true&exchange=nasdaq
SIGIP,Selective Insurance Group Inc. Depositary Shares each representing a 1/1000th interest in a share of 4.60% Non-Cumulative Preferred Stock Series B,uniwersum,nie akcja zwykła (nazwa),https://api.nasdaq.com/api/screener/stocks?tableonly=true&download=true&exchange=nasdaq
SLNHP,Soluna Holdings Inc 9.0% Series A Cumulative Perpetual Preferred Stock,uniwersum,nie akcja zwykła (nazwa),https://api.nasdaq.com/api/screener/stocks?tableonly=true&download=true&exchange=nasdaq
SOHU,Sohu.com Limited American Depositary Shares,uniwersum,spółka z Chin,https://api.nasdaq.com/api/screener/stocks?tableonly=true&download=true&exchange=nasdaq
SUPX,SuperX AI Technology Limited Ordinary Shares,uniwersum,spółka z Hongkongu,https://api.nasdaq.com/api/screener/stocks?tableonly=true&download=true&exchange=nasdaq
SVC,Service Properties Trust Common Shares of Beneficial Interest,uniwersum,REIT (branża),https://api.nasdaq.com/api/screener/stocks?tableonly=true&download=true&exchange=nasdaq
SVREW,SaverOne 2014 Ltd. Warrant,uniwersum,nie akcja zwykła (nazwa),https://api.nasdaq.com/api/screener/stocks?tableonly=true&download=true&exchange=nasdaq
SWKHL,SWK Holdings Corporation 9.00% Senior Notes due 2027,uniwersum,nie akcja zwykła (nazwa),https://api.nasdaq.com/api/screener/stocks?tableonly=true&download=true&exchange=nasdaq
TACO,Berto Acquisition Corp. Ordinary Shares,uniwersum,SPAC (nazwa),https://api.nasdaq.com/api/screener/stocks?tableonly=true&download=true&exchange=nasdaq
TIGR,UP Fintech Holding Ltd American Depositary Share representing fifteen Class A Ordinary Shares,uniwersum,nie akcja zwykła (nazwa),https://api.nasdaq.com/api/screener/stocks?tableonly=true&download=true&exchange=nasdaq
TJGC,TJGC Group Limited Class A Ordinary Shares,uniwersum,spółka z Hongkongu,https://api.nasdaq.com/api/screener/stocks?tableonly=true&download=true&exchange=nasdaq
TOP,TOP Financial Group Limited Class A Ordinary Shares,uniwersum,spółka z Hongkongu,https://api.nasdaq.com/api/screener/stocks?tableonly=true&download=true&exchange=nasdaq
UFCS,United Fire Group Inc. Common Stock,uniwersum,nie akcja zwykła (nazwa),https://api.nasdaq.com/api/screener/stocks?tableonly=true&download=true&exchange=nasdaq
UMBFO,UMB Financial Corporation Depositary Shares Each Representing a 1/400th Interest in a Share of 7.750% Fixed-Rate Reset Non-Cumulative Perpetual Preferred Stock Series B,uniwersum,nie akcja zwykła (nazwa),https://api.nasdaq.com/api/screener/stocks?tableonly=true&download=true&exchange=nasdaq
UNIT,Uniti Group Inc. Common Stock,uniwersum,nie akcja zwykła (nazwa),https://api.nasdaq.com/api/screener/stocks?tableonly=true&download=true&exchange=nasdaq
UNTY,Unity Bancorp Inc. Common Stock,uniwersum,nie akcja zwykła (nazwa),https://api.nasdaq.com/api/screener/stocks?tableonly=true&download=true&exchange=nasdaq
USLM,United States Lime & Minerals Inc. Common Stock,uniwersum,nie akcja zwykła (nazwa),https://api.nasdaq.com/api/screener/stocks?tableonly=true&download=true&exchange=nasdaq
VFSWW,VinFast Auto Ltd. Warrant,uniwersum,nie akcja zwykła (nazwa),https://api.nasdaq.com/api/screener/stocks?tableonly=true&download=true&exchange=nasdaq
VNET,VNET Group Inc. American Depositary Shares,uniwersum,spółka z Chin,https://api.nasdaq.com/api/screener/stocks?tableonly=true&download=true&exchange=nasdaq
VSECU,VSE Corporation Tangible Equity Units,uniwersum,nie akcja zwykła (nazwa),https://api.nasdaq.com/api/screener/stocks?tableonly=true&download=true&exchange=nasdaq
WB,Weibo Corporation American Depositary Share,uniwersum,spółka z Chin,https://api.nasdaq.com/api/screener/stocks?tableonly=true&download=true&exchange=nasdaq
WHFCL,WhiteHorse Finance Inc. 7.875% Notes due 2028,uniwersum,nie akcja zwykła (nazwa),https://api.nasdaq.com/api/screener/stocks?tableonly=true&download=true&exchange=nasdaq
WRD,WeRide Inc. American Depositary Shares,uniwersum,spółka z Chin,https://api.nasdaq.com/api/screener/stocks?tableonly=true&download=true&exchange=nasdaq
WSBCO,WesBanco Inc. Depositary Shares each representing 1/40th interest in a share of 7.375% Fixed-Rate Reset Non-Cumulative Perpetual Preferred Stock Series B,uniwersum,nie akcja zwykła (nazwa),https://api.nasdaq.com/api/screener/stocks?tableonly=true&download=true&exchange=nasdaq
WTFCN,Wintrust Financial Corporation Depositary Shares Each Representing a 1/1000th Interest in a Share of 7.875% Fixed-Rate Reset Non-Cumulative Perpetual Preferred StocK,uniwersum,nie akcja zwykła (nazwa),https://api.nasdaq.com/api/screener/stocks?tableonly=true&download=true&exchange=nasdaq
XNET,Xunlei Limited American Depositary Shares,uniwersum,spółka z Chin,https://api.nasdaq.com/api/screener/stocks?tableonly=true&download=true&exchange=nasdaq
YB,Yuanbao Inc. American Depositary Shares,uniwersum,spółka z Chin,https://api.nasdaq.com/api/screener/stocks?tableonly=true&download=true&exchange=nasdaq
ZIONP,Zions Bancorporation N.A. Depositary Shares (Each representing 1/40th Interest in a Share of Series A Floating-Rate Non-Cumulative Perpetual Preferred Stock),uniwersum,nie akcja zwykła (nazwa),https://api.nasdaq.com/api/screener/stocks?tableonly=true&download=true&exchange=nasdaq
ZJYL,JIN MEDICAL INTERNATIONAL LTD. Class A Ordinary Shares,uniwersum,spółka z Chin,https://api.nasdaq.com/api/screener/stocks?tableonly=true&download=true&exchange=nasdaq
ZLAB,Zai Lab Limited American Depositary Shares,uniwersum,spółka z Chin,https://api.nasdaq.com/api/screener/stocks?tableonly=true&download=true&exchange=nasdaq
AAC,Ares Acquisition Corporation III Class A Ordinary Shares,uniwersum,SPAC (nazwa),https://api.nasdaq.com/api/screener/stocks?tableonly=true&download=true&exchange=nyse
AAT,American Assets Trust Inc. Common Stock,uniwersum,REIT (branża),https://api.nasdaq.com/api/screener/stocks?tableonly=true&download=true&exchange=nyse
AB,AllianceBernstein Holding L.P.  Units,uniwersum,nie akcja zwykła (nazwa),https://api.nasdaq.com/api/screener/stocks?tableonly=true&download=true&exchange=nyse
ABR,Arbor Realty Trust Common Stock,uniwersum,REIT (branża),https://api.nasdaq.com/api/screener/stocks?tableonly=true&download=true&exchange=nyse
ABXL,Abacus Global Management Inc. 9.875% Fixed Rate Senior Notes due 2028,uniwersum,nie akcja zwykła (nazwa),https://api.nasdaq.com/api/screener/stocks?tableonly=true&download=true&exchange=nyse
AFGB,American Financial Group Inc. 5.875% Subordinated Debentures due 2059,uniwersum,nie akcja zwykła (nazwa),https://api.nasdaq.com/api/screener/stocks?tableonly=true&download=true&exchange=nyse
AFGC,American Financial Group Inc. 5.125% Subordinated Debentures due 2059,uniwersum,nie akcja zwykła (nazwa),https://api.nasdaq.com/api/screener/stocks?tableonly=true&download=true&exchange=nyse
AFGD,American Financial Group Inc. 5.625% Subordinated Debentures due 2060,uniwersum,nie akcja zwykła (nazwa),https://api.nasdaq.com/api/screener/stocks?tableonly=true&download=true&exchange=nyse
AFGE,American Financial Group Inc. 4.500% Subordinated Debentures due 2060,uniwersum,nie akcja zwykła (nazwa),https://api.nasdaq.com/api/screener/stocks?tableonly=true&download=true&exchange=nyse
AIZN,Assurant Inc. 5.25% Subordinated Notes due 2061,uniwersum,nie akcja zwykła (nazwa),https://api.nasdaq.com/api/screener/stocks?tableonly=true&download=true&exchange=nyse
AKR,Acadia Realty Trust Common Stock,uniwersum,REIT (branża),https://api.nasdaq.com/api/screener/stocks?tableonly=true&download=true&exchange=nyse
ALX,Alexander's Inc. Common Stock,uniwersum,REIT (branża),https://api.nasdaq.com/api/screener/stocks?tableonly=true&download=true&exchange=nyse
ARI,Apollo Commercial Real Estate Finance Inc,uniwersum,REIT (branża),https://api.nasdaq.com/api/screener/stocks?tableonly=true&download=true&exchange=nyse
ARR,ARMOUR Residential REIT Inc.,uniwersum,REIT (branża),https://api.nasdaq.com/api/screener/stocks?tableonly=true&download=true&exchange=nyse
ATHM,Autohome Inc. American Depositary Shares each representing four class A ordinary shares.,uniwersum,spółka z Chin,https://api.nasdaq.com/api/screener/stocks?tableonly=true&download=true&exchange=nyse
BDN,Brandywine Realty Trust Common Stock,uniwersum,REIT (branża),https://api.nasdaq.com/api/screener/stocks?tableonly=true&download=true&exchange=nyse
BFS,Saul Centers Inc. Common Stock,uniwersum,REIT (branża),https://api.nasdaq.com/api/screener/stocks?tableonly=true&download=true&exchange=nyse
BRSP,BrightSpire Capital Inc. Class A Common Stock,uniwersum,REIT (branża),https://api.nasdaq.com/api/screener/stocks?tableonly=true&download=true&exchange=nyse
BSM,Black Stone Minerals L.P. Common units representing limited partner interests,uniwersum,nie akcja zwykła (nazwa),https://api.nasdaq.com/api/screener/stocks?tableonly=true&download=true&exchange=nyse
BXMT,Blackstone Mortgage Trust Inc. Common Stock,uniwersum,REIT (branża),https://api.nasdaq.com/api/screener/stocks?tableonly=true&download=true&exchange=nyse
CAPL,CrossAmerica Partners LP Common Units representing limited partner interests,uniwersum,nie akcja zwykła (nazwa),https://api.nasdaq.com/api/screener/stocks?tableonly=true&download=true&exchange=nyse
CBL,CBL & Associates Properties Inc. Common Stock,uniwersum,REIT (branża),https://api.nasdaq.com/api/screener/stocks?tableonly=true&download=true&exchange=nyse
CHCT,Community Healthcare Trust Incorporated Common Stock,uniwersum,REIT (branża),https://api.nasdaq.com/api/screener/stocks?tableonly=true&download=true&exchange=nyse
CIM,Chimera Investment Corporation Common Stock,uniwersum,REIT (branża),https://api.nasdaq.com/api/screener/stocks?tableonly=true&download=true&exchange=nyse
CIMN,Chimera Investment Corporation 9.000% Senior Notes due 2029,uniwersum,nie akcja zwykła (nazwa),https://api.nasdaq.com/api/screener/stocks?tableonly=true&download=true&exchange=nyse
CLDT,Chatham Lodging Trust (REIT) Common Shares of Beneficial Interest,uniwersum,REIT (branża),https://api.nasdaq.com/api/screener/stocks?tableonly=true&download=true&exchange=nyse
CPRI,Capri Holdings Limited Ordinary Shares,uniwersum,spółka z Hongkongu,https://api.nasdaq.com/api/screener/stocks?tableonly=true&download=true&exchange=nyse
CSR,D/B/A Centerspace Common Stock,uniwersum,REIT (branża),https://api.nasdaq.com/api/screener/stocks?tableonly=true&download=true&exchange=nyse
CTO,CTO Realty Growth Inc. Common Stock,uniwersum,REIT (branża),https://api.nasdaq.com/api/screener/stocks?tableonly=true&download=true&exchange=nyse
CUBB,Customers Bancorp Inc 5.375% Subordinated Notes Due 2034,uniwersum,nie akcja zwykła (nazwa),https://api.nasdaq.com/api/screener/stocks?tableonly=true&download=true&exchange=nyse
CXW,CoreCivic Inc. Common Stock,uniwersum,REIT (branża),https://api.nasdaq.com/api/screener/stocks?tableonly=true&download=true&exchange=nyse
DAO,Youdao Inc. American Depositary Shares each representing one Class A Ordinary Share,uniwersum,spółka z Chin,https://api.nasdaq.com/api/screener/stocks?tableonly=true&download=true&exchange=nyse
DCBG,Dime Commercial Bancshares Inc. 9.000% Junior Subordinated Notes,uniwersum,nie akcja zwykła (nazwa),https://api.nasdaq.com/api/screener/stocks?tableonly=true&download=true&exchange=nyse
DEA,Easterly Government Properties Inc. Common Stock,uniwersum,REIT (branża),https://api.nasdaq.com/api/screener/stocks?tableonly=true&download=true&exchange=nyse
DEI,Douglas Emmett Inc. Common Stock,uniwersum,REIT (branża),https://api.nasdaq.com/api/screener/stocks?tableonly=true&download=true&exchange=nyse
DKL,Delek Logistics Partners L.P. Common Units representing Limited Partner Interests,uniwersum,nie akcja zwykła (nazwa),https://api.nasdaq.com/api/screener/stocks?tableonly=true&download=true&exchange=nyse
DQ,DAQO New Energy Corp. American Depositary Shares each representing five ordinary shares,uniwersum,spółka z Chin,https://api.nasdaq.com/api/screener/stocks?tableonly=true&download=true&exchange=nyse
DTB,DTE Energy Company 2020 Series G 4.375% Junior Subordinated Debentures due 2080,uniwersum,nie akcja zwykła (nazwa),https://api.nasdaq.com/api/screener/stocks?tableonly=true&download=true&exchange=nyse
DTG,DTE Energy Company 2021 Series E 4.375% Junior Subordinated Debentures,uniwersum,nie akcja zwykła (nazwa),https://api.nasdaq.com/api/screener/stocks?tableonly=true&download=true&exchange=nyse
DX,Dynex Capital Inc. Common Stock,uniwersum,REIT (branża),https://api.nasdaq.com/api/screener/stocks?tableonly=true&download=true&exchange=nyse
ECCC,Eagle Point Credit Company 6.50% Series C Term Preferred Stock due 2031,uniwersum,nie akcja zwykła (nazwa),https://api.nasdaq.com/api/screener/stocks?tableonly=true&download=true&exchange=nyse
ECCV,Eagle Point Credit Company 5.375% Notes due 2029,uniwersum,nie akcja zwykła (nazwa),https://api.nasdaq.com/api/screener/stocks?tableonly=true&download=true&exchange=nyse
ESRT,Empire State Realty Trust Inc. Class A Common Stock,uniwersum,REIT (branża),https://api.nasdaq.com/api/screener/stocks?tableonly=true&download=true&exchange=nyse
FBRT,Franklin BSP Realty Trust Inc. Common Stock,uniwersum,REIT (branża),https://api.nasdaq.com/api/screener/stocks?tableonly=true&download=true&exchange=nyse
FCPT,Four Corners Property Trust Inc. Common Stock,uniwersum,REIT (branża),https://api.nasdaq.com/api/screener/stocks?tableonly=true&download=true&exchange=nyse
FGN,F&G Annuities & Life Inc. 7.950% Senior Notes due 2053,uniwersum,nie akcja zwykła (nazwa),https://api.nasdaq.com/api/screener/stocks?tableonly=true&download=true&exchange=nyse
FPI,Farmland Partners Inc. Common Stock,uniwersum,REIT (branża),https://api.nasdaq.com/api/screener/stocks?tableonly=true&download=true&exchange=nyse
FVR,FrontView REIT Inc. Common Stock,uniwersum,REIT (branża),https://api.nasdaq.com/api/screener/stocks?tableonly=true&download=true&exchange=nyse
GEL,Genesis Energy L.P. Common Units,uniwersum,nie akcja zwykła (nazwa),https://api.nasdaq.com/api/screener/stocks?tableonly=true&download=true&exchange=nyse
GLP,Global Partners LP Common Units representing Limited Partner Interests,uniwersum,nie akcja zwykła (nazwa),https://api.nasdaq.com/api/screener/stocks?tableonly=true&download=true&exchange=nyse
GNL,Global Net Lease Inc. Common Stock,uniwersum,REIT (branża),https://api.nasdaq.com/api/screener/stocks?tableonly=true&download=true&exchange=nyse
GOTU,Gaotu Techedu Inc. American Depositary Shares,uniwersum,spółka z Chin,https://api.nasdaq.com/api/screener/stocks?tableonly=true&download=true&exchange=nyse
HIW,Highwoods Properties Inc. Common Stock,uniwersum,REIT (branża),https://api.nasdaq.com/api/screener/stocks?tableonly=true&download=true&exchange=nyse
HTFC,Horizon Technology Finance Corporation 6.25% Notes due 2027,uniwersum,nie akcja zwykła (nazwa),https://api.nasdaq.com/api/screener/stocks?tableonly=true&download=true&exchange=nyse
HTT,High Templar Tech Limited American depositary shares each representing one Class A ordinary share,uniwersum,spółka z Chin,https://api.nasdaq.com/api/screener/stocks?tableonly=true&download=true&exchange=nyse
INN,Summit Hotel Properties Inc. Common Stock,uniwersum,REIT (branża),https://api.nasdaq.com/api/screener/stocks?tableonly=true&download=true&exchange=nyse
IVR,INVESCO MORTGAGE CAPITAL INC Common Stock,uniwersum,REIT (branża),https://api.nasdaq.com/api/screener/stocks?tableonly=true&download=true&exchange=nyse
IVT,InvenTrust Properties Corp. Common Stock,uniwersum,REIT (branża),https://api.nasdaq.com/api/screener/stocks?tableonly=true&download=true&exchange=nyse
JBGS,JBG SMITH Properties Common Shares,uniwersum,REIT (branża),https://api.nasdaq.com/api/screener/stocks?tableonly=true&download=true&exchange=nyse
JKS,JinkoSolar Holding Company Limited American Depositary Shares (each representing 4 Common Shares),uniwersum,spółka z Chin,https://api.nasdaq.com/api/screener/stocks?tableonly=true&download=true&exchange=nyse
KMPB,Kemper Corporation 5.875% Fixed-Rate Reset Junior Subordinated Debentures due 2062,uniwersum,nie akcja zwykła (nazwa),https://api.nasdaq.com/api/screener/stocks?tableonly=true&download=true&exchange=nyse
KNOP,KNOT Offshore Partners LP Common Units representing Limited Partner Interests,uniwersum,nie akcja zwykła (nazwa),https://api.nasdaq.com/api/screener/stocks?tableonly=true&download=true&exchange=nyse
KREF,KKR Real Estate Finance Trust Inc. Common Stock,uniwersum,REIT (branża),https://api.nasdaq.com/api/screener/stocks?tableonly=true&download=true&exchange=nyse
KRP,Kimbell Royalty Partners Common Units Representing Limited Partner Interests,uniwersum,nie akcja zwykła (nazwa),https://api.nasdaq.com/api/screener/stocks?tableonly=true&download=true&exchange=nyse
LADR,Ladder Capital Corp Class A Common Stock,uniwersum,REIT (branża),https://api.nasdaq.com/api/screener/stocks?tableonly=true&download=true&exchange=nyse
LTC,LTC Properties Inc. Common Stock,uniwersum,REIT (branża),https://api.nasdaq.com/api/screener/stocks?tableonly=true&download=true&exchange=nyse
LU,Lufax Holding Ltd American Depositary Shares each representing two (2) Ordinary Shares,uniwersum,spółka z Chin,https://api.nasdaq.com/api/screener/stocks?tableonly=true&download=true&exchange=nyse
MFA,MFA Financial Inc.,uniwersum,REIT (branża),https://api.nasdaq.com/api/screener/stocks?tableonly=true&download=true&exchange=nyse
MFAN,MFA Financial Inc. 8.875% Senior Notes due 2029,uniwersum,nie akcja zwykła (nazwa),https://api.nasdaq.com/api/screener/stocks?tableonly=true&download=true&exchange=nyse
MFAO,MFA Financial Inc. 9.000% Senior Notes due 2029,uniwersum,nie akcja zwykła (nazwa),https://api.nasdaq.com/api/screener/stocks?tableonly=true&download=true&exchange=nyse
MGR,Affiliated Managers Group Inc. 5.875% Junior Subordinated Notes due 2059,uniwersum,nie akcja zwykła (nazwa),https://api.nasdaq.com/api/screener/stocks?tableonly=true&download=true&exchange=nyse
MGRB,Affiliated Managers Group Inc. 4.750% Junior Subordinated Notes due 2060,uniwersum,nie akcja zwykła (nazwa),https://api.nasdaq.com/api/screener/stocks?tableonly=true&download=true&exchange=nyse
MGRD,Affiliated Managers Group Inc. 4.200% Junior Subordinated Notes due 2061,uniwersum,nie akcja zwykła (nazwa),https://api.nasdaq.com/api/screener/stocks?tableonly=true&download=true&exchange=nyse
MGRE,Affiliated Managers Group Inc. 6.750% Junior Subordinated Notes due 2064,uniwersum,nie akcja zwykła (nazwa),https://api.nasdaq.com/api/screener/stocks?tableonly=true&download=true&exchange=nyse
MITN,TPG Mortgage Investment Trust Inc. 9.500% Senior Notes due 2029,uniwersum,nie akcja zwykła (nazwa),https://api.nasdaq.com/api/screener/stocks?tableonly=true&download=true&exchange=nyse
MITP,TPG Mortgage Investment Trust Inc. 9.500% Senior Notes due 2029,uniwersum,nie akcja zwykła (nazwa),https://api.nasdaq.com/api/screener/stocks?tableonly=true&download=true&exchange=nyse
MNR,Mach Natural Resources LP Common Units representing Limited Partner Interests,uniwersum,nie akcja zwykła (nazwa),https://api.nasdaq.com/api/screener/stocks?tableonly=true&download=true&exchange=nyse
MNSO,MINISO Group Holding Limited American Depositary Shares each representing four Ordinary Shares,uniwersum,spółka z Chin,https://api.nasdaq.com/api/screener/stocks?tableonly=true&download=true&exchange=nyse
MPT,Medical Properties Trust Inc. common stock,uniwersum,REIT (branża),https://api.nasdaq.com/api/screener/stocks?tableonly=true&download=true&exchange=nyse
MTAL,Metals Acquisition Corp. II Class A Ordinary Shares,uniwersum,SPAC (nazwa),https://api.nasdaq.com/api/screener/stocks?tableonly=true&download=true&exchange=nyse
NGL,NGL ENERGY PARTNERS LP Common Units representing Limited Partner Interests,uniwersum,nie akcja zwykła (nazwa),https://api.nasdaq.com/api/screener/stocks?tableonly=true&download=true&exchange=nyse
NHI,National Health Investors Inc. Common Stock,uniwersum,REIT (branża),https://api.nasdaq.com/api/screener/stocks?tableonly=true&download=true&exchange=nyse
NMM,Navios Maritime Partners LP Common Units Representing Limited Partner Interests,uniwersum,nie akcja zwykła (nazwa),https://api.nasdaq.com/api/screener/stocks?tableonly=true&download=true&exchange=nyse
NOAH,Noah Holdings Limited American Depositary Shares,uniwersum,spółka z Chin,https://api.nasdaq.com/api/screener/stocks?tableonly=true&download=true&exchange=nyse
NREF,NexPoint Real Estate Finance Inc. Common Stock,uniwersum,REIT (branża),https://api.nasdaq.com/api/screener/stocks?tableonly=true&download=true&exchange=nyse
NTST,NetSTREIT Corp. Common Stock,uniwersum,REIT (branża),https://api.nasdaq.com/api/screener/stocks?tableonly=true&download=true&exchange=nyse
NXRT,NexPoint Residential Trust Inc. Common Stock,uniwersum,REIT (branża),https://api.nasdaq.com/api/screener/stocks?tableonly=true&download=true&exchange=nyse
OLP,One Liberty Properties Inc. Common Stock,uniwersum,REIT (branża),https://api.nasdaq.com/api/screener/stocks?tableonly=true&download=true&exchange=nyse
ORC,Orchid Island Capital Inc. Common Stock,uniwersum,REIT (branża),https://api.nasdaq.com/api/screener/stocks?tableonly=true&download=true&exchange=nyse
PEB,Pebblebrook Hotel Trust Common Shares of Beneficial Interest,uniwersum,REIT (branża),https://api.nasdaq.com/api/screener/stocks?tableonly=true&download=true&exchange=nyse
PINE,Alpine Income Property Trust Inc. Common Stock,uniwersum,REIT (branża),https://api.nasdaq.com/api/screener/stocks?tableonly=true&download=true&exchange=nyse
PMT,PennyMac Mortgage Investment Trust Common Shares of Beneficial Interest,uniwersum,REIT (branża),https://api.nasdaq.com/api/screener/stocks?tableonly=true&download=true&exchange=nyse
PMTU,PennyMac Mortgage Investment Trust 8.50% Senior Notes due 2028,uniwersum,nie akcja zwykła (nazwa),https://api.nasdaq.com/api/screener/stocks?tableonly=true&download=true&exchange=nyse
PRKS,United Parks & Resorts Inc. Common Stock,uniwersum,nie akcja zwykła (nazwa),https://api.nasdaq.com/api/screener/stocks?tableonly=true&download=true&exchange=nyse
PSF,Cohen & Steers Select Preferred and Income Fund Inc. Common Stock,uniwersum,nie akcja zwykła (nazwa),https://api.nasdaq.com/api/screener/stocks?tableonly=true&download=true&exchange=nyse
PSTL,Postal Realty Trust Inc. Class A Common Stock,uniwersum,REIT (branża),https://api.nasdaq.com/api/screener/stocks?tableonly=true&download=true&exchange=nyse
PTA,Cohen & Steers Tax-Advantaged Preferred Securities and Income Fund Common Shares of Beneficial Interest,uniwersum,nie akcja zwykła (nazwa),https://api.nasdaq.com/api/screener/stocks?tableonly=true&download=true&exchange=nyse
RLJ,RLJ Lodging Trust Common Shares of Beneficial Interest $0.01 par value,uniwersum,REIT (branża),https://api.nasdaq.com/api/screener/stocks?tableonly=true&download=true&exchange=nyse
RLX,RLX Technology Inc. American Depositary Shares each representing the right to receive one (1) Class A ordinary share,uniwersum,nie akcja zwykła (nazwa),https://api.nasdaq.com/api/screener/stocks?tableonly=true&download=true&exchange=nyse
RNP,Cohen & Steers REIT and Preferred and Income Fund Inc. Common Shares,uniwersum,nie akcja zwykła (nazwa),https://api.nasdaq.com/api/screener/stocks?tableonly=true&download=true&exchange=nyse
RWT,Redwood Trust Inc. Common Stock,uniwersum,REIT (branża),https://api.nasdaq.com/api/screener/stocks?tableonly=true&download=true&exchange=nyse
RWTN,Redwood Trust Inc. 9.125% Senior Notes Due 2029,uniwersum,nie akcja zwykła (nazwa),https://api.nasdaq.com/api/screener/stocks?tableonly=true&download=true&exchange=nyse
RWTO,Redwood Trust Inc. 9.00% Senior Notes Due 2029,uniwersum,nie akcja zwykła (nazwa),https://api.nasdaq.com/api/screener/stocks?tableonly=true&download=true&exchange=nyse
RZC,Reinsurance Group of America Incorporated 7.125% Fixed-Rate Reset Subordinated Debentures due 2052,uniwersum,nie akcja zwykła (nazwa),https://api.nasdaq.com/api/screener/stocks?tableonly=true&download=true&exchange=nyse
SAFE,Safehold Inc. New Common Stock,uniwersum,REIT (branża),https://api.nasdaq.com/api/screener/stocks?tableonly=true&download=true&exchange=nyse
SAJ,Saratoga Investment Corp 8.00% Notes due 2027,uniwersum,nie akcja zwykła (nazwa),https://api.nasdaq.com/api/screener/stocks?tableonly=true&download=true&exchange=nyse
SAY,Saratoga Investment Corp 8.125% Notes due 2027,uniwersum,nie akcja zwykła (nazwa),https://api.nasdaq.com/api/screener/stocks?tableonly=true&download=true&exchange=nyse
SAZ,Saratoga Investment Corp 8.50% Notes due 2028,uniwersum,nie akcja zwykła (nazwa),https://api.nasdaq.com/api/screener/stocks?tableonly=true&download=true&exchange=nyse
SFB,Stifel Financial Corporation 5.20% Senior Notes due 2047,uniwersum,nie akcja zwykła (nazwa),https://api.nasdaq.com/api/screener/stocks?tableonly=true&download=true&exchange=nyse
SMA,SmartStop Self Storage REIT Inc. Common Stock,uniwersum,REIT (branża),https://api.nasdaq.com/api/screener/stocks?tableonly=true&download=true&exchange=nyse
TCI,Transcontinental Realty Investors Inc. Common Stock,uniwersum,REIT (branża),https://api.nasdaq.com/api/screener/stocks?tableonly=true&download=true&exchange=nyse
TRNI,Trinity Capital Inc. 7.875% Notes Due 2029,uniwersum,nie akcja zwykła (nazwa),https://api.nasdaq.com/api/screener/stocks?tableonly=true&download=true&exchange=nyse
TRNZ,Trinity Capital Inc. 7.875% Notes due 2029,uniwersum,nie akcja zwykła (nazwa),https://api.nasdaq.com/api/screener/stocks?tableonly=true&download=true&exchange=nyse
TRTX,TPG RE Finance Trust Inc. Common Stock,uniwersum,REIT (branża),https://api.nasdaq.com/api/screener/stocks?tableonly=true&download=true&exchange=nyse
TUYA,Tuya Inc. American Depositary Shares each representing one Class A Ordinary Share,uniwersum,spółka z Chin,https://api.nasdaq.com/api/screener/stocks?tableonly=true&download=true&exchange=nyse
TXO,TXO Partners L.P. Common Units Representing Limited Partner Interests,uniwersum,nie akcja zwykła (nazwa),https://api.nasdaq.com/api/screener/stocks?tableonly=true&download=true&exchange=nyse
UAMY,United States Antimony Corporation Common Stock,uniwersum,nie akcja zwykła (nazwa),https://api.nasdaq.com/api/screener/stocks?tableonly=true&download=true&exchange=nyse
UAN,CVR Partners LP Common Units representing Limited Partner Interests,uniwersum,nie akcja zwykła (nazwa),https://api.nasdaq.com/api/screener/stocks?tableonly=true&download=true&exchange=nyse
UHT,Universal Health Realty Income Trust Common Stock,uniwersum,REIT (branża),https://api.nasdaq.com/api/screener/stocks?tableonly=true&download=true&exchange=nyse
UMH,UMH Properties Inc. Common Stock,uniwersum,REIT (branża),https://api.nasdaq.com/api/screener/stocks?tableonly=true&download=true&exchange=nyse
UNFI,United Natural Foods Inc. Common Stock,uniwersum,nie akcja zwykła (nazwa),https://api.nasdaq.com/api/screener/stocks?tableonly=true&download=true&exchange=nyse
UTL,UNITIL Corporation Common Stock,uniwersum,nie akcja zwykła (nazwa),https://api.nasdaq.com/api/screener/stocks?tableonly=true&download=true&exchange=nyse
UZD,Array Digital Infrastructure Inc. 6.250% Senior Notes due 2069,uniwersum,nie akcja zwykła (nazwa),https://api.nasdaq.com/api/screener/stocks?tableonly=true&download=true&exchange=nyse
UZE,Array Digital Infrastructure Inc. 5.500% Senior Notes due 2070,uniwersum,nie akcja zwykła (nazwa),https://api.nasdaq.com/api/screener/stocks?tableonly=true&download=true&exchange=nyse
UZF,Array Digital Infrastructure Inc. 5.500% Senior Notes due 2070,uniwersum,nie akcja zwykła (nazwa),https://api.nasdaq.com/api/screener/stocks?tableonly=true&download=true&exchange=nyse
WDH,Waterdrop Inc. American Depositary Shares (each representing the right to receive 10 Class A Ordinary Shares),uniwersum,nie akcja zwykła (nazwa),https://api.nasdaq.com/api/screener/stocks?tableonly=true&download=true&exchange=nyse
WLKP,Westlake Chemical Partners LP Common Units representing limited partner interests,uniwersum,nie akcja zwykła (nazwa),https://api.nasdaq.com/api/screener/stocks?tableonly=true&download=true&exchange=nyse
XIFR,XPLR Infrastructure LP Common Units representing limited partner interests,uniwersum,nie akcja zwykła (nazwa),https://api.nasdaq.com/api/screener/stocks?tableonly=true&download=true&exchange=nyse
XRN,Chiron Real Estate Inc. Common Stock,uniwersum,REIT (branża),https://api.nasdaq.com/api/screener/stocks?tableonly=true&download=true&exchange=nyse
ZH,Zhihu Inc. American Depositary Shares each representing three (3) Class A Ordinary Shares,uniwersum,spółka z Chin,https://api.nasdaq.com/api/screener/stocks?tableonly=true&download=true&exchange=nyse
SCCD,Sachem Capital Corp. 6.00% Notes due 2026,uniwersum,nie akcja zwykła (nazwa),https://api.nasdaq.com/api/screener/stocks?tableonly=true&download=true&exchange=amex
SCCE,Sachem Capital Corp. 6.00% Notes due 2027,uniwersum,nie akcja zwykła (nazwa),https://api.nasdaq.com/api/screener/stocks?tableonly=true&download=true&exchange=amex
SCCF,Sachem Capital Corp. 7.125% Notes due 2027,uniwersum,nie akcja zwykła (nazwa),https://api.nasdaq.com/api/screener/stocks?tableonly=true&download=true&exchange=amex
SCCG,Sachem Capital Corp. 8.00% Notes due 2027,uniwersum,nie akcja zwykła (nazwa),https://api.nasdaq.com/api/screener/stocks?tableonly=true&download=true&exchange=amex
ABAT,American Battery Technology Company Common Stock,kurs/technika,F5: kurs pod SMA50,https://query1.finance.yahoo.com/v8/finance/chart/ABAT?range=2y&interval=1d&includeAdjustedClose=true
ABEO,Abeona Therapeutics Inc. Common Stock,kurs/technika,F5: kurs pod SMA50,https://query1.finance.yahoo.com/v8/finance/chart/ABEO?range=2y&interval=1d&includeAdjustedClose=true
ABSI,Absci Corporation Common Stock,kurs/technika,F5: kurs pod SMA50,https://query1.finance.yahoo.com/v8/finance/chart/ABSI?range=2y&interval=1d&includeAdjustedClose=true
ABTC,American Bitcoin Corp. Class A Common Stock,kurs/technika,F5: kurs pod SMA50,https://query1.finance.yahoo.com/v8/finance/chart/ABTC?range=2y&interval=1d&includeAdjustedClose=true
ABUS,Arbutus Biopharma Corporation Common Stock,kurs/technika,"F3: beta <= 1,2 lub brak danych; F5: kurs pod SMA50",https://query1.finance.yahoo.com/v8/finance/chart/ABUS?range=2y&interval=1d&includeAdjustedClose=true
ACB,Aurora Cannabis Inc. Common Shares,kurs/technika,"F3: beta <= 1,2 lub brak danych",https://query1.finance.yahoo.com/v8/finance/chart/ACB?range=2y&interval=1d&includeAdjustedClose=true
ACDC,ProFrac Holding Corp. Class A Common Stock,kurs/technika,F5: kurs pod SMA50,https://query1.finance.yahoo.com/v8/finance/chart/ACDC?range=2y&interval=1d&includeAdjustedClose=true
ACHC,Acadia Healthcare Company Inc. Common Stock,kurs/technika,"F3: beta <= 1,2 lub brak danych; F4: kurs mniej niż 25% pod 52-tyg. szczytem; F5: kurs pod SMA50",https://query1.finance.yahoo.com/v8/finance/chart/ACHC?range=2y&interval=1d&includeAdjustedClose=true
ACHV,Achieve Life Sciences Inc. Common Shares,kurs/technika,F4: kurs mniej niż 25% pod 52-tyg. szczytem; F5: kurs pod SMA50,https://query1.finance.yahoo.com/v8/finance/chart/ACHV?range=2y&interval=1d&includeAdjustedClose=true
ACIC,American Coastal Insurance Corporation Common Stock,kurs/technika,"F3: beta <= 1,2 lub brak danych",https://query1.finance.yahoo.com/v8/finance/chart/ACIC?range=2y&interval=1d&includeAdjustedClose=true
ACNB,ACNB Corporation Common Stock,kurs/technika,"F3: beta <= 1,2 lub brak danych; F4: kurs mniej niż 25% pod 52-tyg. szczytem; F5: kurs pod SMA50",https://query1.finance.yahoo.com/v8/finance/chart/ACNB?range=2y&interval=1d&includeAdjustedClose=true
ACRS,Aclaris Therapeutics Inc. Common Stock,kurs/technika,F5: kurs pod SMA50,https://query1.finance.yahoo.com/v8/finance/chart/ACRS?range=2y&interval=1d&includeAdjustedClose=true
ACTG,Acacia Research Corporation (Acacia Tech) Common Stock,kurs/technika,"średni obrót < 2 mln USD; F3: beta <= 1,2 lub brak danych; F4: kurs mniej niż 25% pod 52-tyg. szczytem; F5: kurs pod SMA50",https://query1.finance.yahoo.com/v8/finance/chart/ACTG?range=2y&interval=1d&includeAdjustedClose=true
ADEA,Adeia Inc. Common Stock,kurs/technika,"F3: beta <= 1,2 lub brak danych; F5: kurs pod SMA50",https://query1.finance.yahoo.com/v8/finance/chart/ADEA?range=2y&interval=1d&includeAdjustedClose=true
ADMA,ADMA Biologics Inc Common Stock,kurs/technika,"F3: beta <= 1,2 lub brak danych",https://query1.finance.yahoo.com/v8/finance/chart/ADMA?range=2y&interval=1d&includeAdjustedClose=true
ADRX,ADARx Pharmaceuticals Inc. Common Stock,kurs,za krótka historia notowań (10 sesji),
ADSE,ADS-TEC ENERGY PLC Ordinary Shares,kurs/technika,"średni obrót < 2 mln USD; F3: beta <= 1,2 lub brak danych; F5: kurs pod SMA50",https://query1.finance.yahoo.com/v8/finance/chart/ADSE?range=2y&interval=1d&includeAdjustedClose=true
ADTN,ADTRAN Holdings Inc. Common Stock,kurs/technika,F5: kurs pod SMA50,https://query1.finance.yahoo.com/v8/finance/chart/ADTN?range=2y&interval=1d&includeAdjustedClose=true
ADUR,Aduro Clean Technologies Inc. Common Stock,kurs/technika,"F3: beta <= 1,2 lub brak danych; F5: kurs pod SMA50",https://query1.finance.yahoo.com/v8/finance/chart/ADUR?range=2y&interval=1d&includeAdjustedClose=true
ADUS,Addus HomeCare Corporation Common Stock,kurs/technika,"F3: beta <= 1,2 lub brak danych; F4: kurs mniej niż 25% pod 52-tyg. szczytem; F5: kurs pod SMA50",https://query1.finance.yahoo.com/v8/finance/chart/ADUS?range=2y&interval=1d&includeAdjustedClose=true
ADV,Advantage Solutions Inc. Class A Common Stock,kurs/technika,"F3: beta <= 1,2 lub brak danych; F5: kurs pod SMA50",https://query1.finance.yahoo.com/v8/finance/chart/ADV?range=2y&interval=1d&includeAdjustedClose=true
AEBI,Aebi Schmidt Holding AG Common Stock,kurs/technika,F5: kurs pod SMA50,https://query1.finance.yahoo.com/v8/finance/chart/AEBI?range=2y&interval=1d&includeAdjustedClose=true
AEHR,Aehr Test Systems Common Stock,kurs/technika,F5: kurs pod SMA50,https://query1.finance.yahoo.com/v8/finance/chart/AEHR?range=2y&interval=1d&includeAdjustedClose=true
AEVA,Aeva Technologies Inc. Common Stock,kurs/technika,F5: kurs pod SMA50,https://query1.finance.yahoo.com/v8/finance/chart/AEVA?range=2y&interval=1d&includeAdjustedClose=true
AFRI,Forafric Global PLC Ordinary Shares,kurs/technika,"średni obrót < 2 mln USD; F3: beta <= 1,2 lub brak danych; F4: kurs mniej niż 25% pod 52-tyg. szczytem",https://query1.finance.yahoo.com/v8/finance/chart/AFRI?range=2y&interval=1d&includeAdjustedClose=true
AFYA,Afya Limited Class A Common Shares,kurs/technika,"F3: beta <= 1,2 lub brak danych; F4: kurs mniej niż 25% pod 52-tyg. szczytem",https://query1.finance.yahoo.com/v8/finance/chart/AFYA?range=2y&interval=1d&includeAdjustedClose=true
AGCC,Agencia Comercial Spirits Ltd Class A Ordinary Shares,kurs/technika,"średni obrót < 2 mln USD; F3: beta <= 1,2 lub brak danych",https://query1.finance.yahoo.com/v8/finance/chart/AGCC?range=2y&interval=1d&includeAdjustedClose=true
AGEN,Agenus Inc. Common Stock,kurs/technika,F5: kurs pod SMA50,https://query1.finance.yahoo.com/v8/finance/chart/AGEN?range=2y&interval=1d&includeAdjustedClose=true
AGIO,Agios Pharmaceuticals Inc. Common Stock,kurs/technika,F5: kurs pod SMA50,https://query1.finance.yahoo.com/v8/finance/chart/AGIO?range=2y&interval=1d&includeAdjustedClose=true
AGMB,AgomAb Therapeutics NV American Depositary Shares,kurs/technika,"średni obrót < 2 mln USD; F3: beta <= 1,2 lub brak danych; F5: kurs pod SMA50",https://query1.finance.yahoo.com/v8/finance/chart/AGMB?range=2y&interval=1d&includeAdjustedClose=true
AGNT,AGNT Inc. Common Stock,kurs/technika,"F3: beta <= 1,2 lub brak danych; F5: kurs pod SMA50",https://query1.finance.yahoo.com/v8/finance/chart/AGNT?range=2y&interval=1d&includeAdjustedClose=true
AGYS,Agilysys Inc. Common Stock (DE),kurs/technika,"F3: beta <= 1,2 lub brak danych; F5: kurs pod SMA50",https://query1.finance.yahoo.com/v8/finance/chart/AGYS?range=2y&interval=1d&includeAdjustedClose=true
AHCO,AdaptHealth Corp. Common Stock,kurs/technika,"F3: beta <= 1,2 lub brak danych; F5: kurs pod SMA50",https://query1.finance.yahoo.com/v8/finance/chart/AHCO?range=2y&interval=1d&includeAdjustedClose=true
AIIR,Air Global PLC Ordinary Shares,kurs/technika,"średni obrót < 2 mln USD; F3: beta <= 1,2 lub brak danych",https://query1.finance.yahoo.com/v8/finance/chart/AIIR?range=2y&interval=1d&includeAdjustedClose=true
AIOT,PowerFleet Inc. Common Stock,kurs/technika,F5: kurs pod SMA50,https://query1.finance.yahoo.com/v8/finance/chart/AIOT?range=2y&interval=1d&includeAdjustedClose=true
AIP,Arteris Inc. Common Stock,kurs/technika,F5: kurs pod SMA50,https://query1.finance.yahoo.com/v8/finance/chart/AIP?range=2y&interval=1d&includeAdjustedClose=true
AIRJ,AirJoule Technologies Corporation Class A Common Stock,kurs/technika,F5: kurs pod SMA50,https://query1.finance.yahoo.com/v8/finance/chart/AIRJ?range=2y&interval=1d&includeAdjustedClose=true
AKTS,Aktis Oncology Inc. Common stock,kurs/technika,"F3: beta <= 1,2 lub brak danych; F5: kurs pod SMA50",https://query1.finance.yahoo.com/v8/finance/chart/AKTS?range=2y&interval=1d&includeAdjustedClose=true
ALCO,Alico Inc. Common Stock,kurs/technika,"średni obrót < 2 mln USD; F3: beta <= 1,2 lub brak danych; F4: kurs mniej niż 25% pod 52-tyg. szczytem; F5: kurs pod SMA50",https://query1.finance.yahoo.com/v8/finance/chart/ALCO?range=2y&interval=1d&includeAdjustedClose=true
ALGT,Allegiant Travel Company Common Stock,kurs/technika,F5: kurs pod SMA50,https://query1.finance.yahoo.com/v8/finance/chart/ALGT?range=2y&interval=1d&includeAdjustedClose=true
ALHC,Alignment Healthcare Inc. Common Stock,kurs/technika,"F3: beta <= 1,2 lub brak danych; F5: kurs pod SMA50",https://query1.finance.yahoo.com/v8/finance/chart/ALHC?range=2y&interval=1d&includeAdjustedClose=true
ALKT,Alkami Technology Inc. Common Stock,kurs/technika,F5: kurs pod SMA50,https://query1.finance.yahoo.com/v8/finance/chart/ALKT?range=2y&interval=1d&includeAdjustedClose=true
ALLO,Allogene Therapeutics Inc. Common Stock,kurs/technika,F5: kurs pod SMA50,https://query1.finance.yahoo.com/v8/finance/chart/ALLO?range=2y&interval=1d&includeAdjustedClose=true
ALMR,Alamar Biosciences Inc. Common Stock,kurs/technika,"F3: beta <= 1,2 lub brak danych; F5: kurs pod SMA50",https://query1.finance.yahoo.com/v8/finance/chart/ALMR?range=2y&interval=1d&includeAdjustedClose=true
ALMS,Alumis Inc. Common Stock,kurs/technika,"F3: beta <= 1,2 lub brak danych; F5: kurs pod SMA50",https://query1.finance.yahoo.com/v8/finance/chart/ALMS?range=2y&interval=1d&includeAdjustedClose=true
ALNT,Allient Inc. Common Stock,kurs/technika,F4: kurs mniej niż 25% pod 52-tyg. szczytem,https://query1.finance.yahoo.com/v8/finance/chart/ALNT?range=2y&interval=1d&includeAdjustedClose=true
ALOY,REalloys Inc. Common Stock,kurs/technika,F5: kurs pod SMA50,https://query1.finance.yahoo.com/v8/finance/chart/ALOY?range=2y&interval=1d&includeAdjustedClose=true
ALRM,Alarm.com Holdings Inc. Common Stock,kurs/technika,"F3: beta <= 1,2 lub brak danych; F4: kurs mniej niż 25% pod 52-tyg. szczytem; F5: kurs pod SMA50",https://query1.finance.yahoo.com/v8/finance/chart/ALRM?range=2y&interval=1d&includeAdjustedClose=true
ALRS,Alerus Financial Corporation Common Stock,kurs/technika,"F3: beta <= 1,2 lub brak danych; F4: kurs mniej niż 25% pod 52-tyg. szczytem; F5: kurs pod SMA50",https://query1.finance.yahoo.com/v8/finance/chart/ALRS?range=2y&interval=1d&includeAdjustedClose=true
ALT,Altimmune Inc. Common Stock,kurs/technika,F5: kurs pod SMA50,https://query1.finance.yahoo.com/v8/finance/chart/ALT?range=2y&interval=1d&includeAdjustedClose=true
ALTI,AlTi Global Inc. Class A Common Stock,kurs/technika,"średni obrót < 2 mln USD; F3: beta <= 1,2 lub brak danych; F5: kurs pod SMA50",https://query1.finance.yahoo.com/v8/finance/chart/ALTI?range=2y&interval=1d&includeAdjustedClose=true
ALTO,Alto Ingredients Inc. Common Stock,kurs/technika,"F3: beta <= 1,2 lub brak danych; F5: kurs pod SMA50",https://query1.finance.yahoo.com/v8/finance/chart/ALTO?range=2y&interval=1d&includeAdjustedClose=true
ALVO,Alvotech Ordinary Shares,kurs/technika,"F3: beta <= 1,2 lub brak danych",https://query1.finance.yahoo.com/v8/finance/chart/ALVO?range=2y&interval=1d&includeAdjustedClose=true
AMAL,Amalgamated Financial Corp. Common Stock (DE),kurs/technika,"F3: beta <= 1,2 lub brak danych; F4: kurs mniej niż 25% pod 52-tyg. szczytem; F5: kurs pod SMA50",https://query1.finance.yahoo.com/v8/finance/chart/AMAL?range=2y&interval=1d&includeAdjustedClose=true
AMBA,Ambarella Inc. Ordinary Shares,kurs/technika,F5: kurs pod SMA50,https://query1.finance.yahoo.com/v8/finance/chart/AMBA?range=2y&interval=1d&includeAdjustedClose=true
AMCX,AMC Global Media Inc. Class A Common Stock,kurs/technika,"F3: beta <= 1,2 lub brak danych; F4: kurs mniej niż 25% pod 52-tyg. szczytem; F5: kurs pod SMA50",https://query1.finance.yahoo.com/v8/finance/chart/AMCX?range=2y&interval=1d&includeAdjustedClose=true
AMPH,Amphastar Pharmaceuticals Inc. Common Stock,kurs/technika,"F3: beta <= 1,2 lub brak danych; F4: kurs mniej niż 25% pod 52-tyg. szczytem",https://query1.finance.yahoo.com/v8/finance/chart/AMPH?range=2y&interval=1d&includeAdjustedClose=true
AMPL,Amplitude Inc. Class A Common Stock,kurs/technika,F4: kurs mniej niż 25% pod 52-tyg. szczytem,https://query1.finance.yahoo.com/v8/finance/chart/AMPL?range=2y&interval=1d&includeAdjustedClose=true
AMSF,AMERISAFE Inc. Common Stock,kurs/technika,"F3: beta <= 1,2 lub brak danych; F5: kurs pod SMA50",https://query1.finance.yahoo.com/v8/finance/chart/AMSF?range=2y&interval=1d&includeAdjustedClose=true
ANAB,AnaptysBio Inc. Common Stock,kurs/technika,"F3: beta <= 1,2 lub brak danych; F5: kurs pod SMA50",https://query1.finance.yahoo.com/v8/finance/chart/ANAB?range=2y&interval=1d&includeAdjustedClose=true
ANDE,Andersons Inc. (The) Common Stock,kurs/technika,"F3: beta <= 1,2 lub brak danych; F4: kurs mniej niż 25% pod 52-tyg. szczytem; F5: kurs pod SMA50",https://query1.finance.yahoo.com/v8/finance/chart/ANDE?range=2y&interval=1d&includeAdjustedClose=true
ANGO,AngioDynamics Inc. Common Stock,kurs/technika,"F3: beta <= 1,2 lub brak danych; F5: kurs pod SMA50",https://query1.finance.yahoo.com/v8/finance/chart/ANGO?range=2y&interval=1d&includeAdjustedClose=true
ANIP,ANI Pharmaceuticals Inc.,kurs/technika,"F3: beta <= 1,2 lub brak danych; F5: kurs pod SMA50",https://query1.finance.yahoo.com/v8/finance/chart/ANIP?range=2y&interval=1d&includeAdjustedClose=true
ANL,Adlai Nortye Group Ltd. American Depositary Shares,kurs/technika,F4: kurs mniej niż 25% pod 52-tyg. szczytem; F5: kurs pod SMA50,https://query1.finance.yahoo.com/v8/finance/chart/ANL?range=2y&interval=1d&includeAdjustedClose=true
ANNX,Annexon Inc. Common Stock,kurs/technika,F5: kurs pod SMA50,https://query1.finance.yahoo.com/v8/finance/chart/ANNX?range=2y&interval=1d&includeAdjustedClose=true
APEI,American Public Education Inc. Common Stock,kurs/technika,"F3: beta <= 1,2 lub brak danych; F4: kurs mniej niż 25% pod 52-tyg. szczytem",https://query1.finance.yahoo.com/v8/finance/chart/APEI?range=2y&interval=1d&includeAdjustedClose=true
APMD,Apnimed Inc. Common Stock,kurs,za krótka historia notowań (49 sesji),
APOG,Apogee Enterprises Inc. Common Stock,kurs/technika,"F3: beta <= 1,2 lub brak danych; F4: kurs mniej niż 25% pod 52-tyg. szczytem",https://query1.finance.yahoo.com/v8/finance/chart/APOG?range=2y&interval=1d&includeAdjustedClose=true
APPN,Appian Corporation Class A Common Stock,kurs/technika,"F3: beta <= 1,2 lub brak danych; F4: kurs mniej niż 25% pod 52-tyg. szczytem",https://query1.finance.yahoo.com/v8/finance/chart/APPN?range=2y&interval=1d&includeAdjustedClose=true
APPS,Digital Turbine Inc. Common Stock,kurs/technika,F5: kurs pod SMA50,https://query1.finance.yahoo.com/v8/finance/chart/APPS?range=2y&interval=1d&includeAdjustedClose=true
AQST,Aquestive Therapeutics Inc. Common Stock,kurs/technika,"F3: beta <= 1,2 lub brak danych",https://query1.finance.yahoo.com/v8/finance/chart/AQST?range=2y&interval=1d&includeAdjustedClose=true
ARCB,ArcBest Corporation Common Stock,kurs/technika,F5: kurs pod SMA50,https://query1.finance.yahoo.com/v8/finance/chart/ARCB?range=2y&interval=1d&includeAdjustedClose=true
ARDX,Ardelyx Inc. Common Stock,kurs/technika,"F3: beta <= 1,2 lub brak danych; F5: kurs pod SMA50",https://query1.finance.yahoo.com/v8/finance/chart/ARDX?range=2y&interval=1d&includeAdjustedClose=true
ARHS,Arhaus Inc. Class A Common Stock,kurs/technika,F4: kurs mniej niż 25% pod 52-tyg. szczytem,https://query1.finance.yahoo.com/v8/finance/chart/ARHS?range=2y&interval=1d&includeAdjustedClose=true
ARKO,ARKO Corp. Common Stock,kurs/technika,F5: kurs pod SMA50,https://query1.finance.yahoo.com/v8/finance/chart/ARKO?range=2y&interval=1d&includeAdjustedClose=true
AROW,Arrow Financial Corporation Common Stock,kurs/technika,"F3: beta <= 1,2 lub brak danych; F4: kurs mniej niż 25% pod 52-tyg. szczytem; F5: kurs pod SMA50",https://query1.finance.yahoo.com/v8/finance/chart/AROW?range=2y&interval=1d&includeAdjustedClose=true
ARQQ,Arqit Quantum Inc. Ordinary Shares,kurs/technika,F5: kurs pod SMA50,https://query1.finance.yahoo.com/v8/finance/chart/ARQQ?range=2y&interval=1d&includeAdjustedClose=true
ARQT,Arcutis Biotherapeutics Inc. Common Stock,kurs/technika,"F3: beta <= 1,2 lub brak danych; F5: kurs pod SMA50",https://query1.finance.yahoo.com/v8/finance/chart/ARQT?range=2y&interval=1d&includeAdjustedClose=true
ARRY,Array Technologies Inc. Common Stock,kurs/technika,"F3: beta <= 1,2 lub brak danych; F5: kurs pod SMA50",https://query1.finance.yahoo.com/v8/finance/chart/ARRY?range=2y&interval=1d&includeAdjustedClose=true
ARTNA,Artesian Resources Corporation Class A Common Stock,kurs/technika,"średni obrót < 2 mln USD; F3: beta <= 1,2 lub brak danych; F4: kurs mniej niż 25% pod 52-tyg. szczytem; F5: kurs pod SMA50",https://query1.finance.yahoo.com/v8/finance/chart/ARTNA?range=2y&interval=1d&includeAdjustedClose=true
ARTV,Artiva Biotherapeutics Inc. Common Stock,kurs/technika,F5: kurs pod SMA50,https://query1.finance.yahoo.com/v8/finance/chart/ARTV?range=2y&interval=1d&includeAdjustedClose=true
ARVN,Arvinas Inc. Common Stock,kurs/technika,F5: kurs pod SMA50,https://query1.finance.yahoo.com/v8/finance/chart/ARVN?range=2y&interval=1d&includeAdjustedClose=true
ASMB,Assembly Biosciences Inc. Common Stock,kurs/technika,F5: kurs pod SMA50,https://query1.finance.yahoo.com/v8/finance/chart/ASMB?range=2y&interval=1d&includeAdjustedClose=true
ASO,Academy Sports and Outdoors Inc. Common Stock,kurs/technika,"F3: beta <= 1,2 lub brak danych; F4: kurs mniej niż 25% pod 52-tyg. szczytem",https://query1.finance.yahoo.com/v8/finance/chart/ASO?range=2y&interval=1d&includeAdjustedClose=true
ASPI,ASP Isotopes Inc. Common Stock,kurs/technika,F5: kurs pod SMA50,https://query1.finance.yahoo.com/v8/finance/chart/ASPI?range=2y&interval=1d&includeAdjustedClose=true
ASST,Strive Inc. Class A Common Stock,kurs/technika,"F3: beta <= 1,2 lub brak danych",https://query1.finance.yahoo.com/v8/finance/chart/ASST?range=2y&interval=1d&includeAdjustedClose=true
ASTE,Astec Industries Inc. Common Stock,kurs/technika,"F3: beta <= 1,2 lub brak danych; F5: kurs pod SMA50",https://query1.finance.yahoo.com/v8/finance/chart/ASTE?range=2y&interval=1d&includeAdjustedClose=true
ASTH,Astrana Health Inc. Common Stock,kurs/technika,"F3: beta <= 1,2 lub brak danych; F5: kurs pod SMA50",https://query1.finance.yahoo.com/v8/finance/chart/ASTH?range=2y&interval=1d&includeAdjustedClose=true
ASTL,Algoma Steel Group Inc. Common Shares,kurs/technika,F5: kurs pod SMA50,https://query1.finance.yahoo.com/v8/finance/chart/ASTL?range=2y&interval=1d&includeAdjustedClose=true
ASYS,Amtech Systems Inc. Common Stock,kurs/technika,"F3: beta <= 1,2 lub brak danych",https://query1.finance.yahoo.com/v8/finance/chart/ASYS?range=2y&interval=1d&includeAdjustedClose=true
ATEC,Alphatec Holdings Inc. Common Stock,kurs/technika,"F3: beta <= 1,2 lub brak danych",https://query1.finance.yahoo.com/v8/finance/chart/ATEC?range=2y&interval=1d&includeAdjustedClose=true
ATEX,Anterix Inc. Common Stock,kurs/technika,"F3: beta <= 1,2 lub brak danych; F5: kurs pod SMA50",https://query1.finance.yahoo.com/v8/finance/chart/ATEX?range=2y&interval=1d&includeAdjustedClose=true
ATLC,Atlanticus Holdings Corporation Common Stock,kurs/technika,F4: kurs mniej niż 25% pod 52-tyg. szczytem; F5: kurs pod SMA50,https://query1.finance.yahoo.com/v8/finance/chart/ATLC?range=2y&interval=1d&includeAdjustedClose=true
ATLO,Ames National Corporation Common Stock,kurs/technika,"średni obrót < 2 mln USD; F3: beta <= 1,2 lub brak danych; F4: kurs mniej niż 25% pod 52-tyg. szczytem",https://query1.finance.yahoo.com/v8/finance/chart/ATLO?range=2y&interval=1d&includeAdjustedClose=true
ATNI,ATN International Inc. Common Stock,kurs/technika,"F3: beta <= 1,2 lub brak danych; F4: kurs mniej niż 25% pod 52-tyg. szczytem; F5: kurs pod SMA50",https://query1.finance.yahoo.com/v8/finance/chart/ATNI?range=2y&interval=1d&includeAdjustedClose=true
ATRC,AtriCure Inc. Common Stock,kurs/technika,"F3: beta <= 1,2 lub brak danych; F4: kurs mniej niż 25% pod 52-tyg. szczytem",https://query1.finance.yahoo.com/v8/finance/chart/ATRC?range=2y&interval=1d&includeAdjustedClose=true
ATRO,Astronics Corporation Common Stock,kurs/technika,"F3: beta <= 1,2 lub brak danych; F5: kurs pod SMA50",https://query1.finance.yahoo.com/v8/finance/chart/ATRO?range=2y&interval=1d&includeAdjustedClose=true
ATTO,Attovia Therapeutics Inc. Common Stock,kurs,za krótka historia notowań (46 sesji),
AUPH,Aurinia Pharmaceuticals Inc Ordinary Shares,kurs/technika,"F3: beta <= 1,2 lub brak danych; F4: kurs mniej niż 25% pod 52-tyg. szczytem; F5: kurs pod SMA50",https://query1.finance.yahoo.com/v8/finance/chart/AUPH?range=2y&interval=1d&includeAdjustedClose=true
AURA,Aura Biosciences Inc. Common Stock,kurs/technika,F5: kurs pod SMA50,https://query1.finance.yahoo.com/v8/finance/chart/AURA?range=2y&interval=1d&includeAdjustedClose=true
AUTL,Autolus Therapeutics plc American Depositary Share,kurs/technika,F5: kurs pod SMA50,https://query1.finance.yahoo.com/v8/finance/chart/AUTL?range=2y&interval=1d&includeAdjustedClose=true
AVAH,Aveanna Healthcare Holdings Inc. Common Stock,kurs/technika,F4: kurs mniej niż 25% pod 52-tyg. szczytem; F5: kurs pod SMA50,https://query1.finance.yahoo.com/v8/finance/chart/AVAH?range=2y&interval=1d&includeAdjustedClose=true
AVBH,Avidbank Holdings Inc. Common stock,kurs/technika,"F3: beta <= 1,2 lub brak danych; F4: kurs mniej niż 25% pod 52-tyg. szczytem; F5: kurs pod SMA50",https://query1.finance.yahoo.com/v8/finance/chart/AVBH?range=2y&interval=1d&includeAdjustedClose=true
AVBP,ArriVent BioPharma Inc. Common Stock,kurs/technika,F5: kurs pod SMA50,https://query1.finance.yahoo.com/v8/finance/chart/AVBP?range=2y&interval=1d&includeAdjustedClose=true
AVIR,Atea Pharmaceuticals Inc. Common Stock,kurs/technika,"średni obrót < 2 mln USD; F3: beta <= 1,2 lub brak danych; F4: kurs mniej niż 25% pod 52-tyg. szczytem; F5: kurs pod SMA50",https://query1.finance.yahoo.com/v8/finance/chart/AVIR?range=2y&interval=1d&includeAdjustedClose=true
AVLN,Avalyn Pharma Inc. Common Stock,kurs,za krótka historia notowań (112 sesji),
AVO,Mission Produce Inc. Common Stock,kurs/technika,"F3: beta <= 1,2 lub brak danych; F5: kurs pod SMA50",https://query1.finance.yahoo.com/v8/finance/chart/AVO?range=2y&interval=1d&includeAdjustedClose=true
AVPT,AvePoint Inc. Class A Common Stock,kurs/technika,F4: kurs mniej niż 25% pod 52-tyg. szczytem,https://query1.finance.yahoo.com/v8/finance/chart/AVPT?range=2y&interval=1d&includeAdjustedClose=true
AVR,Anteris Technologies Global Corp. Common Stock,kurs/technika,F5: kurs pod SMA50,https://query1.finance.yahoo.com/v8/finance/chart/AVR?range=2y&interval=1d&includeAdjustedClose=true
AVTX,Avalo Therapeutics Inc. Common Stock,kurs/technika,F5: kurs pod SMA50,https://query1.finance.yahoo.com/v8/finance/chart/AVTX?range=2y&interval=1d&includeAdjustedClose=true
AXGN,Axogen Inc. Common Stock,kurs/technika,"F3: beta <= 1,2 lub brak danych; F5: kurs pod SMA50",https://query1.finance.yahoo.com/v8/finance/chart/AXGN?range=2y&interval=1d&includeAdjustedClose=true
AZTA,Azenta Inc.,kurs/technika,"F3: beta <= 1,2 lub brak danych; F4: kurs mniej niż 25% pod 52-tyg. szczytem",https://query1.finance.yahoo.com/v8/finance/chart/AZTA?range=2y&interval=1d&includeAdjustedClose=true
BANR,Banner Corporation Common Stock,kurs/technika,"F3: beta <= 1,2 lub brak danych; F4: kurs mniej niż 25% pod 52-tyg. szczytem; F5: kurs pod SMA50",https://query1.finance.yahoo.com/v8/finance/chart/BANR?range=2y&interval=1d&includeAdjustedClose=true
BBCI,Bradbury Capital Inc. Ordinary Shares,kurs,za krótka historia notowań (1 sesji),
BBCP,Concrete Pumping Holdings Inc. Common Stock,kurs/technika,"średni obrót < 2 mln USD; F3: beta <= 1,2 lub brak danych; F4: kurs mniej niż 25% pod 52-tyg. szczytem; F5: kurs pod SMA50",https://query1.finance.yahoo.com/v8/finance/chart/BBCP?range=2y&interval=1d&includeAdjustedClose=true
BBNX,Beta Bionics Inc. Common Stock,kurs/technika,"F3: beta <= 1,2 lub brak danych; F5: kurs pod SMA50",https://query1.finance.yahoo.com/v8/finance/chart/BBNX?range=2y&interval=1d&includeAdjustedClose=true
BBOT,BridgeBio Oncology Therapeutics Inc. Common Stock,kurs/technika,"F3: beta <= 1,2 lub brak danych; F5: kurs pod SMA50",https://query1.finance.yahoo.com/v8/finance/chart/BBOT?range=2y&interval=1d&includeAdjustedClose=true
BBSI,Barrett Business Services Inc. Common Stock,kurs/technika,"F3: beta <= 1,2 lub brak danych; F5: kurs pod SMA50",https://query1.finance.yahoo.com/v8/finance/chart/BBSI?range=2y&interval=1d&includeAdjustedClose=true
BCAL,California BanCorp Common Stock,kurs/technika,"F3: beta <= 1,2 lub brak danych; F4: kurs mniej niż 25% pod 52-tyg. szczytem; F5: kurs pod SMA50",https://query1.finance.yahoo.com/v8/finance/chart/BCAL?range=2y&interval=1d&includeAdjustedClose=true
BCAX,Bicara Therapeutics Inc. Common Stock,kurs/technika,F5: kurs pod SMA50,https://query1.finance.yahoo.com/v8/finance/chart/BCAX?range=2y&interval=1d&includeAdjustedClose=true
BCBP,BCB Bancorp Inc. (NJ) Common Stock,kurs/technika,"F3: beta <= 1,2 lub brak danych; F5: kurs pod SMA50",https://query1.finance.yahoo.com/v8/finance/chart/BCBP?range=2y&interval=1d&includeAdjustedClose=true
BCML,BayCom Corp Common Stock,kurs/technika,"średni obrót < 2 mln USD; F3: beta <= 1,2 lub brak danych; F4: kurs mniej niż 25% pod 52-tyg. szczytem",https://query1.finance.yahoo.com/v8/finance/chart/BCML?range=2y&interval=1d&includeAdjustedClose=true
BCRX,BioCryst Pharmaceuticals Inc. Common Stock,kurs/technika,"F3: beta <= 1,2 lub brak danych; F5: kurs pod SMA50",https://query1.finance.yahoo.com/v8/finance/chart/BCRX?range=2y&interval=1d&includeAdjustedClose=true
BDSX,Biodesix Inc. Common Stock,kurs/technika,"F3: beta <= 1,2 lub brak danych; F4: kurs mniej niż 25% pod 52-tyg. szczytem; F5: kurs pod SMA50",https://query1.finance.yahoo.com/v8/finance/chart/BDSX?range=2y&interval=1d&includeAdjustedClose=true
BEAM,Beam Therapeutics Inc. Common Stock,kurs/technika,F5: kurs pod SMA50,https://query1.finance.yahoo.com/v8/finance/chart/BEAM?range=2y&interval=1d&includeAdjustedClose=true
BELFA,Bel Fuse Inc. Class A Common Stock,kurs/technika,F5: kurs pod SMA50,https://query1.finance.yahoo.com/v8/finance/chart/BELFA?range=2y&interval=1d&includeAdjustedClose=true
BFC,Bank First Corporation Common Stock,kurs/technika,"F3: beta <= 1,2 lub brak danych; F4: kurs mniej niż 25% pod 52-tyg. szczytem; F5: kurs pod SMA50",https://query1.finance.yahoo.com/v8/finance/chart/BFC?range=2y&interval=1d&includeAdjustedClose=true
BFST,Business First Bancshares Inc. Common Stock,kurs/technika,"F3: beta <= 1,2 lub brak danych; F4: kurs mniej niż 25% pod 52-tyg. szczytem; F5: kurs pod SMA50",https://query1.finance.yahoo.com/v8/finance/chart/BFST?range=2y&interval=1d&includeAdjustedClose=true
BHF,Brighthouse Financial Inc. Common Stock,kurs/technika,"F3: beta <= 1,2 lub brak danych; F5: kurs pod SMA50",https://query1.finance.yahoo.com/v8/finance/chart/BHF?range=2y&interval=1d&includeAdjustedClose=true
BHRB,Burke & Herbert Financial Services Corp. Common Stock,kurs/technika,"F3: beta <= 1,2 lub brak danych; F4: kurs mniej niż 25% pod 52-tyg. szczytem; F5: kurs pod SMA50",https://query1.finance.yahoo.com/v8/finance/chart/BHRB?range=2y&interval=1d&includeAdjustedClose=true
BIOA,BioAge Labs Inc. Common Stock,kurs/technika,F5: kurs pod SMA50,https://query1.finance.yahoo.com/v8/finance/chart/BIOA?range=2y&interval=1d&includeAdjustedClose=true
BJRI,BJ's Restaurants Inc. Common Stock,kurs/technika,"F3: beta <= 1,2 lub brak danych; F4: kurs mniej niż 25% pod 52-tyg. szczytem; F5: kurs pod SMA50",https://query1.finance.yahoo.com/v8/finance/chart/BJRI?range=2y&interval=1d&includeAdjustedClose=true
BL,BlackLine Inc. Common Stock,kurs/technika,"F3: beta <= 1,2 lub brak danych; F5: kurs pod SMA50",https://query1.finance.yahoo.com/v8/finance/chart/BL?range=2y&interval=1d&includeAdjustedClose=true
BLBD,Blue Bird Corporation Common Stock,kurs/technika,"F3: beta <= 1,2 lub brak danych; F5: kurs pod SMA50",https://query1.finance.yahoo.com/v8/finance/chart/BLBD?range=2y&interval=1d&includeAdjustedClose=true
BLDP,Ballard Power Systems Inc. Common Shares,kurs/technika,F5: kurs pod SMA50,https://query1.finance.yahoo.com/v8/finance/chart/BLDP?range=2y&interval=1d&includeAdjustedClose=true
BLKB,Blackbaud Inc. Common Stock,kurs/technika,"F3: beta <= 1,2 lub brak danych; F5: kurs pod SMA50",https://query1.finance.yahoo.com/v8/finance/chart/BLKB?range=2y&interval=1d&includeAdjustedClose=true
BLMN,Bloomin' Brands Inc. Common Stock,kurs/technika,F5: kurs pod SMA50,https://query1.finance.yahoo.com/v8/finance/chart/BLMN?range=2y&interval=1d&includeAdjustedClose=true
BLSM,BlossomHill Therapeutics Inc. Common Stock,kurs,za krótka historia notowań (44 sesji),
BLZE,Backblaze Inc. Class A Common Stock,kurs/technika,F5: kurs pod SMA50,https://query1.finance.yahoo.com/v8/finance/chart/BLZE?range=2y&interval=1d&includeAdjustedClose=true
BMBL,Bumble Inc. Class A Common Stock,kurs/technika,F5: kurs pod SMA50,https://query1.finance.yahoo.com/v8/finance/chart/BMBL?range=2y&interval=1d&includeAdjustedClose=true
BMM,Blue Moon Metals Inc. Common Shares,kurs/technika,"średni obrót < 2 mln USD; F3: beta <= 1,2 lub brak danych; F5: kurs pod SMA50",https://query1.finance.yahoo.com/v8/finance/chart/BMM?range=2y&interval=1d&includeAdjustedClose=true
BMRC,Bank of Marin Bancorp Common Stock,kurs/technika,"F3: beta <= 1,2 lub brak danych; F4: kurs mniej niż 25% pod 52-tyg. szczytem; F5: kurs pod SMA50",https://query1.finance.yahoo.com/v8/finance/chart/BMRC?range=2y&interval=1d&includeAdjustedClose=true
BNTC,Benitec Biopharma Inc. Common Stock,kurs/technika,"średni obrót < 2 mln USD; F3: beta <= 1,2 lub brak danych; F5: kurs pod SMA50",https://query1.finance.yahoo.com/v8/finance/chart/BNTC?range=2y&interval=1d&includeAdjustedClose=true
BPRN,Princeton Bancorp Inc. Common Stock (PA),kurs/technika,"średni obrót < 2 mln USD; F3: beta <= 1,2 lub brak danych; F4: kurs mniej niż 25% pod 52-tyg. szczytem",https://query1.finance.yahoo.com/v8/finance/chart/BPRN?range=2y&interval=1d&includeAdjustedClose=true
BRAI,Braiin Limited Common Stock,kurs/technika,"średni obrót < 2 mln USD; F3: beta <= 1,2 lub brak danych; F5: kurs pod SMA50",https://query1.finance.yahoo.com/v8/finance/chart/BRAI?range=2y&interval=1d&includeAdjustedClose=true
BRBI,BRBI BR Partners S.A. ADSs,kurs/technika,"średni obrót < 2 mln USD; F3: beta <= 1,2 lub brak danych; F4: kurs mniej niż 25% pod 52-tyg. szczytem",https://query1.finance.yahoo.com/v8/finance/chart/BRBI?range=2y&interval=1d&includeAdjustedClose=true
BRCB,Black Rock Coffee Bar Inc. Class A Common Stock,kurs/technika,F5: kurs pod SMA50,https://query1.finance.yahoo.com/v8/finance/chart/BRCB?range=2y&interval=1d&includeAdjustedClose=true
BRUN,Boost Run Inc. Class A Common Stock,kurs/technika,"F3: beta <= 1,2 lub brak danych; F5: kurs pod SMA50",https://query1.finance.yahoo.com/v8/finance/chart/BRUN?range=2y&interval=1d&includeAdjustedClose=true
BRVE,Braveheart Bio Inc. Common Stock,kurs,za krótka historia notowań (45 sesji),
BRZE,Braze Inc. Class A Common Stock,kurs/technika,"F3: beta <= 1,2 lub brak danych; F4: kurs mniej niż 25% pod 52-tyg. szczytem",https://query1.finance.yahoo.com/v8/finance/chart/BRZE?range=2y&interval=1d&includeAdjustedClose=true
BSRR,Sierra Bancorp Common Stock,kurs/technika,"średni obrót < 2 mln USD; F3: beta <= 1,2 lub brak danych; F4: kurs mniej niż 25% pod 52-tyg. szczytem; F5: kurs pod SMA50",https://query1.finance.yahoo.com/v8/finance/chart/BSRR?range=2y&interval=1d&includeAdjustedClose=true
BSVN,Bank7 Corp. Common stock,kurs/technika,"F3: beta <= 1,2 lub brak danych; F4: kurs mniej niż 25% pod 52-tyg. szczytem",https://query1.finance.yahoo.com/v8/finance/chart/BSVN?range=2y&interval=1d&includeAdjustedClose=true
BTBT,Bit Digital Inc. Ordinary Shares,kurs/technika,F5: kurs pod SMA50,https://query1.finance.yahoo.com/v8/finance/chart/BTBT?range=2y&interval=1d&includeAdjustedClose=true
BTDR,Bitdeer Technologies Group Class A Ordinary Shares,kurs/technika,F5: kurs pod SMA50,https://query1.finance.yahoo.com/v8/finance/chart/BTDR?range=2y&interval=1d&includeAdjustedClose=true
BTQ,BTQ Technologies Corp. Common Stock,kurs/technika,F5: kurs pod SMA50,https://query1.finance.yahoo.com/v8/finance/chart/BTQ?range=2y&interval=1d&includeAdjustedClose=true
BULL,Webull Corporation Class A Ordinary Shares,kurs/technika,"F3: beta <= 1,2 lub brak danych; F5: kurs pod SMA50",https://query1.finance.yahoo.com/v8/finance/chart/BULL?range=2y&interval=1d&includeAdjustedClose=true
BUSE,First Busey Corporation Class A Common Stock,kurs/technika,"F3: beta <= 1,2 lub brak danych; F4: kurs mniej niż 25% pod 52-tyg. szczytem; F5: kurs pod SMA50",https://query1.finance.yahoo.com/v8/finance/chart/BUSE?range=2y&interval=1d&includeAdjustedClose=true
BVS,Bioventus Inc. Class A Common Stock,kurs/technika,"F3: beta <= 1,2 lub brak danych; F4: kurs mniej niż 25% pod 52-tyg. szczytem; F5: kurs pod SMA50",https://query1.finance.yahoo.com/v8/finance/chart/BVS?range=2y&interval=1d&includeAdjustedClose=true
BWAY,BrainsWay Ltd. American Depositary Shares,kurs/technika,średni obrót < 2 mln USD; F5: kurs pod SMA50,https://query1.finance.yahoo.com/v8/finance/chart/BWAY?range=2y&interval=1d&includeAdjustedClose=true
BWB,Bridgewater Bancshares Inc. Common Stock,kurs/technika,"F3: beta <= 1,2 lub brak danych; F4: kurs mniej niż 25% pod 52-tyg. szczytem; F5: kurs pod SMA50",https://query1.finance.yahoo.com/v8/finance/chart/BWB?range=2y&interval=1d&includeAdjustedClose=true
BWFG,Bankwell Financial Group Inc. Common Stock,kurs/technika,"F3: beta <= 1,2 lub brak danych; F4: kurs mniej niż 25% pod 52-tyg. szczytem; F5: kurs pod SMA50",https://query1.finance.yahoo.com/v8/finance/chart/BWFG?range=2y&interval=1d&includeAdjustedClose=true
BWMN,Bowman Consulting Group Ltd. Common Stock,kurs/technika,"F3: beta <= 1,2 lub brak danych; F4: kurs mniej niż 25% pod 52-tyg. szczytem",https://query1.finance.yahoo.com/v8/finance/chart/BWMN?range=2y&interval=1d&includeAdjustedClose=true
CABA,Cabaletta Bio Inc. Common Stock,kurs/technika,F5: kurs pod SMA50,https://query1.finance.yahoo.com/v8/finance/chart/CABA?range=2y&interval=1d&includeAdjustedClose=true
CAC,Camden National Corporation Common Stock,kurs/technika,"F3: beta <= 1,2 lub brak danych; F4: kurs mniej niż 25% pod 52-tyg. szczytem; F5: kurs pod SMA50",https://query1.finance.yahoo.com/v8/finance/chart/CAC?range=2y&interval=1d&includeAdjustedClose=true
CADL,Candel Therapeutics Inc. Common Stock,kurs/technika,"F3: beta <= 1,2 lub brak danych; F5: kurs pod SMA50",https://query1.finance.yahoo.com/v8/finance/chart/CADL?range=2y&interval=1d&includeAdjustedClose=true
CALM,Cal-Maine Foods Inc. Common Stock,kurs/technika,"F3: beta <= 1,2 lub brak danych; F5: kurs pod SMA50",https://query1.finance.yahoo.com/v8/finance/chart/CALM?range=2y&interval=1d&includeAdjustedClose=true
CARE,Carter Bankshares Inc. Common Stock,kurs/technika,"F3: beta <= 1,2 lub brak danych; F4: kurs mniej niż 25% pod 52-tyg. szczytem; F5: kurs pod SMA50",https://query1.finance.yahoo.com/v8/finance/chart/CARE?range=2y&interval=1d&includeAdjustedClose=true
CARG,CarGurus Inc. Class A Common Stock,kurs/technika,"F3: beta <= 1,2 lub brak danych; F5: kurs pod SMA50",https://query1.finance.yahoo.com/v8/finance/chart/CARG?range=2y&interval=1d&includeAdjustedClose=true
CARL,Carlsmed Inc. Common Stock,kurs/technika,średni obrót < 2 mln USD; F4: kurs mniej niż 25% pod 52-tyg. szczytem; F5: kurs pod SMA50,https://query1.finance.yahoo.com/v8/finance/chart/CARL?range=2y&interval=1d&includeAdjustedClose=true
CASH,Pathward Financial Inc. Common Stock,kurs/technika,"F3: beta <= 1,2 lub brak danych; F5: kurs pod SMA50",https://query1.finance.yahoo.com/v8/finance/chart/CASH?range=2y&interval=1d&includeAdjustedClose=true
CASS,Cass Information Systems Inc Common Stock,kurs/technika,"F3: beta <= 1,2 lub brak danych; F4: kurs mniej niż 25% pod 52-tyg. szczytem; F5: kurs pod SMA50",https://query1.finance.yahoo.com/v8/finance/chart/CASS?range=2y&interval=1d&includeAdjustedClose=true
CBIO,Crescent Biopharma Inc. Common Stock,kurs/technika,"F3: beta <= 1,2 lub brak danych; F5: kurs pod SMA50",https://query1.finance.yahoo.com/v8/finance/chart/CBIO?range=2y&interval=1d&includeAdjustedClose=true
CBK,Commercial Bancgroup Inc. Common Stock,kurs/technika,"średni obrót < 2 mln USD; F3: beta <= 1,2 lub brak danych; F4: kurs mniej niż 25% pod 52-tyg. szczytem; F5: kurs pod SMA50",https://query1.finance.yahoo.com/v8/finance/chart/CBK?range=2y&interval=1d&includeAdjustedClose=true
CBLL,CeriBell Inc. Common Stock,kurs/technika,"F3: beta <= 1,2 lub brak danych; F4: kurs mniej niż 25% pod 52-tyg. szczytem; F5: kurs pod SMA50",https://query1.finance.yahoo.com/v8/finance/chart/CBLL?range=2y&interval=1d&includeAdjustedClose=true
CBNK,Capital Bancorp Inc. Common Stock,kurs/technika,"F3: beta <= 1,2 lub brak danych; F4: kurs mniej niż 25% pod 52-tyg. szczytem",https://query1.finance.yahoo.com/v8/finance/chart/CBNK?range=2y&interval=1d&includeAdjustedClose=true
CBRL,Cracker Barrel Old Country Store Inc Common Stock,kurs/technika,"F3: beta <= 1,2 lub brak danych; F4: kurs mniej niż 25% pod 52-tyg. szczytem",https://query1.finance.yahoo.com/v8/finance/chart/CBRL?range=2y&interval=1d&includeAdjustedClose=true
CCAP,Crescent Capital BDC Inc. Common stock,kurs/technika,"F3: beta <= 1,2 lub brak danych; F5: kurs pod SMA50",https://query1.finance.yahoo.com/v8/finance/chart/CCAP?range=2y&interval=1d&includeAdjustedClose=true
CCB,Coastal Financial Corporation Common Stock,kurs/technika,"F3: beta <= 1,2 lub brak danych; F5: kurs pod SMA50",https://query1.finance.yahoo.com/v8/finance/chart/CCB?range=2y&interval=1d&includeAdjustedClose=true
CCBG,Capital City Bank Group Common Stock,kurs/technika,"F3: beta <= 1,2 lub brak danych; F4: kurs mniej niż 25% pod 52-tyg. szczytem; F5: kurs pod SMA50",https://query1.finance.yahoo.com/v8/finance/chart/CCBG?range=2y&interval=1d&includeAdjustedClose=true
CCCC,C4 Therapeutics Inc. Common Stock,kurs/technika,F5: kurs pod SMA50,https://query1.finance.yahoo.com/v8/finance/chart/CCCC?range=2y&interval=1d&includeAdjustedClose=true
CCEC,Capital Clean Energy Carriers Corp. Common Share,kurs/technika,"średni obrót < 2 mln USD; F3: beta <= 1,2 lub brak danych; F4: kurs mniej niż 25% pod 52-tyg. szczytem; F5: kurs pod SMA50",https://query1.finance.yahoo.com/v8/finance/chart/CCEC?range=2y&interval=1d&includeAdjustedClose=true
CCNE,CNB Financial Corporation Common Stock,kurs/technika,"F3: beta <= 1,2 lub brak danych; F4: kurs mniej niż 25% pod 52-tyg. szczytem; F5: kurs pod SMA50",https://query1.finance.yahoo.com/v8/finance/chart/CCNE?range=2y&interval=1d&includeAdjustedClose=true
CCOI,Cogent Communications Holdings Inc.,kurs/technika,"F3: beta <= 1,2 lub brak danych; F5: kurs pod SMA50",https://query1.finance.yahoo.com/v8/finance/chart/CCOI?range=2y&interval=1d&includeAdjustedClose=true
CCSI,Consensus Cloud Solutions Inc. Common Stock,kurs/technika,F4: kurs mniej niż 25% pod 52-tyg. szczytem; F5: kurs pod SMA50,https://query1.finance.yahoo.com/v8/finance/chart/CCSI?range=2y&interval=1d&includeAdjustedClose=true
CDNA,CareDx Inc. Common Stock,kurs/technika,"F3: beta <= 1,2 lub brak danych; F4: kurs mniej niż 25% pod 52-tyg. szczytem",https://query1.finance.yahoo.com/v8/finance/chart/CDNA?range=2y&interval=1d&includeAdjustedClose=true
CDNL,Cardinal Infrastructure Group Inc. Class A Common Stock,kurs/technika,"F3: beta <= 1,2 lub brak danych; F5: kurs pod SMA50",https://query1.finance.yahoo.com/v8/finance/chart/CDNL?range=2y&interval=1d&includeAdjustedClose=true
CDRO,Codere Online Luxembourg S.A. Ordinary Shares,kurs/technika,"średni obrót < 2 mln USD; F3: beta <= 1,2 lub brak danych; F4: kurs mniej niż 25% pod 52-tyg. szczytem",https://query1.finance.yahoo.com/v8/finance/chart/CDRO?range=2y&interval=1d&includeAdjustedClose=true
CDZI,CADIZ Inc. Common Stock,kurs/technika,"F3: beta <= 1,2 lub brak danych; F5: kurs pod SMA50",https://query1.finance.yahoo.com/v8/finance/chart/CDZI?range=2y&interval=1d&includeAdjustedClose=true
CDZIP,Cadiz Inc. Depositary Shares,kurs/technika,"średni obrót < 2 mln USD; F3: beta <= 1,2 lub brak danych; F4: kurs mniej niż 25% pod 52-tyg. szczytem; F5: kurs pod SMA50",https://query1.finance.yahoo.com/v8/finance/chart/CDZIP?range=2y&interval=1d&includeAdjustedClose=true
CELC,Celcuity Inc. Common Stock,kurs/technika,"F3: beta <= 1,2 lub brak danych; F5: kurs pod SMA50",https://query1.finance.yahoo.com/v8/finance/chart/CELC?range=2y&interval=1d&includeAdjustedClose=true
CENT,Central Garden & Pet Company Common Stock,kurs/technika,"F3: beta <= 1,2 lub brak danych; F4: kurs mniej niż 25% pod 52-tyg. szczytem; F5: kurs pod SMA50",https://query1.finance.yahoo.com/v8/finance/chart/CENT?range=2y&interval=1d&includeAdjustedClose=true
CENTA,Central Garden & Pet Company Class A Common Stock Nonvoting,kurs/technika,"F3: beta <= 1,2 lub brak danych; F4: kurs mniej niż 25% pod 52-tyg. szczytem; F5: kurs pod SMA50",https://query1.finance.yahoo.com/v8/finance/chart/CENTA?range=2y&interval=1d&includeAdjustedClose=true
CERS,Cerus Corporation Common Stock,kurs/technika,F5: kurs pod SMA50,https://query1.finance.yahoo.com/v8/finance/chart/CERS?range=2y&interval=1d&includeAdjustedClose=true
CFFI,C&F Financial Corporation Common Stock,kurs/technika,"F3: beta <= 1,2 lub brak danych; F4: kurs mniej niż 25% pod 52-tyg. szczytem",https://query1.finance.yahoo.com/v8/finance/chart/CFFI?range=2y&interval=1d&includeAdjustedClose=true
CFFN,Capitol Federal Financial Inc. Common Stock,kurs/technika,"F3: beta <= 1,2 lub brak danych; F4: kurs mniej niż 25% pod 52-tyg. szczytem; F5: kurs pod SMA50",https://query1.finance.yahoo.com/v8/finance/chart/CFFN?range=2y&interval=1d&includeAdjustedClose=true
CGBD,Carlyle Secured Lending Inc. Common Stock,kurs/technika,"F3: beta <= 1,2 lub brak danych; F4: kurs mniej niż 25% pod 52-tyg. szczytem; F5: kurs pod SMA50",https://query1.finance.yahoo.com/v8/finance/chart/CGBD?range=2y&interval=1d&includeAdjustedClose=true
CGC,Canopy Growth Corporation Common Shares,kurs/technika,F5: kurs pod SMA50,https://query1.finance.yahoo.com/v8/finance/chart/CGC?range=2y&interval=1d&includeAdjustedClose=true
CGEM,Cullinan Therapeutics Inc. Common Stock,kurs/technika,"F3: beta <= 1,2 lub brak danych; F5: kurs pod SMA50",https://query1.finance.yahoo.com/v8/finance/chart/CGEM?range=2y&interval=1d&includeAdjustedClose=true
CGNT,Cognyte Software Ltd. Ordinary Shares,kurs/technika,"F3: beta <= 1,2 lub brak danych; F5: kurs pod SMA50",https://query1.finance.yahoo.com/v8/finance/chart/CGNT?range=2y&interval=1d&includeAdjustedClose=true
CHCO,City Holding Company Common Stock,kurs/technika,"F3: beta <= 1,2 lub brak danych; F4: kurs mniej niż 25% pod 52-tyg. szczytem; F5: kurs pod SMA50",https://query1.finance.yahoo.com/v8/finance/chart/CHCO?range=2y&interval=1d&includeAdjustedClose=true
CHMG,Chemung Financial Corp Common Stock,kurs/technika,"F3: beta <= 1,2 lub brak danych; F4: kurs mniej niż 25% pod 52-tyg. szczytem; F5: kurs pod SMA50",https://query1.finance.yahoo.com/v8/finance/chart/CHMG?range=2y&interval=1d&includeAdjustedClose=true
CHRN,ChronoScale Holdings Corporation Common Stock,kurs/technika,F5: kurs pod SMA50,https://query1.finance.yahoo.com/v8/finance/chart/CHRN?range=2y&interval=1d&includeAdjustedClose=true
CIVB,Civista Bancshares Inc. Common Stock,kurs/technika,"F3: beta <= 1,2 lub brak danych; F4: kurs mniej niż 25% pod 52-tyg. szczytem; F5: kurs pod SMA50",https://query1.finance.yahoo.com/v8/finance/chart/CIVB?range=2y&interval=1d&includeAdjustedClose=true
CLBK,Columbia Financial Inc. Common Stock,kurs/technika,"F3: beta <= 1,2 lub brak danych; F4: kurs mniej niż 25% pod 52-tyg. szczytem; F5: kurs pod SMA50",https://query1.finance.yahoo.com/v8/finance/chart/CLBK?range=2y&interval=1d&includeAdjustedClose=true
CLBT,Cellebrite DI Ltd. Ordinary Shares,kurs/technika,"F3: beta <= 1,2 lub brak danych; F5: kurs pod SMA50",https://query1.finance.yahoo.com/v8/finance/chart/CLBT?range=2y&interval=1d&includeAdjustedClose=true
CLDX,Celldex Therapeutics Inc.,kurs/technika,F5: kurs pod SMA50,https://query1.finance.yahoo.com/v8/finance/chart/CLDX?range=2y&interval=1d&includeAdjustedClose=true
CLMB,Climb Global Solutions Inc. Common Stock,kurs/technika,"F3: beta <= 1,2 lub brak danych; F4: kurs mniej niż 25% pod 52-tyg. szczytem",https://query1.finance.yahoo.com/v8/finance/chart/CLMB?range=2y&interval=1d&includeAdjustedClose=true
CLNE,Clean Energy Fuels Corp. Common Stock,kurs/technika,"F3: beta <= 1,2 lub brak danych; F5: kurs pod SMA50",https://query1.finance.yahoo.com/v8/finance/chart/CLNE?range=2y&interval=1d&includeAdjustedClose=true
CLOV,Clover Health Investments Corp. Class A Common Stock,kurs/technika,"F3: beta <= 1,2 lub brak danych; F4: kurs mniej niż 25% pod 52-tyg. szczytem",https://query1.finance.yahoo.com/v8/finance/chart/CLOV?range=2y&interval=1d&includeAdjustedClose=true
CLPT,ClearPoint Neuro Inc. Common Stock,kurs/technika,F5: kurs pod SMA50,https://query1.finance.yahoo.com/v8/finance/chart/CLPT?range=2y&interval=1d&includeAdjustedClose=true
CLSK,CleanSpark Inc. Common Stock,kurs/technika,F5: kurs pod SMA50,https://query1.finance.yahoo.com/v8/finance/chart/CLSK?range=2y&interval=1d&includeAdjustedClose=true
CLYM,Climb Bio Inc. Common Stock,kurs/technika,F5: kurs pod SMA50,https://query1.finance.yahoo.com/v8/finance/chart/CLYM?range=2y&interval=1d&includeAdjustedClose=true
CMCO,Columbus McKinnon Corporation Common Stock,kurs/technika,F5: kurs pod SMA50,https://query1.finance.yahoo.com/v8/finance/chart/CMCO?range=2y&interval=1d&includeAdjustedClose=true
CMPR,Cimpress plc Ordinary Shares (Ireland),kurs/technika,"F3: beta <= 1,2 lub brak danych; F5: kurs pod SMA50",https://query1.finance.yahoo.com/v8/finance/chart/CMPR?range=2y&interval=1d&includeAdjustedClose=true
CMPS,COMPASS Pathways Plc American Depository Shares,kurs/technika,F5: kurs pod SMA50,https://query1.finance.yahoo.com/v8/finance/chart/CMPS?range=2y&interval=1d&includeAdjustedClose=true
CNL,Collective Mining Ltd. Common Shares,kurs/technika,"średni obrót < 2 mln USD; F3: beta <= 1,2 lub brak danych; F5: kurs pod SMA50",https://query1.finance.yahoo.com/v8/finance/chart/CNL?range=2y&interval=1d&includeAdjustedClose=true
CNOB,ConnectOne Bancorp Inc. Common Stock,kurs/technika,"F3: beta <= 1,2 lub brak danych; F4: kurs mniej niż 25% pod 52-tyg. szczytem; F5: kurs pod SMA50",https://query1.finance.yahoo.com/v8/finance/chart/CNOB?range=2y&interval=1d&includeAdjustedClose=true
CNXC,Concentrix Corporation Common Stock,kurs/technika,F5: kurs pod SMA50,https://query1.finance.yahoo.com/v8/finance/chart/CNXC?range=2y&interval=1d&includeAdjustedClose=true
CNXN,PC Connection Inc. Common Stock,kurs/technika,"F3: beta <= 1,2 lub brak danych; F4: kurs mniej niż 25% pod 52-tyg. szczytem",https://query1.finance.yahoo.com/v8/finance/chart/CNXN?range=2y&interval=1d&includeAdjustedClose=true
COAG,Hemab Therapeutics Holdings Inc. Common Stock,kurs,za krótka historia notowań (111 sesji),
COCO,The Vita Coco Company Inc. Common Stock,kurs/technika,"F3: beta <= 1,2 lub brak danych; F5: kurs pod SMA50",https://query1.finance.yahoo.com/v8/finance/chart/COCO?range=2y&interval=1d&includeAdjustedClose=true
COFS,ChoiceOne Financial Services Inc. Common Stock,kurs/technika,"F3: beta <= 1,2 lub brak danych; F4: kurs mniej niż 25% pod 52-tyg. szczytem; F5: kurs pod SMA50",https://query1.finance.yahoo.com/v8/finance/chart/COFS?range=2y&interval=1d&includeAdjustedClose=true
COLL,Collegium Pharmaceutical Inc. Common Stock,kurs/technika,"F3: beta <= 1,2 lub brak danych; F5: kurs pod SMA50",https://query1.finance.yahoo.com/v8/finance/chart/COLL?range=2y&interval=1d&includeAdjustedClose=true
COLM,Columbia Sportswear Company Common Stock,kurs/technika,"F3: beta <= 1,2 lub brak danych; F4: kurs mniej niż 25% pod 52-tyg. szczytem; F5: kurs pod SMA50",https://query1.finance.yahoo.com/v8/finance/chart/COLM?range=2y&interval=1d&includeAdjustedClose=true
CRAI,CRA International Inc. Common Stock,kurs/technika,"F3: beta <= 1,2 lub brak danych; F4: kurs mniej niż 25% pod 52-tyg. szczytem",https://query1.finance.yahoo.com/v8/finance/chart/CRAI?range=2y&interval=1d&includeAdjustedClose=true
CRCT,Cricut Inc. Class A Common Stock,kurs/technika,F4: kurs mniej niż 25% pod 52-tyg. szczytem,https://query1.finance.yahoo.com/v8/finance/chart/CRCT?range=2y&interval=1d&includeAdjustedClose=true
CRESY,Cresud S.A.C.I.F. y A. American Depositary Shares,kurs/technika,"F3: beta <= 1,2 lub brak danych; F4: kurs mniej niż 25% pod 52-tyg. szczytem",https://query1.finance.yahoo.com/v8/finance/chart/CRESY?range=2y&interval=1d&includeAdjustedClose=true
CRMD,CorMedix Inc. Common Stock,kurs/technika,F5: kurs pod SMA50,https://query1.finance.yahoo.com/v8/finance/chart/CRMD?range=2y&interval=1d&includeAdjustedClose=true
CRML,Critical Metals Corp. Ordinary Shares,kurs/technika,F5: kurs pod SMA50,https://query1.finance.yahoo.com/v8/finance/chart/CRML?range=2y&interval=1d&includeAdjustedClose=true
CRNC,Cerence Inc. Common Stock,kurs/technika,F5: kurs pod SMA50,https://query1.finance.yahoo.com/v8/finance/chart/CRNC?range=2y&interval=1d&includeAdjustedClose=true
CRON,Cronos Group Inc. Common Share,kurs/technika,"F3: beta <= 1,2 lub brak danych; F4: kurs mniej niż 25% pod 52-tyg. szczytem; F5: kurs pod SMA50",https://query1.finance.yahoo.com/v8/finance/chart/CRON?range=2y&interval=1d&includeAdjustedClose=true
CRSR,Corsair Gaming Inc. Common Stock,kurs/technika,F4: kurs mniej niż 25% pod 52-tyg. szczytem,https://query1.finance.yahoo.com/v8/finance/chart/CRSR?range=2y&interval=1d&includeAdjustedClose=true
CRTO,Criteo S.A. Ordinary Shares,kurs/technika,"F3: beta <= 1,2 lub brak danych; F5: kurs pod SMA50",https://query1.finance.yahoo.com/v8/finance/chart/CRTO?range=2y&interval=1d&includeAdjustedClose=true
CRVS,Corvus Pharmaceuticals Inc. Common Stock,kurs/technika,"F3: beta <= 1,2 lub brak danych; F5: kurs pod SMA50",https://query1.finance.yahoo.com/v8/finance/chart/CRVS?range=2y&interval=1d&includeAdjustedClose=true
CSHR,CoinShares PLC Ordinary Shares,kurs/technika,"średni obrót < 2 mln USD; F3: beta <= 1,2 lub brak danych; F5: kurs pod SMA50",https://query1.finance.yahoo.com/v8/finance/chart/CSHR?range=2y&interval=1d&includeAdjustedClose=true
CSIQ,Canadian Solar Inc. Common Shares (ON),kurs/technika,F5: kurs pod SMA50,https://query1.finance.yahoo.com/v8/finance/chart/CSIQ?range=2y&interval=1d&includeAdjustedClose=true
CSQ,Calamos Strategic Total Return Common Stock,kurs/technika,F4: kurs mniej niż 25% pod 52-tyg. szczytem; F5: kurs pod SMA50,https://query1.finance.yahoo.com/v8/finance/chart/CSQ?range=2y&interval=1d&includeAdjustedClose=true
CSTL,Castle Biosciences Inc. Common Stock,kurs/technika,"F3: beta <= 1,2 lub brak danych; F5: kurs pod SMA50",https://query1.finance.yahoo.com/v8/finance/chart/CSTL?range=2y&interval=1d&includeAdjustedClose=true
CSWC,Capital Southwest Corporation Common Stock,kurs/technika,"F3: beta <= 1,2 lub brak danych; F4: kurs mniej niż 25% pod 52-tyg. szczytem; F5: kurs pod SMA50",https://query1.finance.yahoo.com/v8/finance/chart/CSWC?range=2y&interval=1d&includeAdjustedClose=true
CTBI,Community Trust Bancorp Inc. Common Stock,kurs/technika,"F3: beta <= 1,2 lub brak danych; F4: kurs mniej niż 25% pod 52-tyg. szczytem; F5: kurs pod SMA50",https://query1.finance.yahoo.com/v8/finance/chart/CTBI?range=2y&interval=1d&includeAdjustedClose=true
CTKB,Cytek Biosciences Inc. Common Stock,kurs/technika,"F3: beta <= 1,2 lub brak danych; F4: kurs mniej niż 25% pod 52-tyg. szczytem",https://query1.finance.yahoo.com/v8/finance/chart/CTKB?range=2y&interval=1d&includeAdjustedClose=true
CTMX,CytomX Therapeutics Inc. Common Stock,kurs/technika,F5: kurs pod SMA50,https://query1.finance.yahoo.com/v8/finance/chart/CTMX?range=2y&interval=1d&includeAdjustedClose=true
CTNM,Contineum Therapeutics Inc. Class A Common Stock,kurs/technika,"F3: beta <= 1,2 lub brak danych; F5: kurs pod SMA50",https://query1.finance.yahoo.com/v8/finance/chart/CTNM?range=2y&interval=1d&includeAdjustedClose=true
CTRN,Citi Trends Inc. Common Stock,kurs/technika,F5: kurs pod SMA50,https://query1.finance.yahoo.com/v8/finance/chart/CTRN?range=2y&interval=1d&includeAdjustedClose=true
CUB,Lionheart Holdings Class A Ordinary Shares,kurs/technika,"średni obrót < 2 mln USD; F3: beta <= 1,2 lub brak danych; F4: kurs mniej niż 25% pod 52-tyg. szczytem",https://query1.finance.yahoo.com/v8/finance/chart/CUB?range=2y&interval=1d&includeAdjustedClose=true
CURR,Currenc Group Inc. Ordinary Shares,kurs/technika,"średni obrót < 2 mln USD; F3: beta <= 1,2 lub brak danych; F5: kurs pod SMA50",https://query1.finance.yahoo.com/v8/finance/chart/CURR?range=2y&interval=1d&includeAdjustedClose=true
CUVL,Clinuvel Pharmaceuticals Limited American Depositary Shares,kurs/technika,"średni obrót < 2 mln USD; F3: beta <= 1,2 lub brak danych; F5: kurs pod SMA50",https://query1.finance.yahoo.com/v8/finance/chart/CUVL?range=2y&interval=1d&includeAdjustedClose=true
CV,CapsoVision Inc. Common Stock,kurs/technika,"średni obrót < 2 mln USD; F3: beta <= 1,2 lub brak danych",https://query1.finance.yahoo.com/v8/finance/chart/CV?range=2y&interval=1d&includeAdjustedClose=true
CWBC,Community West Bancshares Common Stock,kurs/technika,"F3: beta <= 1,2 lub brak danych; F4: kurs mniej niż 25% pod 52-tyg. szczytem",https://query1.finance.yahoo.com/v8/finance/chart/CWBC?range=2y&interval=1d&includeAdjustedClose=true
CWCO,Consolidated Water Co. Ltd. Ordinary Shares,kurs/technika,"F3: beta <= 1,2 lub brak danych; F4: kurs mniej niż 25% pod 52-tyg. szczytem",https://query1.finance.yahoo.com/v8/finance/chart/CWCO?range=2y&interval=1d&includeAdjustedClose=true
CYPH,Cypherpunk Technologies Inc. Common Stock,kurs/technika,"F3: beta <= 1,2 lub brak danych",https://query1.finance.yahoo.com/v8/finance/chart/CYPH?range=2y&interval=1d&includeAdjustedClose=true
CYRX,CryoPort Inc. Common Stock,kurs/technika,F4: kurs mniej niż 25% pod 52-tyg. szczytem,https://query1.finance.yahoo.com/v8/finance/chart/CYRX?range=2y&interval=1d&includeAdjustedClose=true
CZFS,Citizens Financial Services Inc. Common Stock,kurs/technika,"F3: beta <= 1,2 lub brak danych; F4: kurs mniej niż 25% pod 52-tyg. szczytem; F5: kurs pod SMA50",https://query1.finance.yahoo.com/v8/finance/chart/CZFS?range=2y&interval=1d&includeAdjustedClose=true
CZNC,Citizens & Northern Corp Common Stock,kurs/technika,"średni obrót < 2 mln USD; F3: beta <= 1,2 lub brak danych; F4: kurs mniej niż 25% pod 52-tyg. szczytem; F5: kurs pod SMA50",https://query1.finance.yahoo.com/v8/finance/chart/CZNC?range=2y&interval=1d&includeAdjustedClose=true
DAKT,Daktronics Inc. Common Stock,kurs/technika,F5: kurs pod SMA50,https://query1.finance.yahoo.com/v8/finance/chart/DAKT?range=2y&interval=1d&includeAdjustedClose=true
DBVT,DBV Technologies S.A. American Depositary Shares,kurs/technika,F5: kurs pod SMA50,https://query1.finance.yahoo.com/v8/finance/chart/DBVT?range=2y&interval=1d&includeAdjustedClose=true
DCBO,Docebo Inc. Common Shares,kurs/technika,"średni obrót < 2 mln USD; F3: beta <= 1,2 lub brak danych; F4: kurs mniej niż 25% pod 52-tyg. szczytem",https://query1.finance.yahoo.com/v8/finance/chart/DCBO?range=2y&interval=1d&includeAdjustedClose=true
DCTH,Delcath Systems Inc. Common Stock,kurs/technika,F4: kurs mniej niż 25% pod 52-tyg. szczytem; F5: kurs pod SMA50,https://query1.finance.yahoo.com/v8/finance/chart/DCTH?range=2y&interval=1d&includeAdjustedClose=true
DDI,DoubleDown Interactive Co. Ltd. American Depository Shares,kurs/technika,"średni obrót < 2 mln USD; F3: beta <= 1,2 lub brak danych; F4: kurs mniej niż 25% pod 52-tyg. szczytem",https://query1.finance.yahoo.com/v8/finance/chart/DDI?range=2y&interval=1d&includeAdjustedClose=true
DGICA,Donegal Group Inc. Class A Common Stock,kurs/technika,"F3: beta <= 1,2 lub brak danych; F4: kurs mniej niż 25% pod 52-tyg. szczytem; F5: kurs pod SMA50",https://query1.finance.yahoo.com/v8/finance/chart/DGICA?range=2y&interval=1d&includeAdjustedClose=true
DGICB,Donegal Group Inc. Class B Common Stock,kurs/technika,"średni obrót < 2 mln USD; F3: beta <= 1,2 lub brak danych; F5: kurs pod SMA50",https://query1.finance.yahoo.com/v8/finance/chart/DGICB?range=2y&interval=1d&includeAdjustedClose=true
DGII,Digi International Inc. Common Stock,kurs/technika,F4: kurs mniej niż 25% pod 52-tyg. szczytem; F5: kurs pod SMA50,https://query1.finance.yahoo.com/v8/finance/chart/DGII?range=2y&interval=1d&includeAdjustedClose=true
DGXX,Digi Power X Inc. Subordinate Voting Shares,kurs/technika,F5: kurs pod SMA50,https://query1.finance.yahoo.com/v8/finance/chart/DGXX?range=2y&interval=1d&includeAdjustedClose=true
DJCO,Daily Journal Corp. (S.C.) Common Stock,kurs/technika,"F3: beta <= 1,2 lub brak danych; F4: kurs mniej niż 25% pod 52-tyg. szczytem",https://query1.finance.yahoo.com/v8/finance/chart/DJCO?range=2y&interval=1d&includeAdjustedClose=true
DJT,Trump Media & Technology Group Corp. Common Stock,kurs/technika,F5: kurs pod SMA50,https://query1.finance.yahoo.com/v8/finance/chart/DJT?range=2y&interval=1d&includeAdjustedClose=true
DMAC,DiaMedica Therapeutics Inc. Common Stock,kurs/technika,średni obrót < 2 mln USD,https://query1.finance.yahoo.com/v8/finance/chart/DMAC?range=2y&interval=1d&includeAdjustedClose=true
DMRA,Damora Therapeutics Inc. Ordinary Shares,kurs/technika,"F3: beta <= 1,2 lub brak danych; F5: kurs pod SMA50",https://query1.finance.yahoo.com/v8/finance/chart/DMRA?range=2y&interval=1d&includeAdjustedClose=true
DNLI,Denali Therapeutics Inc. Common Stock,kurs/technika,F5: kurs pod SMA50,https://query1.finance.yahoo.com/v8/finance/chart/DNLI?range=2y&interval=1d&includeAdjustedClose=true
DNUT,Krispy Kreme Inc. Common Stock,kurs/technika,F5: kurs pod SMA50,https://query1.finance.yahoo.com/v8/finance/chart/DNUT?range=2y&interval=1d&includeAdjustedClose=true
DRTS,Alpha Tau Medical Ltd. Ordinary Shares,kurs/technika,"F3: beta <= 1,2 lub brak danych; F4: kurs mniej niż 25% pod 52-tyg. szczytem; F5: kurs pod SMA50",https://query1.finance.yahoo.com/v8/finance/chart/DRTS?range=2y&interval=1d&includeAdjustedClose=true
DRUG,Bright Minds Biosciences Inc. Common Stock,kurs/technika,F5: kurs pod SMA50,https://query1.finance.yahoo.com/v8/finance/chart/DRUG?range=2y&interval=1d&includeAdjustedClose=true
DRVN,Driven Brands Holdings Inc. Common Stock,kurs/technika,"F3: beta <= 1,2 lub brak danych; F5: kurs pod SMA50",https://query1.finance.yahoo.com/v8/finance/chart/DRVN?range=2y&interval=1d&includeAdjustedClose=true
DSGN,Design Therapeutics Inc. Common Stock,kurs/technika,"F3: beta <= 1,2 lub brak danych; F5: kurs pod SMA50",https://query1.finance.yahoo.com/v8/finance/chart/DSGN?range=2y&interval=1d&includeAdjustedClose=true
DSGR,Distribution Solutions Group Inc. Common Stock,kurs/technika,"F3: beta <= 1,2 lub brak danych; F4: kurs mniej niż 25% pod 52-tyg. szczytem",https://query1.finance.yahoo.com/v8/finance/chart/DSGR?range=2y&interval=1d&includeAdjustedClose=true
DSP,Viant Technology Inc. Class A Common Stock,kurs/technika,F4: kurs mniej niż 25% pod 52-tyg. szczytem,https://query1.finance.yahoo.com/v8/finance/chart/DSP?range=2y&interval=1d&includeAdjustedClose=true
DXPE,DXP Enterprises Inc. Common Stock,kurs/technika,F4: kurs mniej niż 25% pod 52-tyg. szczytem; F5: kurs pod SMA50,https://query1.finance.yahoo.com/v8/finance/chart/DXPE?range=2y&interval=1d&includeAdjustedClose=true
DYN,Dyne Therapeutics Inc. Common Stock,kurs/technika,F5: kurs pod SMA50,https://query1.finance.yahoo.com/v8/finance/chart/DYN?range=2y&interval=1d&includeAdjustedClose=true
ECPG,Encore Capital Group Inc Common Stock,kurs/technika,"F3: beta <= 1,2 lub brak danych; F4: kurs mniej niż 25% pod 52-tyg. szczytem",https://query1.finance.yahoo.com/v8/finance/chart/ECPG?range=2y&interval=1d&includeAdjustedClose=true
EDIT,Editas Medicine Inc. Common Stock,kurs/technika,F5: kurs pod SMA50,https://query1.finance.yahoo.com/v8/finance/chart/EDIT?range=2y&interval=1d&includeAdjustedClose=true
EEFT,Euronet Worldwide Inc. Common Stock,kurs/technika,"F3: beta <= 1,2 lub brak danych; F5: kurs pod SMA50",https://query1.finance.yahoo.com/v8/finance/chart/EEFT?range=2y&interval=1d&includeAdjustedClose=true
EFSC,Enterprise Financial Services Corporation Common Stock,kurs/technika,"F3: beta <= 1,2 lub brak danych; F4: kurs mniej niż 25% pod 52-tyg. szczytem; F5: kurs pod SMA50",https://query1.finance.yahoo.com/v8/finance/chart/EFSC?range=2y&interval=1d&includeAdjustedClose=true
EGBN,Eagle Bancorp Inc. Common Stock,kurs/technika,"F3: beta <= 1,2 lub brak danych; F4: kurs mniej niż 25% pod 52-tyg. szczytem",https://query1.finance.yahoo.com/v8/finance/chart/EGBN?range=2y&interval=1d&includeAdjustedClose=true
EIKN,Eikon Therapeutics Inc. Common Stock,kurs/technika,"F3: beta <= 1,2 lub brak danych; F5: kurs pod SMA50",https://query1.finance.yahoo.com/v8/finance/chart/EIKN?range=2y&interval=1d&includeAdjustedClose=true
ELE,Elemental Royalty Corporation Common Stock,kurs/technika,"F3: beta <= 1,2 lub brak danych; F5: kurs pod SMA50",https://query1.finance.yahoo.com/v8/finance/chart/ELE?range=2y&interval=1d&includeAdjustedClose=true
ELMT,The Elmet Group Co. Common Stock,kurs,za krótka historia notowań (117 sesji),
ELVA,Electrovaya Inc. Common Shares,kurs/technika,F5: kurs pod SMA50,https://query1.finance.yahoo.com/v8/finance/chart/ELVA?range=2y&interval=1d&includeAdjustedClose=true
ELVN,Enliven Therapeutics Inc. Common Stock,kurs/technika,"F3: beta <= 1,2 lub brak danych; F5: kurs pod SMA50",https://query1.finance.yahoo.com/v8/finance/chart/ELVN?range=2y&interval=1d&includeAdjustedClose=true
ELVR,Elevra Lithium Limited American Depository Shares,kurs/technika,F5: kurs pod SMA50,https://query1.finance.yahoo.com/v8/finance/chart/ELVR?range=2y&interval=1d&includeAdjustedClose=true
EMAT,Evolution Metals & Technologies Corp. Common Stock,kurs/technika,"F3: beta <= 1,2 lub brak danych; F5: kurs pod SMA50",https://query1.finance.yahoo.com/v8/finance/chart/EMAT?range=2y&interval=1d&includeAdjustedClose=true
EMBC,Embecta Corp. Common Stock,kurs/technika,"F3: beta <= 1,2 lub brak danych",https://query1.finance.yahoo.com/v8/finance/chart/EMBC?range=2y&interval=1d&includeAdjustedClose=true
ENRD,Einride AB American Depositary Shares,kurs,za krótka historia notowań (84 sesji),
ENTA,Enanta Pharmaceuticals Inc. Common Stock,kurs/technika,F5: kurs pod SMA50,https://query1.finance.yahoo.com/v8/finance/chart/ENTA?range=2y&interval=1d&includeAdjustedClose=true
ENTX,Entera Bio Ltd. Ordinary Shares,kurs/technika,"średni obrót < 2 mln USD; F3: beta <= 1,2 lub brak danych; F5: kurs pod SMA50",https://query1.finance.yahoo.com/v8/finance/chart/ENTX?range=2y&interval=1d&includeAdjustedClose=true
ENVX,Enovix Corporation Common Stock,kurs/technika,F5: kurs pod SMA50,https://query1.finance.yahoo.com/v8/finance/chart/ENVX?range=2y&interval=1d&includeAdjustedClose=true
EOLS,Evolus Inc. Common Stock,kurs/technika,"F3: beta <= 1,2 lub brak danych; F4: kurs mniej niż 25% pod 52-tyg. szczytem; F5: kurs pod SMA50",https://query1.finance.yahoo.com/v8/finance/chart/EOLS?range=2y&interval=1d&includeAdjustedClose=true
EOSE,Eos Energy Enterprises Inc. Class A Common Stock,kurs/technika,F5: kurs pod SMA50,https://query1.finance.yahoo.com/v8/finance/chart/EOSE?range=2y&interval=1d&includeAdjustedClose=true
EPRX,Eupraxia Pharmaceuticals Inc. Common Stock,kurs/technika,"F3: beta <= 1,2 lub brak danych; F4: kurs mniej niż 25% pod 52-tyg. szczytem",https://query1.finance.yahoo.com/v8/finance/chart/EPRX?range=2y&interval=1d&includeAdjustedClose=true
ERII,Energy Recovery Inc. Common Stock,kurs/technika,"F3: beta <= 1,2 lub brak danych; F5: kurs pod SMA50",https://query1.finance.yahoo.com/v8/finance/chart/ERII?range=2y&interval=1d&includeAdjustedClose=true
ESEA,Euroseas Ltd. Common Stock (Marshall Islands),kurs/technika,"F3: beta <= 1,2 lub brak danych; F4: kurs mniej niż 25% pod 52-tyg. szczytem; F5: kurs pod SMA50",https://query1.finance.yahoo.com/v8/finance/chart/ESEA?range=2y&interval=1d&includeAdjustedClose=true
ESQ,Esquire Financial Holdings Inc. Common Stock,kurs/technika,"F3: beta <= 1,2 lub brak danych; F4: kurs mniej niż 25% pod 52-tyg. szczytem; F5: kurs pod SMA50",https://query1.finance.yahoo.com/v8/finance/chart/ESQ?range=2y&interval=1d&includeAdjustedClose=true
ESTA,Establishment Labs Holdings Inc. Common Shares,kurs/technika,"F3: beta <= 1,2 lub brak danych; F5: kurs pod SMA50",https://query1.finance.yahoo.com/v8/finance/chart/ESTA?range=2y&interval=1d&includeAdjustedClose=true
ETON,Eton Pharmaceuticals Inc. Common Stock,kurs/technika,"F3: beta <= 1,2 lub brak danych; F4: kurs mniej niż 25% pod 52-tyg. szczytem; F5: kurs pod SMA50",https://query1.finance.yahoo.com/v8/finance/chart/ETON?range=2y&interval=1d&includeAdjustedClose=true
ETOR,eToro Group Ltd. Class A Common Shares,kurs/technika,F5: kurs pod SMA50,https://query1.finance.yahoo.com/v8/finance/chart/ETOR?range=2y&interval=1d&includeAdjustedClose=true
ETRA,Electra Therapeutics Inc. Common stock,kurs,za krótka historia notowań (15 sesji),
EVCM,EverCommerce Inc. Common Stock,kurs/technika,"średni obrót < 2 mln USD; F3: beta <= 1,2 lub brak danych",https://query1.finance.yahoo.com/v8/finance/chart/EVCM?range=2y&interval=1d&includeAdjustedClose=true
EVER,EverQuote Inc. Class A Common Stock,kurs/technika,"F3: beta <= 1,2 lub brak danych; F5: kurs pod SMA50",https://query1.finance.yahoo.com/v8/finance/chart/EVER?range=2y&interval=1d&includeAdjustedClose=true
EVGO,EVgo Inc. Class A Common Stock,kurs/technika,F5: kurs pod SMA50,https://query1.finance.yahoo.com/v8/finance/chart/EVGO?range=2y&interval=1d&includeAdjustedClose=true
EVLV,Evolv Technologies Holdings Inc. Class A Common Stock,kurs/technika,F5: kurs pod SMA50,https://query1.finance.yahoo.com/v8/finance/chart/EVLV?range=2y&interval=1d&includeAdjustedClose=true
EVO,Evotec SE American Depositary Shares,kurs/technika,"średni obrót < 2 mln USD; F3: beta <= 1,2 lub brak danych; F5: kurs pod SMA50",https://query1.finance.yahoo.com/v8/finance/chart/EVO?range=2y&interval=1d&includeAdjustedClose=true
EXPO,Exponent Inc. Common Stock,kurs/technika,"F3: beta <= 1,2 lub brak danych; F4: kurs mniej niż 25% pod 52-tyg. szczytem",https://query1.finance.yahoo.com/v8/finance/chart/EXPO?range=2y&interval=1d&includeAdjustedClose=true
EYE,National Vision Holdings Inc. Common Stock,kurs/technika,"F3: beta <= 1,2 lub brak danych; F5: kurs pod SMA50",https://query1.finance.yahoo.com/v8/finance/chart/EYE?range=2y&interval=1d&includeAdjustedClose=true
EYPT,EyePoint Inc. Common Stock,kurs/technika,F5: kurs pod SMA50,https://query1.finance.yahoo.com/v8/finance/chart/EYPT?range=2y&interval=1d&includeAdjustedClose=true
EZPW,EZCORP Inc. Class A Non Voting Common Stock,kurs/technika,"F3: beta <= 1,2 lub brak danych; F4: kurs mniej niż 25% pod 52-tyg. szczytem; F5: kurs pod SMA50",https://query1.finance.yahoo.com/v8/finance/chart/EZPW?range=2y&interval=1d&includeAdjustedClose=true
FA,First Advantage Corporation Common Stock,kurs/technika,F5: kurs pod SMA50,https://query1.finance.yahoo.com/v8/finance/chart/FA?range=2y&interval=1d&includeAdjustedClose=true
FAC,Factorial Energy Inc. Class A Common Stock,kurs/technika,"F3: beta <= 1,2 lub brak danych; F5: kurs pod SMA50",https://query1.finance.yahoo.com/v8/finance/chart/FAC?range=2y&interval=1d&includeAdjustedClose=true
FBIZ,First Business Financial Services Inc. Common Stock,kurs/technika,"F3: beta <= 1,2 lub brak danych; F4: kurs mniej niż 25% pod 52-tyg. szczytem; F5: kurs pod SMA50",https://query1.finance.yahoo.com/v8/finance/chart/FBIZ?range=2y&interval=1d&includeAdjustedClose=true
FBLA,FB Bancorp Inc. Common Stock,kurs/technika,"średni obrót < 2 mln USD; F3: beta <= 1,2 lub brak danych; F4: kurs mniej niż 25% pod 52-tyg. szczytem",https://query1.finance.yahoo.com/v8/finance/chart/FBLA?range=2y&interval=1d&includeAdjustedClose=true
FBNC,First Bancorp Common Stock,kurs/technika,"F3: beta <= 1,2 lub brak danych; F4: kurs mniej niż 25% pod 52-tyg. szczytem; F5: kurs pod SMA50",https://query1.finance.yahoo.com/v8/finance/chart/FBNC?range=2y&interval=1d&includeAdjustedClose=true
FBYD,Falcon's Beyond Global Inc. Class A Common Stock,kurs/technika,"średni obrót < 2 mln USD; F3: beta <= 1,2 lub brak danych",https://query1.finance.yahoo.com/v8/finance/chart/FBYD?range=2y&interval=1d&includeAdjustedClose=true
FCBC,First Community Bankshares Inc. (VA) Common Stock,kurs/technika,"F3: beta <= 1,2 lub brak danych; F4: kurs mniej niż 25% pod 52-tyg. szczytem; F5: kurs pod SMA50",https://query1.finance.yahoo.com/v8/finance/chart/FCBC?range=2y&interval=1d&includeAdjustedClose=true
FCCO,First Community Corporation Common Stock,kurs/technika,"średni obrót < 2 mln USD; F3: beta <= 1,2 lub brak danych; F4: kurs mniej niż 25% pod 52-tyg. szczytem; F5: kurs pod SMA50",https://query1.finance.yahoo.com/v8/finance/chart/FCCO?range=2y&interval=1d&includeAdjustedClose=true
FCEL,FuelCell Energy Inc. Common Stock,kurs/technika,"F3: beta <= 1,2 lub brak danych; F5: kurs pod SMA50",https://query1.finance.yahoo.com/v8/finance/chart/FCEL?range=2y&interval=1d&includeAdjustedClose=true
FDBC,Fidelity D & D Bancorp Inc. Common Stock,kurs/technika,"średni obrót < 2 mln USD; F3: beta <= 1,2 lub brak danych; F4: kurs mniej niż 25% pod 52-tyg. szczytem",https://query1.finance.yahoo.com/v8/finance/chart/FDBC?range=2y&interval=1d&includeAdjustedClose=true
FDMT,4D Molecular Therapeutics Inc. Common Stock,kurs/technika,"F3: beta <= 1,2 lub brak danych; F5: kurs pod SMA50",https://query1.finance.yahoo.com/v8/finance/chart/FDMT?range=2y&interval=1d&includeAdjustedClose=true
FDUS,Fidus Investment Corporation Common Stock,kurs/technika,"F3: beta <= 1,2 lub brak danych; F4: kurs mniej niż 25% pod 52-tyg. szczytem; F5: kurs pod SMA50",https://query1.finance.yahoo.com/v8/finance/chart/FDUS?range=2y&interval=1d&includeAdjustedClose=true
FEIM,Frequency Electronics Inc. Common Stock,kurs/technika,F4: kurs mniej niż 25% pod 52-tyg. szczytem,https://query1.finance.yahoo.com/v8/finance/chart/FEIM?range=2y&interval=1d&includeAdjustedClose=true
FENC,Fennec Pharmaceuticals Inc. Common Stock,kurs/technika,F4: kurs mniej niż 25% pod 52-tyg. szczytem; F5: kurs pod SMA50,https://query1.finance.yahoo.com/v8/finance/chart/FENC?range=2y&interval=1d&includeAdjustedClose=true
FFBC,First Financial Bancorp. Common Stock,kurs/technika,"F3: beta <= 1,2 lub brak danych; F4: kurs mniej niż 25% pod 52-tyg. szczytem; F5: kurs pod SMA50",https://query1.finance.yahoo.com/v8/finance/chart/FFBC?range=2y&interval=1d&includeAdjustedClose=true
FHB,First Hawaiian Inc. Common Stock,kurs/technika,"F3: beta <= 1,2 lub brak danych; F4: kurs mniej niż 25% pod 52-tyg. szczytem; F5: kurs pod SMA50",https://query1.finance.yahoo.com/v8/finance/chart/FHB?range=2y&interval=1d&includeAdjustedClose=true
FIP,FTAI Infrastructure Inc. Common Stock,kurs/technika,F5: kurs pod SMA50,https://query1.finance.yahoo.com/v8/finance/chart/FIP?range=2y&interval=1d&includeAdjustedClose=true
FISI,Financial Institutions Inc. Common Stock,kurs/technika,"F3: beta <= 1,2 lub brak danych; F4: kurs mniej niż 25% pod 52-tyg. szczytem; F5: kurs pod SMA50",https://query1.finance.yahoo.com/v8/finance/chart/FISI?range=2y&interval=1d&includeAdjustedClose=true
FISN,Deep Fission Inc. Common Stock,kurs,za krótka historia notowań (78 sesji),
FIVN,Five9 Inc. Common Stock,kurs/technika,F4: kurs mniej niż 25% pod 52-tyg. szczytem,https://query1.finance.yahoo.com/v8/finance/chart/FIVN?range=2y&interval=1d&includeAdjustedClose=true
FIZZ,National Beverage Corp. Common Stock,kurs/technika,"F3: beta <= 1,2 lub brak danych; F4: kurs mniej niż 25% pod 52-tyg. szczytem; F5: kurs pod SMA50",https://query1.finance.yahoo.com/v8/finance/chart/FIZZ?range=2y&interval=1d&includeAdjustedClose=true
FLGT,Fulgent Genetics Inc. Common Stock,kurs/technika,"F3: beta <= 1,2 lub brak danych; F5: kurs pod SMA50",https://query1.finance.yahoo.com/v8/finance/chart/FLGT?range=2y&interval=1d&includeAdjustedClose=true
FLNC,Fluence Energy Inc. Class A Common Stock,kurs/technika,F5: kurs pod SMA50,https://query1.finance.yahoo.com/v8/finance/chart/FLNC?range=2y&interval=1d&includeAdjustedClose=true
FLXS,Flexsteel Industries Inc. Common Stock,kurs/technika,"F3: beta <= 1,2 lub brak danych; F4: kurs mniej niż 25% pod 52-tyg. szczytem",https://query1.finance.yahoo.com/v8/finance/chart/FLXS?range=2y&interval=1d&includeAdjustedClose=true
FLYW,Flywire Corporation Voting Common Stock,kurs/technika,F4: kurs mniej niż 25% pod 52-tyg. szczytem,https://query1.finance.yahoo.com/v8/finance/chart/FLYW?range=2y&interval=1d&includeAdjustedClose=true
FMAO,Farmers & Merchants Bancorp Inc. Common Stock,kurs/technika,"F3: beta <= 1,2 lub brak danych; F4: kurs mniej niż 25% pod 52-tyg. szczytem",https://query1.finance.yahoo.com/v8/finance/chart/FMAO?range=2y&interval=1d&includeAdjustedClose=true
FMBH,First Mid Bancshares Inc. Common Stock,kurs/technika,"F3: beta <= 1,2 lub brak danych; F4: kurs mniej niż 25% pod 52-tyg. szczytem; F5: kurs pod SMA50",https://query1.finance.yahoo.com/v8/finance/chart/FMBH?range=2y&interval=1d&includeAdjustedClose=true
FMNB,Farmers National Banc Corp. Common Stock,kurs/technika,"F3: beta <= 1,2 lub brak danych; F4: kurs mniej niż 25% pod 52-tyg. szczytem; F5: kurs pod SMA50",https://query1.finance.yahoo.com/v8/finance/chart/FMNB?range=2y&interval=1d&includeAdjustedClose=true
FNKO,Funko Inc. Class A Common Stock,kurs/technika,F4: kurs mniej niż 25% pod 52-tyg. szczytem,https://query1.finance.yahoo.com/v8/finance/chart/FNKO?range=2y&interval=1d&includeAdjustedClose=true
FNLC,First Bancorp Inc  (ME) Common Stock,kurs/technika,"średni obrót < 2 mln USD; F3: beta <= 1,2 lub brak danych; F4: kurs mniej niż 25% pod 52-tyg. szczytem; F5: kurs pod SMA50",https://query1.finance.yahoo.com/v8/finance/chart/FNLC?range=2y&interval=1d&includeAdjustedClose=true
FNRN,First Northern Community Bancorp Common stock,kurs/technika,"średni obrót < 2 mln USD; F3: beta <= 1,2 lub brak danych; F4: kurs mniej niż 25% pod 52-tyg. szczytem",https://query1.finance.yahoo.com/v8/finance/chart/FNRN?range=2y&interval=1d&includeAdjustedClose=true
FORTY,Formula Systems (1985) Ltd. American Depositary Shares,kurs/technika,"średni obrót < 2 mln USD; F3: beta <= 1,2 lub brak danych",https://query1.finance.yahoo.com/v8/finance/chart/FORTY?range=2y&interval=1d&includeAdjustedClose=true
FOSL,Fossil Group Inc. Common Stock,kurs/technika,F4: kurs mniej niż 25% pod 52-tyg. szczytem,https://query1.finance.yahoo.com/v8/finance/chart/FOSL?range=2y&interval=1d&includeAdjustedClose=true
FOXF,Fox Factory Holding Corp. Common Stock,kurs/technika,F5: kurs pod SMA50,https://query1.finance.yahoo.com/v8/finance/chart/FOXF?range=2y&interval=1d&includeAdjustedClose=true
FRAF,Franklin Financial Services Corporation Common Stock,kurs/technika,"F3: beta <= 1,2 lub brak danych; F4: kurs mniej niż 25% pod 52-tyg. szczytem",https://query1.finance.yahoo.com/v8/finance/chart/FRAF?range=2y&interval=1d&includeAdjustedClose=true
FRBA,First Bank Common Stock,kurs/technika,"średni obrót < 2 mln USD; F3: beta <= 1,2 lub brak danych; F4: kurs mniej niż 25% pod 52-tyg. szczytem; F5: kurs pod SMA50",https://query1.finance.yahoo.com/v8/finance/chart/FRBA?range=2y&interval=1d&includeAdjustedClose=true
FRBT,Forbright Inc. Class A Common Stock,kurs,za krótka historia notowań (83 sesji),
FRD,Friedman Industries Inc. Common Stock,kurs/technika,"F3: beta <= 1,2 lub brak danych; F4: kurs mniej niż 25% pod 52-tyg. szczytem",https://query1.finance.yahoo.com/v8/finance/chart/FRD?range=2y&interval=1d&includeAdjustedClose=true
FRME,First Merchants Corporation Common Stock,kurs/technika,"F3: beta <= 1,2 lub brak danych; F4: kurs mniej niż 25% pod 52-tyg. szczytem; F5: kurs pod SMA50",https://query1.finance.yahoo.com/v8/finance/chart/FRME?range=2y&interval=1d&includeAdjustedClose=true
FRMEP,First Merchants Corporation Depository Shares,kurs/technika,"średni obrót < 2 mln USD; F3: beta <= 1,2 lub brak danych; F4: kurs mniej niż 25% pod 52-tyg. szczytem",https://query1.finance.yahoo.com/v8/finance/chart/FRMEP?range=2y&interval=1d&includeAdjustedClose=true
FRNM,Freenome Inc. Common stock,kurs/technika,"F3: beta <= 1,2 lub brak danych; F4: kurs mniej niż 25% pod 52-tyg. szczytem",https://query1.finance.yahoo.com/v8/finance/chart/FRNM?range=2y&interval=1d&includeAdjustedClose=true
FRPH,FRP Holdings Inc. Common Stock,kurs/technika,"F3: beta <= 1,2 lub brak danych; F4: kurs mniej niż 25% pod 52-tyg. szczytem; F5: kurs pod SMA50",https://query1.finance.yahoo.com/v8/finance/chart/FRPH?range=2y&interval=1d&includeAdjustedClose=true
FRPT,Freshpet Inc. Common Stock,kurs/technika,"F3: beta <= 1,2 lub brak danych; F4: kurs mniej niż 25% pod 52-tyg. szczytem; F5: kurs pod SMA50",https://query1.finance.yahoo.com/v8/finance/chart/FRPT?range=2y&interval=1d&includeAdjustedClose=true
FRST,Primis Financial Corp. Common Stock,kurs/technika,"F3: beta <= 1,2 lub brak danych; F4: kurs mniej niż 25% pod 52-tyg. szczytem; F5: kurs pod SMA50",https://query1.finance.yahoo.com/v8/finance/chart/FRST?range=2y&interval=1d&includeAdjustedClose=true
FSBC,Five Star Bancorp Common Stock,kurs/technika,"F3: beta <= 1,2 lub brak danych; F4: kurs mniej niż 25% pod 52-tyg. szczytem; F5: kurs pod SMA50",https://query1.finance.yahoo.com/v8/finance/chart/FSBC?range=2y&interval=1d&includeAdjustedClose=true
FSBW,FS Bancorp Inc. Common Stock,kurs/technika,"średni obrót < 2 mln USD; F3: beta <= 1,2 lub brak danych; F4: kurs mniej niż 25% pod 52-tyg. szczytem",https://query1.finance.yahoo.com/v8/finance/chart/FSBW?range=2y&interval=1d&includeAdjustedClose=true
FSTR,L.B. Foster Company Common Stock,kurs/technika,F4: kurs mniej niż 25% pod 52-tyg. szczytem; F5: kurs pod SMA50,https://query1.finance.yahoo.com/v8/finance/chart/FSTR?range=2y&interval=1d&includeAdjustedClose=true
FSUN,FirstSun Capital Bancorp Common Stock,kurs/technika,"F3: beta <= 1,2 lub brak danych; F4: kurs mniej niż 25% pod 52-tyg. szczytem; F5: kurs pod SMA50",https://query1.finance.yahoo.com/v8/finance/chart/FSUN?range=2y&interval=1d&includeAdjustedClose=true
FTH,Faeth Therapeutics Inc. Common Stock,kurs/technika,F5: kurs pod SMA50,https://query1.finance.yahoo.com/v8/finance/chart/FTH?range=2y&interval=1d&includeAdjustedClose=true
FTRE,Fortrea Holdings Inc. Common Stock,kurs/technika,F4: kurs mniej niż 25% pod 52-tyg. szczytem,https://query1.finance.yahoo.com/v8/finance/chart/FTRE?range=2y&interval=1d&includeAdjustedClose=true
FULC,Fulcrum Therapeutics Inc. Common Stock,kurs/technika,F5: kurs pod SMA50,https://query1.finance.yahoo.com/v8/finance/chart/FULC?range=2y&interval=1d&includeAdjustedClose=true
FUND,Sprott Focus Trust Inc. Common Stock,kurs/technika,"średni obrót < 2 mln USD; F3: beta <= 1,2 lub brak danych; F4: kurs mniej niż 25% pod 52-tyg. szczytem; F5: kurs pod SMA50",https://query1.finance.yahoo.com/v8/finance/chart/FUND?range=2y&interval=1d&includeAdjustedClose=true
FVCB,FVCBankcorp Inc. Common Stock,kurs/technika,"średni obrót < 2 mln USD; F3: beta <= 1,2 lub brak danych; F4: kurs mniej niż 25% pod 52-tyg. szczytem; F5: kurs pod SMA50",https://query1.finance.yahoo.com/v8/finance/chart/FVCB?range=2y&interval=1d&includeAdjustedClose=true
FWDI,Forward Industries Inc. Common Stock,kurs/technika,"F3: beta <= 1,2 lub brak danych",https://query1.finance.yahoo.com/v8/finance/chart/FWDI?range=2y&interval=1d&includeAdjustedClose=true
FWRD,Forward Air Corporation Common Stock,kurs/technika,F5: kurs pod SMA50,https://query1.finance.yahoo.com/v8/finance/chart/FWRD?range=2y&interval=1d&includeAdjustedClose=true
FWRG,First Watch Restaurant Group Inc. Common Stock,kurs/technika,F5: kurs pod SMA50,https://query1.finance.yahoo.com/v8/finance/chart/FWRG?range=2y&interval=1d&includeAdjustedClose=true
GABC,German American Bancorp Inc. Common Stock,kurs/technika,"F3: beta <= 1,2 lub brak danych; F4: kurs mniej niż 25% pod 52-tyg. szczytem; F5: kurs pod SMA50",https://query1.finance.yahoo.com/v8/finance/chart/GABC?range=2y&interval=1d&includeAdjustedClose=true
GAIN,Gladstone Investment Corporation Business Development Company,kurs/technika,"F3: beta <= 1,2 lub brak danych; F4: kurs mniej niż 25% pod 52-tyg. szczytem; F5: kurs pod SMA50",https://query1.finance.yahoo.com/v8/finance/chart/GAIN?range=2y&interval=1d&includeAdjustedClose=true
GALT,Galectin Therapeutics Inc. Common Stock,kurs/technika,"średni obrót < 2 mln USD; F3: beta <= 1,2 lub brak danych; F5: kurs pod SMA50",https://query1.finance.yahoo.com/v8/finance/chart/GALT?range=2y&interval=1d&includeAdjustedClose=true
GASS,StealthGas Inc. Common Stock,kurs/technika,"średni obrót < 2 mln USD; F3: beta <= 1,2 lub brak danych; F4: kurs mniej niż 25% pod 52-tyg. szczytem; F5: kurs pod SMA50",https://query1.finance.yahoo.com/v8/finance/chart/GASS?range=2y&interval=1d&includeAdjustedClose=true
GBDC,Golub Capital BDC Inc. Common Stock,kurs/technika,"F3: beta <= 1,2 lub brak danych; F4: kurs mniej niż 25% pod 52-tyg. szczytem; F5: kurs pod SMA50",https://query1.finance.yahoo.com/v8/finance/chart/GBDC?range=2y&interval=1d&includeAdjustedClose=true
GBLI,Global Indemnity Group LLC Class A Common Stock,kurs/technika,"średni obrót < 2 mln USD; F3: beta <= 1,2 lub brak danych; F4: kurs mniej niż 25% pod 52-tyg. szczytem; F5: kurs pod SMA50",https://query1.finance.yahoo.com/v8/finance/chart/GBLI?range=2y&interval=1d&includeAdjustedClose=true
GCBC,Greene County Bancorp Inc. Common Stock,kurs/technika,"średni obrót < 2 mln USD; F3: beta <= 1,2 lub brak danych; F4: kurs mniej niż 25% pod 52-tyg. szczytem; F5: kurs pod SMA50",https://query1.finance.yahoo.com/v8/finance/chart/GCBC?range=2y&interval=1d&includeAdjustedClose=true
GCMG,GCM Grosvenor Inc. Class A Common Stock,kurs/technika,"F3: beta <= 1,2 lub brak danych; F4: kurs mniej niż 25% pod 52-tyg. szczytem; F5: kurs pod SMA50",https://query1.finance.yahoo.com/v8/finance/chart/GCMG?range=2y&interval=1d&includeAdjustedClose=true
GCT,GigaCloud Technology Inc Class A Ordinary Shares,kurs/technika,F4: kurs mniej niż 25% pod 52-tyg. szczytem,https://query1.finance.yahoo.com/v8/finance/chart/GCT?range=2y&interval=1d&includeAdjustedClose=true
GDRX,GoodRx Holdings Inc. Class A Common Stock,kurs/technika,"F3: beta <= 1,2 lub brak danych; F5: kurs pod SMA50",https://query1.finance.yahoo.com/v8/finance/chart/GDRX?range=2y&interval=1d&includeAdjustedClose=true
GDYN,Grid Dynamics Holdings Inc. Class A Common Stock,kurs/technika,F4: kurs mniej niż 25% pod 52-tyg. szczytem; F5: kurs pod SMA50,https://query1.finance.yahoo.com/v8/finance/chart/GDYN?range=2y&interval=1d&includeAdjustedClose=true
GEMI,Gemini Space Station Inc. Class A Common Stock,kurs/technika,F5: kurs pod SMA50,https://query1.finance.yahoo.com/v8/finance/chart/GEMI?range=2y&interval=1d&includeAdjustedClose=true
GENB,Generate Biomedicines Inc. Common Stock,kurs/technika,"F3: beta <= 1,2 lub brak danych; F5: kurs pod SMA50",https://query1.finance.yahoo.com/v8/finance/chart/GENB?range=2y&interval=1d&includeAdjustedClose=true
GERN,Geron Corporation Common Stock,kurs/technika,F5: kurs pod SMA50,https://query1.finance.yahoo.com/v8/finance/chart/GERN?range=2y&interval=1d&includeAdjustedClose=true
GEVO,Gevo Inc. Common Stock,kurs/technika,"F3: beta <= 1,2 lub brak danych; F5: kurs pod SMA50",https://query1.finance.yahoo.com/v8/finance/chart/GEVO?range=2y&interval=1d&includeAdjustedClose=true
GFUZ,General Fusion Group Ltd. Common Shares,kurs/technika,"średni obrót < 2 mln USD; F3: beta <= 1,2 lub brak danych",https://query1.finance.yahoo.com/v8/finance/chart/GFUZ?range=2y&interval=1d&includeAdjustedClose=true
GHRS,GH Research PLC Ordinary Shares,kurs/technika,"F3: beta <= 1,2 lub brak danych; F5: kurs pod SMA50",https://query1.finance.yahoo.com/v8/finance/chart/GHRS?range=2y&interval=1d&includeAdjustedClose=true
GIII,G-III Apparel Group LTD. Common Stock,kurs/technika,"F3: beta <= 1,2 lub brak danych; F5: kurs pod SMA50",https://query1.finance.yahoo.com/v8/finance/chart/GIII?range=2y&interval=1d&includeAdjustedClose=true
GILT,Gilat Satellite Networks Ltd. Ordinary Shares,kurs/technika,F5: kurs pod SMA50,https://query1.finance.yahoo.com/v8/finance/chart/GILT?range=2y&interval=1d&includeAdjustedClose=true
GLAD,Gladstone Capital Corporation Common Stock,kurs/technika,"F3: beta <= 1,2 lub brak danych; F4: kurs mniej niż 25% pod 52-tyg. szczytem; F5: kurs pod SMA50",https://query1.finance.yahoo.com/v8/finance/chart/GLAD?range=2y&interval=1d&includeAdjustedClose=true
GLIBA,Liberty Capital Corporation Series A GCI Group Common Stock,kurs/technika,"średni obrót < 2 mln USD; F3: beta <= 1,2 lub brak danych; F5: kurs pod SMA50",https://query1.finance.yahoo.com/v8/finance/chart/GLIBA?range=2y&interval=1d&includeAdjustedClose=true
GLIBK,Liberty Capital Corporation Series C GCI Group Common Stock,kurs/technika,"F3: beta <= 1,2 lub brak danych; F5: kurs pod SMA50",https://query1.finance.yahoo.com/v8/finance/chart/GLIBK?range=2y&interval=1d&includeAdjustedClose=true
GLOO,Gloo Holdings Inc. Class A Common Stock,kurs/technika,"F3: beta <= 1,2 lub brak danych",https://query1.finance.yahoo.com/v8/finance/chart/GLOO?range=2y&interval=1d&includeAdjustedClose=true
GLRE,Greenlight Capital Re Ltd. Class A Ordinary Shares,kurs/technika,"F3: beta <= 1,2 lub brak danych; F4: kurs mniej niż 25% pod 52-tyg. szczytem; F5: kurs pod SMA50",https://query1.finance.yahoo.com/v8/finance/chart/GLRE?range=2y&interval=1d&includeAdjustedClose=true
GLUE,Monte Rosa Therapeutics Inc. Common Stock,kurs/technika,F5: kurs pod SMA50,https://query1.finance.yahoo.com/v8/finance/chart/GLUE?range=2y&interval=1d&includeAdjustedClose=true
GO,Grocery Outlet Holding Corp. Common Stock,kurs/technika,"F3: beta <= 1,2 lub brak danych",https://query1.finance.yahoo.com/v8/finance/chart/GO?range=2y&interval=1d&includeAdjustedClose=true
GOGO,Gogo Inc. Common Stock,kurs/technika,F5: kurs pod SMA50,https://query1.finance.yahoo.com/v8/finance/chart/GOGO?range=2y&interval=1d&includeAdjustedClose=true
GOOD,Gladstone Commercial Corporation Real Estate Investment Trust,kurs/technika,"F3: beta <= 1,2 lub brak danych; F4: kurs mniej niż 25% pod 52-tyg. szczytem; F5: kurs pod SMA50",https://query1.finance.yahoo.com/v8/finance/chart/GOOD?range=2y&interval=1d&includeAdjustedClose=true
GPCR,Structure Therapeutics Inc. American Depositary Shares,kurs/technika,"F3: beta <= 1,2 lub brak danych; F5: kurs pod SMA50",https://query1.finance.yahoo.com/v8/finance/chart/GPCR?range=2y&interval=1d&includeAdjustedClose=true
GPRE,Green Plains Inc. Common Stock,kurs/technika,"F3: beta <= 1,2 lub brak danych; F4: kurs mniej niż 25% pod 52-tyg. szczytem; F5: kurs pod SMA50",https://query1.finance.yahoo.com/v8/finance/chart/GPRE?range=2y&interval=1d&includeAdjustedClose=true
GRPN,Groupon Inc. Common Stock,kurs/technika,F5: kurs pod SMA50,https://query1.finance.yahoo.com/v8/finance/chart/GRPN?range=2y&interval=1d&includeAdjustedClose=true
GRRR,Gorilla Technology Group Inc. Ordinary shares,kurs/technika,F5: kurs pod SMA50,https://query1.finance.yahoo.com/v8/finance/chart/GRRR?range=2y&interval=1d&includeAdjustedClose=true
GRVY,GRAVITY Co. Ltd. American Depository Shares,kurs/technika,"F3: beta <= 1,2 lub brak danych; F4: kurs mniej niż 25% pod 52-tyg. szczytem; F5: kurs pod SMA50",https://query1.finance.yahoo.com/v8/finance/chart/GRVY?range=2y&interval=1d&includeAdjustedClose=true
GSBC,Great Southern Bancorp Inc. Common Stock,kurs/technika,"F3: beta <= 1,2 lub brak danych; F4: kurs mniej niż 25% pod 52-tyg. szczytem; F5: kurs pod SMA50",https://query1.finance.yahoo.com/v8/finance/chart/GSBC?range=2y&interval=1d&includeAdjustedClose=true
GSHD,Goosehead Insurance Inc. Class A Common Stock,kurs/technika,"F3: beta <= 1,2 lub brak danych; F5: kurs pod SMA50",https://query1.finance.yahoo.com/v8/finance/chart/GSHD?range=2y&interval=1d&includeAdjustedClose=true
GSM,Ferroglobe PLC Ordinary Shares,kurs/technika,"F3: beta <= 1,2 lub brak danych",https://query1.finance.yahoo.com/v8/finance/chart/GSM?range=2y&interval=1d&includeAdjustedClose=true
GT,The Goodyear Tire & Rubber Company Common Stock,kurs/technika,"F3: beta <= 1,2 lub brak danych; F5: kurs pod SMA50",https://query1.finance.yahoo.com/v8/finance/chart/GT?range=2y&interval=1d&includeAdjustedClose=true
GTM,ZoomInfo Technologies Inc Common Stock,kurs/technika,F5: kurs pod SMA50,https://query1.finance.yahoo.com/v8/finance/chart/GTM?range=2y&interval=1d&includeAdjustedClose=true
GYRE,Gyre Therapeutics Inc. Common Stock,kurs/technika,średni obrót < 2 mln USD,https://query1.finance.yahoo.com/v8/finance/chart/GYRE?range=2y&interval=1d&includeAdjustedClose=true
HAFC,Hanmi Financial Corporation Common Stock,kurs/technika,"F3: beta <= 1,2 lub brak danych; F4: kurs mniej niż 25% pod 52-tyg. szczytem; F5: kurs pod SMA50",https://query1.finance.yahoo.com/v8/finance/chart/HAFC?range=2y&interval=1d&includeAdjustedClose=true
HAPN,Happen Inc. Common Stock,kurs/technika,F5: kurs pod SMA50,https://query1.finance.yahoo.com/v8/finance/chart/HAPN?range=2y&interval=1d&includeAdjustedClose=true
HBCP,Home Bancorp Inc. Common Stock,kurs/technika,"F3: beta <= 1,2 lub brak danych; F4: kurs mniej niż 25% pod 52-tyg. szczytem; F5: kurs pod SMA50",https://query1.finance.yahoo.com/v8/finance/chart/HBCP?range=2y&interval=1d&includeAdjustedClose=true
HBNB,Hotel101 Global Holdings Corp. Class A Ordinary Shares,kurs/technika,"średni obrót < 2 mln USD; F3: beta <= 1,2 lub brak danych; F5: kurs pod SMA50",https://query1.finance.yahoo.com/v8/finance/chart/HBNB?range=2y&interval=1d&includeAdjustedClose=true
HBNC,Horizon Bancorp Inc. Common Stock,kurs/technika,"F3: beta <= 1,2 lub brak danych; F4: kurs mniej niż 25% pod 52-tyg. szczytem; F5: kurs pod SMA50",https://query1.finance.yahoo.com/v8/finance/chart/HBNC?range=2y&interval=1d&includeAdjustedClose=true
HBT,HBT Financial Inc. Common Stock,kurs/technika,"F3: beta <= 1,2 lub brak danych; F4: kurs mniej niż 25% pod 52-tyg. szczytem; F5: kurs pod SMA50",https://query1.finance.yahoo.com/v8/finance/chart/HBT?range=2y&interval=1d&includeAdjustedClose=true
HCSG,Healthcare Services Group Inc. Common Stock,kurs/technika,"F3: beta <= 1,2 lub brak danych; F4: kurs mniej niż 25% pod 52-tyg. szczytem; F5: kurs pod SMA50",https://query1.finance.yahoo.com/v8/finance/chart/HCSG?range=2y&interval=1d&includeAdjustedClose=true
HDL,SUPER HI INTERNATIONAL HOLDING LTD. American Depositary Shares,kurs/technika,"średni obrót < 2 mln USD; F3: beta <= 1,2 lub brak danych; F5: kurs pod SMA50",https://query1.finance.yahoo.com/v8/finance/chart/HDL?range=2y&interval=1d&includeAdjustedClose=true
HELE,Helen of Troy Limited Common Stock,kurs/technika,"F3: beta <= 1,2 lub brak danych; F4: kurs mniej niż 25% pod 52-tyg. szczytem; F5: kurs pod SMA50",https://query1.finance.yahoo.com/v8/finance/chart/HELE?range=2y&interval=1d&includeAdjustedClose=true
HELP,Helus Pharma Inc. Common Stock,kurs/technika,F5: kurs pod SMA50,https://query1.finance.yahoo.com/v8/finance/chart/HELP?range=2y&interval=1d&includeAdjustedClose=true
HEPS,D-Market Electronic Services & Trading American Depositary Shares,kurs/technika,"średni obrót < 2 mln USD; F3: beta <= 1,2 lub brak danych; F4: kurs mniej niż 25% pod 52-tyg. szczytem; F5: kurs pod SMA50",https://query1.finance.yahoo.com/v8/finance/chart/HEPS?range=2y&interval=1d&includeAdjustedClose=true
HFWA,Heritage Financial Corporation Common Stock,kurs/technika,"F3: beta <= 1,2 lub brak danych; F4: kurs mniej niż 25% pod 52-tyg. szczytem; F5: kurs pod SMA50",https://query1.finance.yahoo.com/v8/finance/chart/HFWA?range=2y&interval=1d&includeAdjustedClose=true
HIFS,Hingham Institution for Savings Common Stock,kurs/technika,"F3: beta <= 1,2 lub brak danych; F4: kurs mniej niż 25% pod 52-tyg. szczytem; F5: kurs pod SMA50",https://query1.finance.yahoo.com/v8/finance/chart/HIFS?range=2y&interval=1d&includeAdjustedClose=true
HIMX,Himax Technologies Inc. American Depositary Shares,kurs/technika,F5: kurs pod SMA50,https://query1.finance.yahoo.com/v8/finance/chart/HIMX?range=2y&interval=1d&includeAdjustedClose=true
HIVE,HIVE Digital Technologies Ltd. Common Shares,kurs/technika,F5: kurs pod SMA50,https://query1.finance.yahoo.com/v8/finance/chart/HIVE?range=2y&interval=1d&includeAdjustedClose=true
HLIT,Harmonic Inc. Common Stock,kurs/technika,F5: kurs pod SMA50,https://query1.finance.yahoo.com/v8/finance/chart/HLIT?range=2y&interval=1d&includeAdjustedClose=true
HLMN,Hillman Solutions Corp. Common Stock,kurs/technika,"F3: beta <= 1,2 lub brak danych; F5: kurs pod SMA50",https://query1.finance.yahoo.com/v8/finance/chart/HLMN?range=2y&interval=1d&includeAdjustedClose=true
HMH,HMH Holding Inc. Class A Common Stock,kurs/technika,"F3: beta <= 1,2 lub brak danych; F5: kurs pod SMA50",https://query1.finance.yahoo.com/v8/finance/chart/HMH?range=2y&interval=1d&includeAdjustedClose=true
HNRG,Hallador Energy Company Common Stock,kurs/technika,F5: kurs pod SMA50,https://query1.finance.yahoo.com/v8/finance/chart/HNRG?range=2y&interval=1d&includeAdjustedClose=true
HNST,The Honest Company Inc. Common Stock,kurs/technika,F4: kurs mniej niż 25% pod 52-tyg. szczytem; F5: kurs pod SMA50,https://query1.finance.yahoo.com/v8/finance/chart/HNST?range=2y&interval=1d&includeAdjustedClose=true
HOPE,Hope Bancorp Inc. Common Stock,kurs/technika,"F3: beta <= 1,2 lub brak danych; F4: kurs mniej niż 25% pod 52-tyg. szczytem; F5: kurs pod SMA50",https://query1.finance.yahoo.com/v8/finance/chart/HOPE?range=2y&interval=1d&includeAdjustedClose=true
HPK,HighPeak Energy Inc. Common Stock,kurs/technika,"F3: beta <= 1,2 lub brak danych; F4: kurs mniej niż 25% pod 52-tyg. szczytem",https://query1.finance.yahoo.com/v8/finance/chart/HPK?range=2y&interval=1d&includeAdjustedClose=true
HQ,Horizon Quantum Holdings Ltd. Class A Ordinary Shares,kurs/technika,"F3: beta <= 1,2 lub brak danych",https://query1.finance.yahoo.com/v8/finance/chart/HQ?range=2y&interval=1d&includeAdjustedClose=true
HRMY,Harmony Biosciences Holdings Inc. Common Stock,kurs/technika,"F3: beta <= 1,2 lub brak danych; F4: kurs mniej niż 25% pod 52-tyg. szczytem; F5: kurs pod SMA50",https://query1.finance.yahoo.com/v8/finance/chart/HRMY?range=2y&interval=1d&includeAdjustedClose=true
HROW,Harrow Inc. Common Stock,kurs/technika,F5: kurs pod SMA50,https://query1.finance.yahoo.com/v8/finance/chart/HROW?range=2y&interval=1d&includeAdjustedClose=true
HRZN,Horizon Technology Finance Corporation Common Stock,kurs/technika,"F3: beta <= 1,2 lub brak danych; F5: kurs pod SMA50",https://query1.finance.yahoo.com/v8/finance/chart/HRZN?range=2y&interval=1d&includeAdjustedClose=true
HSTM,HealthStream Inc. Common Stock,kurs/technika,"F3: beta <= 1,2 lub brak danych; F4: kurs mniej niż 25% pod 52-tyg. szczytem",https://query1.finance.yahoo.com/v8/finance/chart/HSTM?range=2y&interval=1d&includeAdjustedClose=true
HTLD,Heartland Express Inc. Common Stock,kurs/technika,"F3: beta <= 1,2 lub brak danych; F5: kurs pod SMA50",https://query1.finance.yahoo.com/v8/finance/chart/HTLD?range=2y&interval=1d&includeAdjustedClose=true
HTO,H2O America Common Stock,kurs/technika,"F3: beta <= 1,2 lub brak danych; F4: kurs mniej niż 25% pod 52-tyg. szczytem; F5: kurs pod SMA50",https://query1.finance.yahoo.com/v8/finance/chart/HTO?range=2y&interval=1d&includeAdjustedClose=true
HTZ,Hertz Global Holdings Inc Common Stock,kurs/technika,"F3: beta <= 1,2 lub brak danych; F5: kurs pod SMA50",https://query1.finance.yahoo.com/v8/finance/chart/HTZ?range=2y&interval=1d&includeAdjustedClose=true
HUBG,Hub Group Inc. Class A Common Stock,kurs/technika,"F3: beta <= 1,2 lub brak danych; F5: kurs pod SMA50",https://query1.finance.yahoo.com/v8/finance/chart/HUBG?range=2y&interval=1d&includeAdjustedClose=true
HURN,Huron Consulting Group Inc. Common Stock,kurs/technika,"F3: beta <= 1,2 lub brak danych; F4: kurs mniej niż 25% pod 52-tyg. szczytem",https://query1.finance.yahoo.com/v8/finance/chart/HURN?range=2y&interval=1d&includeAdjustedClose=true
HWBK,Hawthorn Bancshares Inc. Common Stock,kurs/technika,"średni obrót < 2 mln USD; F3: beta <= 1,2 lub brak danych; F4: kurs mniej niż 25% pod 52-tyg. szczytem; F5: kurs pod SMA50",https://query1.finance.yahoo.com/v8/finance/chart/HWBK?range=2y&interval=1d&includeAdjustedClose=true
HWKN,Hawkins Inc. Common Stock,kurs/technika,"F3: beta <= 1,2 lub brak danych",https://query1.finance.yahoo.com/v8/finance/chart/HWKN?range=2y&interval=1d&includeAdjustedClose=true
HYMC,Hycroft Mining Holding Corporation Class A Common Stock,kurs/technika,"F3: beta <= 1,2 lub brak danych; F5: kurs pod SMA50",https://query1.finance.yahoo.com/v8/finance/chart/HYMC?range=2y&interval=1d&includeAdjustedClose=true
IA,Innovative Solutions and Support Inc. Common Stock,kurs/technika,F5: kurs pod SMA50,https://query1.finance.yahoo.com/v8/finance/chart/IA?range=2y&interval=1d&includeAdjustedClose=true
IART,Integra LifeSciences Holdings Corporation Common Stock,kurs/technika,F5: kurs pod SMA50,https://query1.finance.yahoo.com/v8/finance/chart/IART?range=2y&interval=1d&includeAdjustedClose=true
IBCP,Independent Bank Corporation Common Stock,kurs/technika,"F3: beta <= 1,2 lub brak danych; F4: kurs mniej niż 25% pod 52-tyg. szczytem; F5: kurs pod SMA50",https://query1.finance.yahoo.com/v8/finance/chart/IBCP?range=2y&interval=1d&includeAdjustedClose=true
IBEX,IBEX Limited Common Shares,kurs/technika,"F3: beta <= 1,2 lub brak danych; F4: kurs mniej niż 25% pod 52-tyg. szczytem",https://query1.finance.yahoo.com/v8/finance/chart/IBEX?range=2y&interval=1d&includeAdjustedClose=true
ICFI,ICF International Inc. Common Stock,kurs/technika,"F3: beta <= 1,2 lub brak danych; F4: kurs mniej niż 25% pod 52-tyg. szczytem; F5: kurs pod SMA50",https://query1.finance.yahoo.com/v8/finance/chart/ICFI?range=2y&interval=1d&includeAdjustedClose=true
IGIC,International General Insurance Holdings Ltd. Ordinary Share,kurs/technika,"F3: beta <= 1,2 lub brak danych; F4: kurs mniej niż 25% pod 52-tyg. szczytem; F5: kurs pod SMA50",https://query1.finance.yahoo.com/v8/finance/chart/IGIC?range=2y&interval=1d&includeAdjustedClose=true
IHRT,iHeartMedia Inc. Class A Common Stock,kurs/technika,średni obrót < 2 mln USD; F5: kurs pod SMA50,https://query1.finance.yahoo.com/v8/finance/chart/IHRT?range=2y&interval=1d&includeAdjustedClose=true
III,Information Services Group Inc. Common Stock,kurs/technika,"średni obrót < 2 mln USD; F3: beta <= 1,2 lub brak danych; F4: kurs mniej niż 25% pod 52-tyg. szczytem",https://query1.finance.yahoo.com/v8/finance/chart/III?range=2y&interval=1d&includeAdjustedClose=true
IIIV,i3 Verticals Inc. Class A Common Stock,kurs/technika,"F3: beta <= 1,2 lub brak danych; F5: kurs pod SMA50",https://query1.finance.yahoo.com/v8/finance/chart/IIIV?range=2y&interval=1d&includeAdjustedClose=true
IKT,Inhibikase Therapeutics Inc. Common Stock,kurs/technika,średni obrót < 2 mln USD; F5: kurs pod SMA50,https://query1.finance.yahoo.com/v8/finance/chart/IKT?range=2y&interval=1d&includeAdjustedClose=true
IMCR,Immunocore Holdings plc American Depositary Shares,kurs/technika,"F3: beta <= 1,2 lub brak danych; F5: kurs pod SMA50",https://query1.finance.yahoo.com/v8/finance/chart/IMCR?range=2y&interval=1d&includeAdjustedClose=true
IMKTA,Ingles Markets Incorporated Class A Common Stock,kurs/technika,"F3: beta <= 1,2 lub brak danych; F4: kurs mniej niż 25% pod 52-tyg. szczytem",https://query1.finance.yahoo.com/v8/finance/chart/IMKTA?range=2y&interval=1d&includeAdjustedClose=true
IMMX,Immix Biopharma Inc. Common Stock,kurs/technika,F5: kurs pod SMA50,https://query1.finance.yahoo.com/v8/finance/chart/IMMX?range=2y&interval=1d&includeAdjustedClose=true
IMNM,Immunome Inc. Common Stock,kurs/technika,F5: kurs pod SMA50,https://query1.finance.yahoo.com/v8/finance/chart/IMNM?range=2y&interval=1d&includeAdjustedClose=true
IMOS,ChipMOS TECHNOLOGIES INC. American Depositary Shares,kurs/technika,F4: kurs mniej niż 25% pod 52-tyg. szczytem,https://query1.finance.yahoo.com/v8/finance/chart/IMOS?range=2y&interval=1d&includeAdjustedClose=true
IMSR,Terrestrial Energy Inc. Common Stock,kurs/technika,"F3: beta <= 1,2 lub brak danych; F5: kurs pod SMA50",https://query1.finance.yahoo.com/v8/finance/chart/IMSR?range=2y&interval=1d&includeAdjustedClose=true
IMTX,Immatics N.V. Ordinary Shares,kurs/technika,F5: kurs pod SMA50,https://query1.finance.yahoo.com/v8/finance/chart/IMTX?range=2y&interval=1d&includeAdjustedClose=true
IMXI,International Money Express Inc. Common Stock,kurs/technika,"F3: beta <= 1,2 lub brak danych; F4: kurs mniej niż 25% pod 52-tyg. szczytem; F5: kurs pod SMA50",https://query1.finance.yahoo.com/v8/finance/chart/IMXI?range=2y&interval=1d&includeAdjustedClose=true
INBX,Inhibrx Biosciences Inc. Common Stock,kurs/technika,F5: kurs pod SMA50,https://query1.finance.yahoo.com/v8/finance/chart/INBX?range=2y&interval=1d&includeAdjustedClose=true
INDI,indie Semiconductor Inc. Class A Common Stock,kurs/technika,F5: kurs pod SMA50,https://query1.finance.yahoo.com/v8/finance/chart/INDI?range=2y&interval=1d&includeAdjustedClose=true
INMD,InMode Ltd. Ordinary Shares,kurs/technika,"F3: beta <= 1,2 lub brak danych; F4: kurs mniej niż 25% pod 52-tyg. szczytem; F5: kurs pod SMA50",https://query1.finance.yahoo.com/v8/finance/chart/INMD?range=2y&interval=1d&includeAdjustedClose=true
INNV,InnovAge Holding Corp. Common Stock,kurs/technika,"F3: beta <= 1,2 lub brak danych; F5: kurs pod SMA50",https://query1.finance.yahoo.com/v8/finance/chart/INNV?range=2y&interval=1d&includeAdjustedClose=true
INTA,Intapp Inc. Common Stock,kurs/technika,F4: kurs mniej niż 25% pod 52-tyg. szczytem; F5: kurs pod SMA50,https://query1.finance.yahoo.com/v8/finance/chart/INTA?range=2y&interval=1d&includeAdjustedClose=true
INTR,Inter & Co. Inc. Class A Common Shares,kurs/technika,"F3: beta <= 1,2 lub brak danych",https://query1.finance.yahoo.com/v8/finance/chart/INTR?range=2y&interval=1d&includeAdjustedClose=true
INVA,Innoviva Inc. Common Stock,kurs/technika,"F3: beta <= 1,2 lub brak danych; F4: kurs mniej niż 25% pod 52-tyg. szczytem; F5: kurs pod SMA50",https://query1.finance.yahoo.com/v8/finance/chart/INVA?range=2y&interval=1d&includeAdjustedClose=true
IOSP,Innospec Inc. Common Stock,kurs/technika,"F3: beta <= 1,2 lub brak danych; F4: kurs mniej niż 25% pod 52-tyg. szczytem",https://query1.finance.yahoo.com/v8/finance/chart/IOSP?range=2y&interval=1d&includeAdjustedClose=true
IPX,IperionX Limited American Depositary Share,kurs/technika,F5: kurs pod SMA50,https://query1.finance.yahoo.com/v8/finance/chart/IPX?range=2y&interval=1d&includeAdjustedClose=true
IQMX,IQM Quantum Computers Oyj American Depositary Shares,kurs/technika,"F3: beta <= 1,2 lub brak danych",https://query1.finance.yahoo.com/v8/finance/chart/IQMX?range=2y&interval=1d&includeAdjustedClose=true
IRD,Opus Genetics Inc. Common Stock,kurs/technika,"F3: beta <= 1,2 lub brak danych; F5: kurs pod SMA50",https://query1.finance.yahoo.com/v8/finance/chart/IRD?range=2y&interval=1d&includeAdjustedClose=true
IRMD,iRadimed Corporation Common Stock,kurs/technika,"F3: beta <= 1,2 lub brak danych; F4: kurs mniej niż 25% pod 52-tyg. szczytem; F5: kurs pod SMA50",https://query1.finance.yahoo.com/v8/finance/chart/IRMD?range=2y&interval=1d&includeAdjustedClose=true
IRON,Disc Medicine Inc. Common Stock,kurs/technika,F5: kurs pod SMA50,https://query1.finance.yahoo.com/v8/finance/chart/IRON?range=2y&interval=1d&includeAdjustedClose=true
IRWD,Ironwood Pharmaceuticals Inc. Class A Common Stock,kurs/technika,"F3: beta <= 1,2 lub brak danych; F5: kurs pod SMA50",https://query1.finance.yahoo.com/v8/finance/chart/IRWD?range=2y&interval=1d&includeAdjustedClose=true
ISBA,Isabella Bank Corporation Common stock,kurs/technika,"F3: beta <= 1,2 lub brak danych; F5: kurs pod SMA50",https://query1.finance.yahoo.com/v8/finance/chart/ISBA?range=2y&interval=1d&includeAdjustedClose=true
ISTR,Investar Holding Corporation Common Stock,kurs/technika,"F3: beta <= 1,2 lub brak danych; F4: kurs mniej niż 25% pod 52-tyg. szczytem; F5: kurs pod SMA50",https://query1.finance.yahoo.com/v8/finance/chart/ISTR?range=2y&interval=1d&includeAdjustedClose=true
ITG,ITG Inc. Class A Common Stock,kurs,za krótka historia notowań (70 sesji),
ITIC,Investors Title Company Common Stock,kurs/technika,"F3: beta <= 1,2 lub brak danych; F4: kurs mniej niż 25% pod 52-tyg. szczytem",https://query1.finance.yahoo.com/v8/finance/chart/ITIC?range=2y&interval=1d&includeAdjustedClose=true
ITRN,Ituran Location and Control Ltd. Ordinary Shares,kurs/technika,"F3: beta <= 1,2 lub brak danych; F4: kurs mniej niż 25% pod 52-tyg. szczytem; F5: kurs pod SMA50",https://query1.finance.yahoo.com/v8/finance/chart/ITRN?range=2y&interval=1d&includeAdjustedClose=true
IVA,Inventiva S.A. American Depository Shares,kurs/technika,"F3: beta <= 1,2 lub brak danych; F5: kurs pod SMA50",https://query1.finance.yahoo.com/v8/finance/chart/IVA?range=2y&interval=1d&includeAdjustedClose=true
JAKK,JAKKS Pacific Inc. Common Stock,kurs/technika,"F3: beta <= 1,2 lub brak danych; F4: kurs mniej niż 25% pod 52-tyg. szczytem",https://query1.finance.yahoo.com/v8/finance/chart/JAKK?range=2y&interval=1d&includeAdjustedClose=true
JANX,Janux Therapeutics Inc. Common Stock,kurs/technika,"F3: beta <= 1,2 lub brak danych",https://query1.finance.yahoo.com/v8/finance/chart/JANX?range=2y&interval=1d&includeAdjustedClose=true
JBIO,Jade Biosciences Inc. Common Stock,kurs/technika,"F3: beta <= 1,2 lub brak danych; F5: kurs pod SMA50",https://query1.finance.yahoo.com/v8/finance/chart/JBIO?range=2y&interval=1d&includeAdjustedClose=true
JBLU,JetBlue Airways Corporation Common Stock,kurs/technika,F5: kurs pod SMA50,https://query1.finance.yahoo.com/v8/finance/chart/JBLU?range=2y&interval=1d&includeAdjustedClose=true
JBSS,John B. Sanfilippo & Son Inc. Common Stock,kurs/technika,"F3: beta <= 1,2 lub brak danych; F5: kurs pod SMA50",https://query1.finance.yahoo.com/v8/finance/chart/JBSS?range=2y&interval=1d&includeAdjustedClose=true
JCAP,Jefferson Capital Inc. Common Stock,kurs/technika,"F3: beta <= 1,2 lub brak danych; F4: kurs mniej niż 25% pod 52-tyg. szczytem; F5: kurs pod SMA50",https://query1.finance.yahoo.com/v8/finance/chart/JCAP?range=2y&interval=1d&includeAdjustedClose=true
JJSF,J & J Snack Foods Corp. Common Stock,kurs/technika,"F3: beta <= 1,2 lub brak danych; F4: kurs mniej niż 25% pod 52-tyg. szczytem; F5: kurs pod SMA50",https://query1.finance.yahoo.com/v8/finance/chart/JJSF?range=2y&interval=1d&includeAdjustedClose=true
JMSB,John Marshall Bancorp Inc. Common Stock,kurs/technika,"średni obrót < 2 mln USD; F3: beta <= 1,2 lub brak danych; F4: kurs mniej niż 25% pod 52-tyg. szczytem; F5: kurs pod SMA50",https://query1.finance.yahoo.com/v8/finance/chart/JMSB?range=2y&interval=1d&includeAdjustedClose=true
JOUT,Johnson Outdoors Inc. Class A Common Stock,kurs/technika,"F3: beta <= 1,2 lub brak danych; F4: kurs mniej niż 25% pod 52-tyg. szczytem; F5: kurs pod SMA50",https://query1.finance.yahoo.com/v8/finance/chart/JOUT?range=2y&interval=1d&includeAdjustedClose=true
KALU,Kaiser Aluminum Corporation Common Stock,kurs/technika,F4: kurs mniej niż 25% pod 52-tyg. szczytem; F5: kurs pod SMA50,https://query1.finance.yahoo.com/v8/finance/chart/KALU?range=2y&interval=1d&includeAdjustedClose=true
KARD,Kardigan Inc. Common Stock,kurs,za krótka historia notowań (78 sesji),
KARO,Karooooo Ltd. Ordinary Shares,kurs/technika,"F3: beta <= 1,2 lub brak danych; F4: kurs mniej niż 25% pod 52-tyg. szczytem; F5: kurs pod SMA50",https://query1.finance.yahoo.com/v8/finance/chart/KARO?range=2y&interval=1d&includeAdjustedClose=true
KDK,Kodiak AI Inc. Common Stock,kurs/technika,F5: kurs pod SMA50,https://query1.finance.yahoo.com/v8/finance/chart/KDK?range=2y&interval=1d&includeAdjustedClose=true
KE,Kimball Electronics Inc. Common Stock,kurs/technika,F4: kurs mniej niż 25% pod 52-tyg. szczytem,https://query1.finance.yahoo.com/v8/finance/chart/KE?range=2y&interval=1d&includeAdjustedClose=true
KEEL,Keel Infrastructure Corp. Common Stock,kurs/technika,F5: kurs pod SMA50,https://query1.finance.yahoo.com/v8/finance/chart/KEEL?range=2y&interval=1d&includeAdjustedClose=true
KELYA,Kelly Services Inc. Class A Common Stock,kurs/technika,"F3: beta <= 1,2 lub brak danych; F4: kurs mniej niż 25% pod 52-tyg. szczytem; F5: kurs pod SMA50",https://query1.finance.yahoo.com/v8/finance/chart/KELYA?range=2y&interval=1d&includeAdjustedClose=true
KELYB,Kelly Services Inc. Class B Common Stock,kurs/technika,"średni obrót < 2 mln USD; F3: beta <= 1,2 lub brak danych; F5: kurs pod SMA50",https://query1.finance.yahoo.com/v8/finance/chart/KELYB?range=2y&interval=1d&includeAdjustedClose=true
KIDS,OrthoPediatrics Corp. Common Stock,kurs/technika,"F3: beta <= 1,2 lub brak danych; F4: kurs mniej niż 25% pod 52-tyg. szczytem; F5: kurs pod SMA50",https://query1.finance.yahoo.com/v8/finance/chart/KIDS?range=2y&interval=1d&includeAdjustedClose=true
KLRA,Kailera Therapeutics Inc. Common Stock,kurs/technika,"F3: beta <= 1,2 lub brak danych; F5: kurs pod SMA50",https://query1.finance.yahoo.com/v8/finance/chart/KLRA?range=2y&interval=1d&includeAdjustedClose=true
KMDA,Kamada Ltd. Ordinary Shares,kurs/technika,"średni obrót < 2 mln USD; F3: beta <= 1,2 lub brak danych; F4: kurs mniej niż 25% pod 52-tyg. szczytem; F5: kurs pod SMA50",https://query1.finance.yahoo.com/v8/finance/chart/KMDA?range=2y&interval=1d&includeAdjustedClose=true
KMTS,Kestra Medical Technologies Ltd. Common Stock,kurs/technika,F4: kurs mniej niż 25% pod 52-tyg. szczytem; F5: kurs pod SMA50,https://query1.finance.yahoo.com/v8/finance/chart/KMTS?range=2y&interval=1d&includeAdjustedClose=true
KOPN,Kopin Corporation Common Stock,kurs/technika,F5: kurs pod SMA50,https://query1.finance.yahoo.com/v8/finance/chart/KOPN?range=2y&interval=1d&includeAdjustedClose=true
KPLT,Katapult Holdings Inc. Common Stock,kurs/technika,"średni obrót < 2 mln USD; F3: beta <= 1,2 lub brak danych; F5: kurs pod SMA50",https://query1.finance.yahoo.com/v8/finance/chart/KPLT?range=2y&interval=1d&includeAdjustedClose=true
KRNT,Kornit Digital Ltd. Ordinary Shares,kurs/technika,F4: kurs mniej niż 25% pod 52-tyg. szczytem,https://query1.finance.yahoo.com/v8/finance/chart/KRNT?range=2y&interval=1d&includeAdjustedClose=true
KRNY,Kearny Financial Corp Common Stock,kurs/technika,"F3: beta <= 1,2 lub brak danych; F4: kurs mniej niż 25% pod 52-tyg. szczytem; F5: kurs pod SMA50",https://query1.finance.yahoo.com/v8/finance/chart/KRNY?range=2y&interval=1d&includeAdjustedClose=true
KRSA,Korsana Biosciences Inc. Common Stock,kurs/technika,średni obrót < 2 mln USD,https://query1.finance.yahoo.com/v8/finance/chart/KRSA?range=2y&interval=1d&includeAdjustedClose=true
KRT,Karat Packaging Inc. Common Stock,kurs/technika,"F3: beta <= 1,2 lub brak danych; F4: kurs mniej niż 25% pod 52-tyg. szczytem",https://query1.finance.yahoo.com/v8/finance/chart/KRT?range=2y&interval=1d&includeAdjustedClose=true
KRUS,Kura Sushi USA Inc. Class A Common Stock,kurs/technika,F5: kurs pod SMA50,https://query1.finance.yahoo.com/v8/finance/chart/KRUS?range=2y&interval=1d&includeAdjustedClose=true
KURA,Kura Oncology Inc. Common Stock,kurs/technika,F5: kurs pod SMA50,https://query1.finance.yahoo.com/v8/finance/chart/KURA?range=2y&interval=1d&includeAdjustedClose=true
KYIV,Kyivstar Group Ltd. Common Shares,kurs/technika,"F3: beta <= 1,2 lub brak danych; F5: kurs pod SMA50",https://query1.finance.yahoo.com/v8/finance/chart/KYIV?range=2y&interval=1d&includeAdjustedClose=true
KYTX,Kyverna Therapeutics Inc. Common Stock,kurs/technika,F5: kurs pod SMA50,https://query1.finance.yahoo.com/v8/finance/chart/KYTX?range=2y&interval=1d&includeAdjustedClose=true
LAES,SEALSQ Corp Ordinary Shares,kurs/technika,"F3: beta <= 1,2 lub brak danych; F5: kurs pod SMA50",https://query1.finance.yahoo.com/v8/finance/chart/LAES?range=2y&interval=1d&includeAdjustedClose=true
LASR,nLIGHT Inc. Common Stock,kurs/technika,F5: kurs pod SMA50,https://query1.finance.yahoo.com/v8/finance/chart/LASR?range=2y&interval=1d&includeAdjustedClose=true
LBRX,LB Pharmaceuticals Inc Common Stock,kurs/technika,F5: kurs pod SMA50,https://query1.finance.yahoo.com/v8/finance/chart/LBRX?range=2y&interval=1d&includeAdjustedClose=true
LBTYA,Liberty Global Ltd. Class A Common Shares,kurs/technika,"F3: beta <= 1,2 lub brak danych; F5: kurs pod SMA50",https://query1.finance.yahoo.com/v8/finance/chart/LBTYA?range=2y&interval=1d&includeAdjustedClose=true
LBTYK,Liberty Global Ltd. Class C Common Shares,kurs/technika,"F3: beta <= 1,2 lub brak danych; F5: kurs pod SMA50",https://query1.finance.yahoo.com/v8/finance/chart/LBTYK?range=2y&interval=1d&includeAdjustedClose=true
LCID,Lucid Group Inc. Common Stock,kurs/technika,"F3: beta <= 1,2 lub brak danych; F5: kurs pod SMA50",https://query1.finance.yahoo.com/v8/finance/chart/LCID?range=2y&interval=1d&includeAdjustedClose=true
LE,Lands' End Inc. Common Stock,kurs/technika,"F3: beta <= 1,2 lub brak danych; F5: kurs pod SMA50",https://query1.finance.yahoo.com/v8/finance/chart/LE?range=2y&interval=1d&includeAdjustedClose=true
LEGH,Legacy Housing Corporation Common Stock (TX),kurs/technika,"F3: beta <= 1,2 lub brak danych; F4: kurs mniej niż 25% pod 52-tyg. szczytem; F5: kurs pod SMA50",https://query1.finance.yahoo.com/v8/finance/chart/LEGH?range=2y&interval=1d&includeAdjustedClose=true
LFTO,Liftoff Mobile Inc. Common Stock,kurs,za krótka historia notowań (88 sesji),
LGIH,LGI Homes Inc. Common Stock,kurs/technika,"F3: beta <= 1,2 lub brak danych; F5: kurs pod SMA50",https://query1.finance.yahoo.com/v8/finance/chart/LGIH?range=2y&interval=1d&includeAdjustedClose=true
LIFE,Ethos Technologies Inc. Class A Common Stock,kurs/technika,"F3: beta <= 1,2 lub brak danych; F4: kurs mniej niż 25% pod 52-tyg. szczytem",https://query1.finance.yahoo.com/v8/finance/chart/LIFE?range=2y&interval=1d&includeAdjustedClose=true
LILA,Liberty Latin America Ltd. Class A Common Stock,kurs/technika,"F3: beta <= 1,2 lub brak danych; F4: kurs mniej niż 25% pod 52-tyg. szczytem",https://query1.finance.yahoo.com/v8/finance/chart/LILA?range=2y&interval=1d&includeAdjustedClose=true
LILAK,Liberty Latin America Ltd. Class C Common Stock,kurs/technika,"F3: beta <= 1,2 lub brak danych; F4: kurs mniej niż 25% pod 52-tyg. szczytem",https://query1.finance.yahoo.com/v8/finance/chart/LILAK?range=2y&interval=1d&includeAdjustedClose=true
LIME,Neutron Holdings Inc. Common Stock,kurs,za krótka historia notowań (70 sesji),
LINC,Lincoln Educational Services Corporation Common Stock,kurs/technika,"F3: beta <= 1,2 lub brak danych; F5: kurs pod SMA50",https://query1.finance.yahoo.com/v8/finance/chart/LINC?range=2y&interval=1d&includeAdjustedClose=true
LIND,Lindblad Expeditions Holdings Inc. Common Stock,kurs/technika,F4: kurs mniej niż 25% pod 52-tyg. szczytem,https://query1.finance.yahoo.com/v8/finance/chart/LIND?range=2y&interval=1d&includeAdjustedClose=true
LKFN,Lakeland Financial Corporation Common Stock,kurs/technika,"F3: beta <= 1,2 lub brak danych; F4: kurs mniej niż 25% pod 52-tyg. szczytem; F5: kurs pod SMA50",https://query1.finance.yahoo.com/v8/finance/chart/LKFN?range=2y&interval=1d&includeAdjustedClose=true
LKFT,Lakefront Biotherapeutics American Depositary Shares,kurs/technika,"F3: beta <= 1,2 lub brak danych; F4: kurs mniej niż 25% pod 52-tyg. szczytem",https://query1.finance.yahoo.com/v8/finance/chart/LKFT?range=2y&interval=1d&includeAdjustedClose=true
LMAT,LeMaitre Vascular Inc. Common Stock,kurs/technika,"F3: beta <= 1,2 lub brak danych; F5: kurs pod SMA50",https://query1.finance.yahoo.com/v8/finance/chart/LMAT?range=2y&interval=1d&includeAdjustedClose=true
LMB,Limbach Holdings Inc. Common Stock,kurs/technika,"F3: beta <= 1,2 lub brak danych",https://query1.finance.yahoo.com/v8/finance/chart/LMB?range=2y&interval=1d&includeAdjustedClose=true
LMRI,Lumexa Imaging Holdings Inc. Common Stock,kurs/technika,"F3: beta <= 1,2 lub brak danych; F5: kurs pod SMA50",https://query1.finance.yahoo.com/v8/finance/chart/LMRI?range=2y&interval=1d&includeAdjustedClose=true
LOCO,El Pollo Loco Holdings Inc. Common Stock,kurs/technika,"F3: beta <= 1,2 lub brak danych; F4: kurs mniej niż 25% pod 52-tyg. szczytem; F5: kurs pod SMA50",https://query1.finance.yahoo.com/v8/finance/chart/LOCO?range=2y&interval=1d&includeAdjustedClose=true
LPTH,LightPath Technologies Inc. Class A Common Stock,kurs/technika,F5: kurs pod SMA50,https://query1.finance.yahoo.com/v8/finance/chart/LPTH?range=2y&interval=1d&includeAdjustedClose=true
LQDA,Liquidia Corporation Common Stock,kurs/technika,F5: kurs pod SMA50,https://query1.finance.yahoo.com/v8/finance/chart/LQDA?range=2y&interval=1d&includeAdjustedClose=true
LQDT,Liquidity Services Inc. Common Stock,kurs/technika,"F3: beta <= 1,2 lub brak danych; F4: kurs mniej niż 25% pod 52-tyg. szczytem; F5: kurs pod SMA50",https://query1.finance.yahoo.com/v8/finance/chart/LQDT?range=2y&interval=1d&includeAdjustedClose=true
LRMR,Larimar Therapeutics Inc. Common Stock,kurs/technika,F5: kurs pod SMA50,https://query1.finance.yahoo.com/v8/finance/chart/LRMR?range=2y&interval=1d&includeAdjustedClose=true
LSAK,Lesaka Technologies Inc. Common Stock,kurs/technika,"średni obrót < 2 mln USD; F3: beta <= 1,2 lub brak danych; F4: kurs mniej niż 25% pod 52-tyg. szczytem",https://query1.finance.yahoo.com/v8/finance/chart/LSAK?range=2y&interval=1d&includeAdjustedClose=true
LTGO,Latigo Biotherapeutics Inc. Common Stock,kurs,za krótka historia notowań (44 sesji),
LTRX,Lantronix Inc. Common Stock,kurs/technika,F4: kurs mniej niż 25% pod 52-tyg. szczytem,https://query1.finance.yahoo.com/v8/finance/chart/LTRX?range=2y&interval=1d&includeAdjustedClose=true
LUNR,Intuitive Machines Inc. Class A Common Stock,kurs/technika,F5: kurs pod SMA50,https://query1.finance.yahoo.com/v8/finance/chart/LUNR?range=2y&interval=1d&includeAdjustedClose=true
LWAY,Lifeway Foods Inc. Common Stock,kurs/technika,"F3: beta <= 1,2 lub brak danych; F5: kurs pod SMA50",https://query1.finance.yahoo.com/v8/finance/chart/LWAY?range=2y&interval=1d&includeAdjustedClose=true
LWLG,Lightwave Logic Inc. Common Stock,kurs/technika,F5: kurs pod SMA50,https://query1.finance.yahoo.com/v8/finance/chart/LWLG?range=2y&interval=1d&includeAdjustedClose=true
LXEO,Lexeo Therapeutics Inc. Common Stock,kurs/technika,F5: kurs pod SMA50,https://query1.finance.yahoo.com/v8/finance/chart/LXEO?range=2y&interval=1d&includeAdjustedClose=true
LXRX,Lexicon Pharmaceuticals Inc. Common Stock,kurs/technika,F5: kurs pod SMA50,https://query1.finance.yahoo.com/v8/finance/chart/LXRX?range=2y&interval=1d&includeAdjustedClose=true
LYTS,LSI Industries Inc. Common Stock,kurs/technika,F4: kurs mniej niż 25% pod 52-tyg. szczytem; F5: kurs pod SMA50,https://query1.finance.yahoo.com/v8/finance/chart/LYTS?range=2y&interval=1d&includeAdjustedClose=true
LZ,LegalZoom.com Inc. Common Stock,kurs/technika,"F3: beta <= 1,2 lub brak danych; F5: kurs pod SMA50",https://query1.finance.yahoo.com/v8/finance/chart/LZ?range=2y&interval=1d&includeAdjustedClose=true
MAKO,Mako Mining Corp Common Stock,kurs/technika,średni obrót < 2 mln USD; F4: kurs mniej niż 25% pod 52-tyg. szczytem; F5: kurs pod SMA50,https://query1.finance.yahoo.com/v8/finance/chart/MAKO?range=2y&interval=1d&includeAdjustedClose=true
MAMA,Mama's Creations Inc. Common Stock,kurs/technika,"F3: beta <= 1,2 lub brak danych; F5: kurs pod SMA50",https://query1.finance.yahoo.com/v8/finance/chart/MAMA?range=2y&interval=1d&includeAdjustedClose=true
MASS,908 Devices Inc. Common Stock,kurs/technika,"F3: beta <= 1,2 lub brak danych; F4: kurs mniej niż 25% pod 52-tyg. szczytem",https://query1.finance.yahoo.com/v8/finance/chart/MASS?range=2y&interval=1d&includeAdjustedClose=true
MATW,Matthews International Corporation Class A Common Stock,kurs/technika,"F3: beta <= 1,2 lub brak danych; F5: kurs pod SMA50",https://query1.finance.yahoo.com/v8/finance/chart/MATW?range=2y&interval=1d&includeAdjustedClose=true
MAZE,Maze Therapeutics Inc. Common Stock,kurs/technika,"F3: beta <= 1,2 lub brak danych; F5: kurs pod SMA50",https://query1.finance.yahoo.com/v8/finance/chart/MAZE?range=2y&interval=1d&includeAdjustedClose=true
MBIN,Merchants Bancorp Common Stock,kurs/technika,"F3: beta <= 1,2 lub brak danych; F4: kurs mniej niż 25% pod 52-tyg. szczytem; F5: kurs pod SMA50",https://query1.finance.yahoo.com/v8/finance/chart/MBIN?range=2y&interval=1d&includeAdjustedClose=true
MBUU,Malibu Boats Inc. Class A Common Stock,kurs/technika,"F3: beta <= 1,2 lub brak danych; F5: kurs pod SMA50",https://query1.finance.yahoo.com/v8/finance/chart/MBUU?range=2y&interval=1d&includeAdjustedClose=true
MBWM,Mercantile Bank Corporation Common Stock,kurs/technika,"F3: beta <= 1,2 lub brak danych; F4: kurs mniej niż 25% pod 52-tyg. szczytem; F5: kurs pod SMA50",https://query1.finance.yahoo.com/v8/finance/chart/MBWM?range=2y&interval=1d&includeAdjustedClose=true
MBX,MBX Biosciences Inc. Common Stock,kurs/technika,F5: kurs pod SMA50,https://query1.finance.yahoo.com/v8/finance/chart/MBX?range=2y&interval=1d&includeAdjustedClose=true
MCBS,MetroCity Bankshares Inc. Common Stock,kurs/technika,"F3: beta <= 1,2 lub brak danych; F4: kurs mniej niż 25% pod 52-tyg. szczytem; F5: kurs pod SMA50",https://query1.finance.yahoo.com/v8/finance/chart/MCBS?range=2y&interval=1d&includeAdjustedClose=true
MCFT,MasterCraft Boat Holdings Inc. Common Stock,kurs/technika,F5: kurs pod SMA50,https://query1.finance.yahoo.com/v8/finance/chart/MCFT?range=2y&interval=1d&includeAdjustedClose=true
MCHB,Mechanics Bancorp Class A Common Stock,kurs/technika,"F3: beta <= 1,2 lub brak danych; F4: kurs mniej niż 25% pod 52-tyg. szczytem; F5: kurs pod SMA50",https://query1.finance.yahoo.com/v8/finance/chart/MCHB?range=2y&interval=1d&includeAdjustedClose=true
MCRI,Monarch Casino & Resort Inc. Common Stock,kurs/technika,"F3: beta <= 1,2 lub brak danych; F4: kurs mniej niż 25% pod 52-tyg. szczytem; F5: kurs pod SMA50",https://query1.finance.yahoo.com/v8/finance/chart/MCRI?range=2y&interval=1d&includeAdjustedClose=true
MDXG,MiMedx Group Inc Common Stock,kurs/technika,"F3: beta <= 1,2 lub brak danych",https://query1.finance.yahoo.com/v8/finance/chart/MDXG?range=2y&interval=1d&includeAdjustedClose=true
MESO,Mesoblast Limited American Depositary Shares,kurs/technika,F5: kurs pod SMA50,https://query1.finance.yahoo.com/v8/finance/chart/MESO?range=2y&interval=1d&includeAdjustedClose=true
METC,Ramaco Resources Inc. Class A Common Stock,kurs/technika,F5: kurs pod SMA50,https://query1.finance.yahoo.com/v8/finance/chart/METC?range=2y&interval=1d&includeAdjustedClose=true
METCB,Ramaco Resources Inc. Class B Common Stock,kurs/technika,"średni obrót < 2 mln USD; F3: beta <= 1,2 lub brak danych; F5: kurs pod SMA50",https://query1.finance.yahoo.com/v8/finance/chart/METCB?range=2y&interval=1d&includeAdjustedClose=true
MFIC,MidCap Financial Investment Corporation Common Stock,kurs/technika,"F3: beta <= 1,2 lub brak danych; F5: kurs pod SMA50",https://query1.finance.yahoo.com/v8/finance/chart/MFIC?range=2y&interval=1d&includeAdjustedClose=true
MFIN,Medallion Financial Corp. Common Stock,kurs/technika,"średni obrót < 2 mln USD; F3: beta <= 1,2 lub brak danych; F4: kurs mniej niż 25% pod 52-tyg. szczytem",https://query1.finance.yahoo.com/v8/finance/chart/MFIN?range=2y&interval=1d&includeAdjustedClose=true
MFP,Midera Food Processing Inc. Common Stock,kurs,za krótka historia notowań (73 sesji),
MGEE,MGE Energy Inc,kurs/technika,"F3: beta <= 1,2 lub brak danych; F4: kurs mniej niż 25% pod 52-tyg. szczytem; F5: kurs pod SMA50",https://query1.finance.yahoo.com/v8/finance/chart/MGEE?range=2y&interval=1d&includeAdjustedClose=true
MGPI,MGP Ingredients Inc.,kurs/technika,"F3: beta <= 1,2 lub brak danych; F5: kurs pod SMA50",https://query1.finance.yahoo.com/v8/finance/chart/MGPI?range=2y&interval=1d&includeAdjustedClose=true
MGRC,McGrath RentCorp Common Stock,kurs/technika,"F3: beta <= 1,2 lub brak danych; F4: kurs mniej niż 25% pod 52-tyg. szczytem; F5: kurs pod SMA50",https://query1.finance.yahoo.com/v8/finance/chart/MGRC?range=2y&interval=1d&includeAdjustedClose=true
MGTX,MeiraGTx Holdings plc Ordinary Shares,kurs/technika,F5: kurs pod SMA50,https://query1.finance.yahoo.com/v8/finance/chart/MGTX?range=2y&interval=1d&includeAdjustedClose=true
MITK,Mitek Systems Inc. Common Stock,kurs/technika,"F3: beta <= 1,2 lub brak danych; F4: kurs mniej niż 25% pod 52-tyg. szczytem; F5: kurs pod SMA50",https://query1.finance.yahoo.com/v8/finance/chart/MITK?range=2y&interval=1d&includeAdjustedClose=true
MKTW,MarketWise Inc. Class A Common Stock,kurs/technika,"średni obrót < 2 mln USD; F3: beta <= 1,2 lub brak danych; F4: kurs mniej niż 25% pod 52-tyg. szczytem",https://query1.finance.yahoo.com/v8/finance/chart/MKTW?range=2y&interval=1d&includeAdjustedClose=true
MLAB,Mesa Laboratories Inc. Common Stock,kurs/technika,"F3: beta <= 1,2 lub brak danych; F4: kurs mniej niż 25% pod 52-tyg. szczytem",https://query1.finance.yahoo.com/v8/finance/chart/MLAB?range=2y&interval=1d&includeAdjustedClose=true
MLKN,MillerKnoll Inc. Common Stock,kurs/technika,F4: kurs mniej niż 25% pod 52-tyg. szczytem; F5: kurs pod SMA50,https://query1.finance.yahoo.com/v8/finance/chart/MLKN?range=2y&interval=1d&includeAdjustedClose=true
MLTX,MoonLake Immunotherapeutics Class A Ordinary Shares,kurs/technika,"F3: beta <= 1,2 lub brak danych; F5: kurs pod SMA50",https://query1.finance.yahoo.com/v8/finance/chart/MLTX?range=2y&interval=1d&includeAdjustedClose=true
MLYS,Mineralys Therapeutics Inc. Common Stock,kurs/technika,F5: kurs pod SMA50,https://query1.finance.yahoo.com/v8/finance/chart/MLYS?range=2y&interval=1d&includeAdjustedClose=true
MNKD,MannKind Corporation Common Stock,kurs/technika,"F3: beta <= 1,2 lub brak danych; F5: kurs pod SMA50",https://query1.finance.yahoo.com/v8/finance/chart/MNKD?range=2y&interval=1d&includeAdjustedClose=true
MNPR,Monopar Therapeutics Inc. Common Stock,kurs/technika,"F3: beta <= 1,2 lub brak danych; F5: kurs pod SMA50",https://query1.finance.yahoo.com/v8/finance/chart/MNPR?range=2y&interval=1d&includeAdjustedClose=true
MNRO,Monro Inc. Common Stock,kurs/technika,"F3: beta <= 1,2 lub brak danych",https://query1.finance.yahoo.com/v8/finance/chart/MNRO?range=2y&interval=1d&includeAdjustedClose=true
MNTK,Montauk Renewables Inc. Common Stock,kurs/technika,średni obrót < 2 mln USD; F4: kurs mniej niż 25% pod 52-tyg. szczytem,https://query1.finance.yahoo.com/v8/finance/chart/MNTK?range=2y&interval=1d&includeAdjustedClose=true
MOBI,Mobia Medical Inc. Common Stock,kurs,za krótka historia notowań (106 sesji),
MOVE,Corvex Inc. Common Stock,kurs/technika,F5: kurs pod SMA50,https://query1.finance.yahoo.com/v8/finance/chart/MOVE?range=2y&interval=1d&includeAdjustedClose=true
MPB,Mid Penn Bancorp Common Stock,kurs/technika,"F3: beta <= 1,2 lub brak danych; F4: kurs mniej niż 25% pod 52-tyg. szczytem; F5: kurs pod SMA50",https://query1.finance.yahoo.com/v8/finance/chart/MPB?range=2y&interval=1d&includeAdjustedClose=true
MPLT,MapLight Therapeutics Inc. Common Stock,kurs/technika,"F3: beta <= 1,2 lub brak danych; F5: kurs pod SMA50",https://query1.finance.yahoo.com/v8/finance/chart/MPLT?range=2y&interval=1d&includeAdjustedClose=true
MQ,Marqeta Inc. Class A Common Stock,kurs/technika,"F3: beta <= 1,2 lub brak danych; F4: kurs mniej niż 25% pod 52-tyg. szczytem",https://query1.finance.yahoo.com/v8/finance/chart/MQ?range=2y&interval=1d&includeAdjustedClose=true
MRAM,Everspin Technologies Inc. Common Stock,kurs/technika,F5: kurs pod SMA50,https://query1.finance.yahoo.com/v8/finance/chart/MRAM?range=2y&interval=1d&includeAdjustedClose=true
MRTN,Marten Transport Ltd. Common Stock,kurs/technika,"F3: beta <= 1,2 lub brak danych; F5: kurs pod SMA50",https://query1.finance.yahoo.com/v8/finance/chart/MRTN?range=2y&interval=1d&includeAdjustedClose=true
MRVI,Maravai LifeSciences Holdings Inc. Class A Common Stock,kurs/technika,"F3: beta <= 1,2 lub brak danych; F4: kurs mniej niż 25% pod 52-tyg. szczytem; F5: kurs pod SMA50",https://query1.finance.yahoo.com/v8/finance/chart/MRVI?range=2y&interval=1d&includeAdjustedClose=true
MSBI,Midland States Bancorp Inc. Common Stock,kurs/technika,"F3: beta <= 1,2 lub brak danych; F4: kurs mniej niż 25% pod 52-tyg. szczytem; F5: kurs pod SMA50",https://query1.finance.yahoo.com/v8/finance/chart/MSBI?range=2y&interval=1d&includeAdjustedClose=true
MSEX,Middlesex Water Company Common Stock,kurs/technika,"F3: beta <= 1,2 lub brak danych; F4: kurs mniej niż 25% pod 52-tyg. szczytem; F5: kurs pod SMA50",https://query1.finance.yahoo.com/v8/finance/chart/MSEX?range=2y&interval=1d&includeAdjustedClose=true
MTLS,Materialise NV American Depositary Shares,kurs/technika,średni obrót < 2 mln USD; F4: kurs mniej niż 25% pod 52-tyg. szczytem,https://query1.finance.yahoo.com/v8/finance/chart/MTLS?range=2y&interval=1d&includeAdjustedClose=true
MTRX,Matrix Service Company Common Stock,kurs/technika,F5: kurs pod SMA50,https://query1.finance.yahoo.com/v8/finance/chart/MTRX?range=2y&interval=1d&includeAdjustedClose=true
MVBF,MVB Financial Corp. Common Stock,kurs/technika,"średni obrót < 2 mln USD; F3: beta <= 1,2 lub brak danych; F4: kurs mniej niż 25% pod 52-tyg. szczytem; F5: kurs pod SMA50",https://query1.finance.yahoo.com/v8/finance/chart/MVBF?range=2y&interval=1d&includeAdjustedClose=true
MYFW,First Western Financial Inc. Common Stock,kurs/technika,"średni obrót < 2 mln USD; F3: beta <= 1,2 lub brak danych; F4: kurs mniej niż 25% pod 52-tyg. szczytem; F5: kurs pod SMA50",https://query1.finance.yahoo.com/v8/finance/chart/MYFW?range=2y&interval=1d&includeAdjustedClose=true
MZTI,The Marzetti Company Common Stock,kurs/technika,"F3: beta <= 1,2 lub brak danych; F5: kurs pod SMA50",https://query1.finance.yahoo.com/v8/finance/chart/MZTI?range=2y&interval=1d&includeAdjustedClose=true
NAMS,NewAmsterdam Pharma Company N.V. Ordinary Shares,kurs/technika,F5: kurs pod SMA50,https://query1.finance.yahoo.com/v8/finance/chart/NAMS?range=2y&interval=1d&includeAdjustedClose=true
NATH,Nathan's Famous Inc. Common Stock,kurs/technika,"F3: beta <= 1,2 lub brak danych; F4: kurs mniej niż 25% pod 52-tyg. szczytem",https://query1.finance.yahoo.com/v8/finance/chart/NATH?range=2y&interval=1d&includeAdjustedClose=true
NAVI,Navient Corporation Common Stock,kurs/technika,"F3: beta <= 1,2 lub brak danych; F5: kurs pod SMA50",https://query1.finance.yahoo.com/v8/finance/chart/NAVI?range=2y&interval=1d&includeAdjustedClose=true
NB,NioCorp Developments Ltd. Common Stock,kurs/technika,"F3: beta <= 1,2 lub brak danych; F5: kurs pod SMA50",https://query1.finance.yahoo.com/v8/finance/chart/NB?range=2y&interval=1d&includeAdjustedClose=true
NBBK,NB Bancorp Inc. Common Stock,kurs/technika,"F3: beta <= 1,2 lub brak danych; F4: kurs mniej niż 25% pod 52-tyg. szczytem; F5: kurs pod SMA50",https://query1.finance.yahoo.com/v8/finance/chart/NBBK?range=2y&interval=1d&includeAdjustedClose=true
NBN,Northeast Bank Common Stock,kurs/technika,"F3: beta <= 1,2 lub brak danych; F4: kurs mniej niż 25% pod 52-tyg. szczytem; F5: kurs pod SMA50",https://query1.finance.yahoo.com/v8/finance/chart/NBN?range=2y&interval=1d&includeAdjustedClose=true
NBTB,NBT Bancorp Inc. Common Stock,kurs/technika,"F3: beta <= 1,2 lub brak danych; F4: kurs mniej niż 25% pod 52-tyg. szczytem; F5: kurs pod SMA50",https://query1.finance.yahoo.com/v8/finance/chart/NBTB?range=2y&interval=1d&includeAdjustedClose=true
NBTX,Nanobiotix S.A. American Depositary Shares,kurs/technika,"F3: beta <= 1,2 lub brak danych; F5: kurs pod SMA50",https://query1.finance.yahoo.com/v8/finance/chart/NBTX?range=2y&interval=1d&includeAdjustedClose=true
NCNO,nCino Inc. Common Stock,kurs/technika,F5: kurs pod SMA50,https://query1.finance.yahoo.com/v8/finance/chart/NCNO?range=2y&interval=1d&includeAdjustedClose=true
NECB,NorthEast Community Bancorp Inc. Common Stock,kurs/technika,"średni obrót < 2 mln USD; F3: beta <= 1,2 lub brak danych; F4: kurs mniej niż 25% pod 52-tyg. szczytem",https://query1.finance.yahoo.com/v8/finance/chart/NECB?range=2y&interval=1d&includeAdjustedClose=true
NEO,NeoGenomics Inc. Common Stock,kurs/technika,"F3: beta <= 1,2 lub brak danych; F4: kurs mniej niż 25% pod 52-tyg. szczytem; F5: kurs pod SMA50",https://query1.finance.yahoo.com/v8/finance/chart/NEO?range=2y&interval=1d&includeAdjustedClose=true
NEOG,Neogen Corporation Common Stock,kurs/technika,"F3: beta <= 1,2 lub brak danych; F4: kurs mniej niż 25% pod 52-tyg. szczytem; F5: kurs pod SMA50",https://query1.finance.yahoo.com/v8/finance/chart/NEOG?range=2y&interval=1d&includeAdjustedClose=true
NESR,National Energy Services Reunited Corp Ordinary Shares,kurs/technika,"F3: beta <= 1,2 lub brak danych; F5: kurs pod SMA50",https://query1.finance.yahoo.com/v8/finance/chart/NESR?range=2y&interval=1d&includeAdjustedClose=true
NEWT,NewtekOne Inc. Common Stock,kurs/technika,F5: kurs pod SMA50,https://query1.finance.yahoo.com/v8/finance/chart/NEWT?range=2y&interval=1d&includeAdjustedClose=true
NEXN,Nexxen International Ltd. Ordinary Shares,kurs/technika,"F3: beta <= 1,2 lub brak danych; F4: kurs mniej niż 25% pod 52-tyg. szczytem; F5: kurs pod SMA50",https://query1.finance.yahoo.com/v8/finance/chart/NEXN?range=2y&interval=1d&includeAdjustedClose=true
NEXT,NextDecade Corporation Common Stock,kurs/technika,"F3: beta <= 1,2 lub brak danych; F5: kurs pod SMA50",https://query1.finance.yahoo.com/v8/finance/chart/NEXT?range=2y&interval=1d&includeAdjustedClose=true
NGNE,Neurogene Inc. Common Stock,kurs/technika,F5: kurs pod SMA50,https://query1.finance.yahoo.com/v8/finance/chart/NGNE?range=2y&interval=1d&includeAdjustedClose=true
NKLR,Terra Innovatum Global N.V. Ordinary shares,kurs/technika,F5: kurs pod SMA50,https://query1.finance.yahoo.com/v8/finance/chart/NKLR?range=2y&interval=1d&includeAdjustedClose=true
NKSH,National Bankshares Inc. Common Stock,kurs/technika,"średni obrót < 2 mln USD; F3: beta <= 1,2 lub brak danych; F4: kurs mniej niż 25% pod 52-tyg. szczytem",https://query1.finance.yahoo.com/v8/finance/chart/NKSH?range=2y&interval=1d&includeAdjustedClose=true
NKTR,Nektar Therapeutics  Common Stock,kurs/technika,F5: kurs pod SMA50,https://query1.finance.yahoo.com/v8/finance/chart/NKTR?range=2y&interval=1d&includeAdjustedClose=true
NMFC,New Mountain Finance Corporation Common Stock,kurs/technika,"F3: beta <= 1,2 lub brak danych; F5: kurs pod SMA50",https://query1.finance.yahoo.com/v8/finance/chart/NMFC?range=2y&interval=1d&includeAdjustedClose=true
NMIH,NMI Holdings Inc. Common Stock,kurs/technika,"F3: beta <= 1,2 lub brak danych; F4: kurs mniej niż 25% pod 52-tyg. szczytem; F5: kurs pod SMA50",https://query1.finance.yahoo.com/v8/finance/chart/NMIH?range=2y&interval=1d&includeAdjustedClose=true
NMRK,Newmark Group Inc. Class A Common Stock,kurs/technika,"F3: beta <= 1,2 lub brak danych; F5: kurs pod SMA50",https://query1.finance.yahoo.com/v8/finance/chart/NMRK?range=2y&interval=1d&includeAdjustedClose=true
NN,NextNav Inc. Common Stock,kurs/technika,F5: kurs pod SMA50,https://query1.finance.yahoo.com/v8/finance/chart/NN?range=2y&interval=1d&includeAdjustedClose=true
NNBR,NN Inc. Common Stock,kurs/technika,F4: kurs mniej niż 25% pod 52-tyg. szczytem,https://query1.finance.yahoo.com/v8/finance/chart/NNBR?range=2y&interval=1d&includeAdjustedClose=true
NNDM,Nano Dimension Ltd. American Depositary Shares,kurs/technika,"F3: beta <= 1,2 lub brak danych; F5: kurs pod SMA50",https://query1.finance.yahoo.com/v8/finance/chart/NNDM?range=2y&interval=1d&includeAdjustedClose=true
NNE,Nano Nuclear Energy Inc. Common Stock,kurs/technika,F5: kurs pod SMA50,https://query1.finance.yahoo.com/v8/finance/chart/NNE?range=2y&interval=1d&includeAdjustedClose=true
NNNN,Anbio Biotechnology Class A Ordinary Shares,kurs/technika,średni obrót < 2 mln USD; F5: kurs pod SMA50,https://query1.finance.yahoo.com/v8/finance/chart/NNNN?range=2y&interval=1d&includeAdjustedClose=true
NODK,NI Holdings Inc. Common Stock,kurs/technika,"średni obrót < 2 mln USD; F3: beta <= 1,2 lub brak danych; F4: kurs mniej niż 25% pod 52-tyg. szczytem; F5: kurs pod SMA50",https://query1.finance.yahoo.com/v8/finance/chart/NODK?range=2y&interval=1d&includeAdjustedClose=true
NPCE,Neuropace Inc. Common Stock,kurs/technika,"F3: beta <= 1,2 lub brak danych; F5: kurs pod SMA50",https://query1.finance.yahoo.com/v8/finance/chart/NPCE?range=2y&interval=1d&includeAdjustedClose=true
NRC,NRC Health Common Stock,kurs/technika,"F3: beta <= 1,2 lub brak danych; F4: kurs mniej niż 25% pod 52-tyg. szczytem; F5: kurs pod SMA50",https://query1.finance.yahoo.com/v8/finance/chart/NRC?range=2y&interval=1d&includeAdjustedClose=true
NRDS,NerdWallet Inc. Class A Common Stock,kurs/technika,"F3: beta <= 1,2 lub brak danych; F5: kurs pod SMA50",https://query1.finance.yahoo.com/v8/finance/chart/NRDS?range=2y&interval=1d&includeAdjustedClose=true
NRIM,Northrim BanCorp Inc Common Stock,kurs/technika,"F3: beta <= 1,2 lub brak danych; F4: kurs mniej niż 25% pod 52-tyg. szczytem; F5: kurs pod SMA50",https://query1.finance.yahoo.com/v8/finance/chart/NRIM?range=2y&interval=1d&includeAdjustedClose=true
NRIX,Nurix Therapeutics Inc. Common stock,kurs/technika,F4: kurs mniej niż 25% pod 52-tyg. szczytem; F5: kurs pod SMA50,https://query1.finance.yahoo.com/v8/finance/chart/NRIX?range=2y&interval=1d&includeAdjustedClose=true
NSSC,NAPCO Security Technologies Inc. Common Stock,kurs/technika,"F3: beta <= 1,2 lub brak danych; F5: kurs pod SMA50",https://query1.finance.yahoo.com/v8/finance/chart/NSSC?range=2y&interval=1d&includeAdjustedClose=true
NTCT,NetScout Systems Inc. Common Stock,kurs/technika,"F3: beta <= 1,2 lub brak danych; F4: kurs mniej niż 25% pod 52-tyg. szczytem",https://query1.finance.yahoo.com/v8/finance/chart/NTCT?range=2y&interval=1d&includeAdjustedClose=true
NTLA,Intellia Therapeutics Inc. Common Stock,kurs/technika,F5: kurs pod SMA50,https://query1.finance.yahoo.com/v8/finance/chart/NTLA?range=2y&interval=1d&includeAdjustedClose=true
NUAI,New Era Energy & Digital Inc. Common Stock,kurs/technika,F5: kurs pod SMA50,https://query1.finance.yahoo.com/v8/finance/chart/NUAI?range=2y&interval=1d&includeAdjustedClose=true
NUTX,Nutex Health Inc. Common Stock,kurs/technika,F4: kurs mniej niż 25% pod 52-tyg. szczytem,https://query1.finance.yahoo.com/v8/finance/chart/NUTX?range=2y&interval=1d&includeAdjustedClose=true
NVAX,Novavax Inc. Common Stock,kurs/technika,F4: kurs mniej niż 25% pod 52-tyg. szczytem,https://query1.finance.yahoo.com/v8/finance/chart/NVAX?range=2y&interval=1d&includeAdjustedClose=true
NVCR,NovoCure Limited Ordinary Shares,kurs/technika,F5: kurs pod SMA50,https://query1.finance.yahoo.com/v8/finance/chart/NVCR?range=2y&interval=1d&includeAdjustedClose=true
NVCT,Nuvectis Pharma Inc. Common Stock,kurs/technika,"F3: beta <= 1,2 lub brak danych; F5: kurs pod SMA50",https://query1.finance.yahoo.com/v8/finance/chart/NVCT?range=2y&interval=1d&includeAdjustedClose=true
NVEC,NVE Corporation Common Stock,kurs/technika,"F3: beta <= 1,2 lub brak danych; F4: kurs mniej niż 25% pod 52-tyg. szczytem",https://query1.finance.yahoo.com/v8/finance/chart/NVEC?range=2y&interval=1d&includeAdjustedClose=true
NVTS,Navitas Semiconductor Corporation Common Stock,kurs/technika,F5: kurs pod SMA50,https://query1.finance.yahoo.com/v8/finance/chart/NVTS?range=2y&interval=1d&includeAdjustedClose=true
NWBI,Northwest Bancshares Inc. Common Stock,kurs/technika,"F3: beta <= 1,2 lub brak danych; F4: kurs mniej niż 25% pod 52-tyg. szczytem; F5: kurs pod SMA50",https://query1.finance.yahoo.com/v8/finance/chart/NWBI?range=2y&interval=1d&includeAdjustedClose=true
NWCL,newcleo plc Ordinary Shares,kurs/technika,"F3: beta <= 1,2 lub brak danych; F5: kurs pod SMA50",https://query1.finance.yahoo.com/v8/finance/chart/NWCL?range=2y&interval=1d&includeAdjustedClose=true
NWFL,Norwood Financial Corp. Common Stock,kurs/technika,"średni obrót < 2 mln USD; F3: beta <= 1,2 lub brak danych; F4: kurs mniej niż 25% pod 52-tyg. szczytem; F5: kurs pod SMA50",https://query1.finance.yahoo.com/v8/finance/chart/NWFL?range=2y&interval=1d&includeAdjustedClose=true
NWL,Newell Brands Inc. Common Stock,kurs/technika,F4: kurs mniej niż 25% pod 52-tyg. szczytem; F5: kurs pod SMA50,https://query1.finance.yahoo.com/v8/finance/chart/NWL?range=2y&interval=1d&includeAdjustedClose=true
NWPX,NWPX Infrastructure Inc. Common Stock,kurs/technika,"F3: beta <= 1,2 lub brak danych; F5: kurs pod SMA50",https://query1.finance.yahoo.com/v8/finance/chart/NWPX?range=2y&interval=1d&includeAdjustedClose=true
NYAX,Nayax Ltd. Ordinary Shares,kurs/technika,"średni obrót < 2 mln USD; F3: beta <= 1,2 lub brak danych; F5: kurs pod SMA50",https://query1.finance.yahoo.com/v8/finance/chart/NYAX?range=2y&interval=1d&includeAdjustedClose=true
OABI,OmniAb Inc. Common Stock,kurs/technika,F4: kurs mniej niż 25% pod 52-tyg. szczytem,https://query1.finance.yahoo.com/v8/finance/chart/OABI?range=2y&interval=1d&includeAdjustedClose=true
OBIO,Orchestra BioMed Holdings Inc. Ordinary Shares,kurs/technika,średni obrót < 2 mln USD; F4: kurs mniej niż 25% pod 52-tyg. szczytem,https://query1.finance.yahoo.com/v8/finance/chart/OBIO?range=2y&interval=1d&includeAdjustedClose=true
OBT,Orange County Bancorp Inc. Common Stock,kurs/technika,"średni obrót < 2 mln USD; F3: beta <= 1,2 lub brak danych; F4: kurs mniej niż 25% pod 52-tyg. szczytem; F5: kurs pod SMA50",https://query1.finance.yahoo.com/v8/finance/chart/OBT?range=2y&interval=1d&includeAdjustedClose=true
OBX,Obsidian Therapeutics Inc. Common Stock,kurs,za krótka historia notowań (53 sesji),
OCFC,OceanFirst Financial Corp. Common Stock,kurs/technika,"F3: beta <= 1,2 lub brak danych; F4: kurs mniej niż 25% pod 52-tyg. szczytem; F5: kurs pod SMA50",https://query1.finance.yahoo.com/v8/finance/chart/OCFC?range=2y&interval=1d&includeAdjustedClose=true
OCGN,Ocugen Inc. Common Stock,kurs/technika,"F3: beta <= 1,2 lub brak danych; F5: kurs pod SMA50",https://query1.finance.yahoo.com/v8/finance/chart/OCGN?range=2y&interval=1d&includeAdjustedClose=true
OCS,Oculis Holding AG Ordinary shares,kurs/technika,"F3: beta <= 1,2 lub brak danych; F5: kurs pod SMA50",https://query1.finance.yahoo.com/v8/finance/chart/OCS?range=2y&interval=1d&includeAdjustedClose=true
OCSL,Oaktree Specialty Lending Corporation Common Stock,kurs/technika,"F3: beta <= 1,2 lub brak danych; F4: kurs mniej niż 25% pod 52-tyg. szczytem; F5: kurs pod SMA50",https://query1.finance.yahoo.com/v8/finance/chart/OCSL?range=2y&interval=1d&includeAdjustedClose=true
OCUL,Ocular Therapeutix Inc. Common Stock,kurs/technika,F5: kurs pod SMA50,https://query1.finance.yahoo.com/v8/finance/chart/OCUL?range=2y&interval=1d&includeAdjustedClose=true
ODTX,Odyssey Therapeutics Inc. Common Stock,kurs,za krótka historia notowań (106 sesji),
OFIX,Orthofix Medical Inc. Common Stock (DE),kurs/technika,"F3: beta <= 1,2 lub brak danych; F5: kurs pod SMA50",https://query1.finance.yahoo.com/v8/finance/chart/OFIX?range=2y&interval=1d&includeAdjustedClose=true
OIG,Orion180 Insurance Group Inc. Class A common stock,kurs,za krótka historia notowań (15 sesji),
OIO,OIO Group Ordinary Shares,kurs/technika,"średni obrót < 2 mln USD; F3: beta <= 1,2 lub brak danych; F5: kurs pod SMA50",https://query1.finance.yahoo.com/v8/finance/chart/OIO?range=2y&interval=1d&includeAdjustedClose=true
OLMA,Olema Pharmaceuticals Inc. Common Stock,kurs/technika,"F3: beta <= 1,2 lub brak danych; F5: kurs pod SMA50",https://query1.finance.yahoo.com/v8/finance/chart/OLMA?range=2y&interval=1d&includeAdjustedClose=true
OMCL,Omnicell Inc. Common Stock ($0.001 par value),kurs/technika,"F3: beta <= 1,2 lub brak danych; F5: kurs pod SMA50",https://query1.finance.yahoo.com/v8/finance/chart/OMCL?range=2y&interval=1d&includeAdjustedClose=true
OMDA,Omada Health Inc. Common Stock,kurs/technika,F4: kurs mniej niż 25% pod 52-tyg. szczytem; F5: kurs pod SMA50,https://query1.finance.yahoo.com/v8/finance/chart/OMDA?range=2y&interval=1d&includeAdjustedClose=true
OMER,Omeros Corporation Common Stock,kurs/technika,F4: kurs mniej niż 25% pod 52-tyg. szczytem,https://query1.finance.yahoo.com/v8/finance/chart/OMER?range=2y&interval=1d&includeAdjustedClose=true
OPAL,OPAL Fuels Inc. Class A Common Stock,kurs/technika,średni obrót < 2 mln USD; F5: kurs pod SMA50,https://query1.finance.yahoo.com/v8/finance/chart/OPAL?range=2y&interval=1d&includeAdjustedClose=true
OPEN,Opendoor Technologies Inc Common Stock,kurs/technika,F5: kurs pod SMA50,https://query1.finance.yahoo.com/v8/finance/chart/OPEN?range=2y&interval=1d&includeAdjustedClose=true
OPI,Office Properties Income Trust Common shares of beneficial interest,kurs,za krótka historia notowań (78 sesji),
OPK,OPKO Health Inc. Common Stock,kurs/technika,"F3: beta <= 1,2 lub brak danych; F4: kurs mniej niż 25% pod 52-tyg. szczytem; F5: kurs pod SMA50",https://query1.finance.yahoo.com/v8/finance/chart/OPK?range=2y&interval=1d&includeAdjustedClose=true
OPRA,Opera Limited American Depositary Shares,kurs/technika,F4: kurs mniej niż 25% pod 52-tyg. szczytem; F5: kurs pod SMA50,https://query1.finance.yahoo.com/v8/finance/chart/OPRA?range=2y&interval=1d&includeAdjustedClose=true
OPRT,Oportun Financial Corporation Common Stock,kurs/technika,F4: kurs mniej niż 25% pod 52-tyg. szczytem,https://query1.finance.yahoo.com/v8/finance/chart/OPRT?range=2y&interval=1d&includeAdjustedClose=true
OPTX,Syntec Optics Holdings Inc. Class A Common Stock,kurs/technika,"F3: beta <= 1,2 lub brak danych",https://query1.finance.yahoo.com/v8/finance/chart/OPTX?range=2y&interval=1d&includeAdjustedClose=true
ORIC,Oric Pharmaceuticals Inc. Common Stock,kurs/technika,"F3: beta <= 1,2 lub brak danych; F4: kurs mniej niż 25% pod 52-tyg. szczytem; F5: kurs pod SMA50",https://query1.finance.yahoo.com/v8/finance/chart/ORIC?range=2y&interval=1d&includeAdjustedClose=true
ORRF,Orrstown Financial Services Inc. Common Stock,kurs/technika,"F3: beta <= 1,2 lub brak danych; F4: kurs mniej niż 25% pod 52-tyg. szczytem; F5: kurs pod SMA50",https://query1.finance.yahoo.com/v8/finance/chart/ORRF?range=2y&interval=1d&includeAdjustedClose=true
OSBC,Old Second Bancorp Inc. Common Stock,kurs/technika,"F3: beta <= 1,2 lub brak danych; F4: kurs mniej niż 25% pod 52-tyg. szczytem; F5: kurs pod SMA50",https://query1.finance.yahoo.com/v8/finance/chart/OSBC?range=2y&interval=1d&includeAdjustedClose=true
OSIS,OSI Systems Inc. Common Stock (DE),kurs/technika,F5: kurs pod SMA50,https://query1.finance.yahoo.com/v8/finance/chart/OSIS?range=2y&interval=1d&includeAdjustedClose=true
OSPN,OneSpan Inc. Common Stock,kurs/technika,"F3: beta <= 1,2 lub brak danych; F4: kurs mniej niż 25% pod 52-tyg. szczytem",https://query1.finance.yahoo.com/v8/finance/chart/OSPN?range=2y&interval=1d&includeAdjustedClose=true
OSW,OneSpaWorld Holdings Limited Common Shares,kurs/technika,"F3: beta <= 1,2 lub brak danych; F4: kurs mniej niż 25% pod 52-tyg. szczytem; F5: kurs pod SMA50",https://query1.finance.yahoo.com/v8/finance/chart/OSW?range=2y&interval=1d&includeAdjustedClose=true
OTLY,Oatly Group AB American Depositary Shares,kurs/technika,średni obrót < 2 mln USD; F5: kurs pod SMA50,https://query1.finance.yahoo.com/v8/finance/chart/OTLY?range=2y&interval=1d&includeAdjustedClose=true
OVID,Ovid Therapeutics Inc. Common Stock,kurs/technika,F5: kurs pod SMA50,https://query1.finance.yahoo.com/v8/finance/chart/OVID?range=2y&interval=1d&includeAdjustedClose=true
OVLY,Oak Valley Bancorp (CA) Common Stock,kurs/technika,"średni obrót < 2 mln USD; F3: beta <= 1,2 lub brak danych; F4: kurs mniej niż 25% pod 52-tyg. szczytem",https://query1.finance.yahoo.com/v8/finance/chart/OVLY?range=2y&interval=1d&includeAdjustedClose=true
OXLC,Oxford Lane Capital Corp. Common Stock,kurs/technika,"F3: beta <= 1,2 lub brak danych; F5: kurs pod SMA50",https://query1.finance.yahoo.com/v8/finance/chart/OXLC?range=2y&interval=1d&includeAdjustedClose=true
PACB,Pacific Biosciences of California Inc. Common Stock,kurs/technika,"F3: beta <= 1,2 lub brak danych",https://query1.finance.yahoo.com/v8/finance/chart/PACB?range=2y&interval=1d&includeAdjustedClose=true
PAHC,Phibro Animal Health Corporation Class A Common Stock,kurs/technika,"F3: beta <= 1,2 lub brak danych",https://query1.finance.yahoo.com/v8/finance/chart/PAHC?range=2y&interval=1d&includeAdjustedClose=true
PANL,Pangaea Logistics Solutions Ltd. Common Shares,kurs/technika,"F3: beta <= 1,2 lub brak danych; F4: kurs mniej niż 25% pod 52-tyg. szczytem",https://query1.finance.yahoo.com/v8/finance/chart/PANL?range=2y&interval=1d&includeAdjustedClose=true
PATK,Patrick Industries Inc. Common Stock,kurs/technika,"F3: beta <= 1,2 lub brak danych; F5: kurs pod SMA50",https://query1.finance.yahoo.com/v8/finance/chart/PATK?range=2y&interval=1d&includeAdjustedClose=true
PAX,Patria Investments Limited Class A Common Shares,kurs/technika,"F3: beta <= 1,2 lub brak danych",https://query1.finance.yahoo.com/v8/finance/chart/PAX?range=2y&interval=1d&includeAdjustedClose=true
PAYO,Payoneer Global Inc. Common Stock,kurs/technika,F4: kurs mniej niż 25% pod 52-tyg. szczytem,https://query1.finance.yahoo.com/v8/finance/chart/PAYO?range=2y&interval=1d&includeAdjustedClose=true
PAYS,Paysign Inc. Common Stock,kurs/technika,F4: kurs mniej niż 25% pod 52-tyg. szczytem,https://query1.finance.yahoo.com/v8/finance/chart/PAYS?range=2y&interval=1d&includeAdjustedClose=true
PBAM,Private Bancorp of America Inc. Common Stock,kurs/technika,"F3: beta <= 1,2 lub brak danych; F4: kurs mniej niż 25% pod 52-tyg. szczytem; F5: kurs pod SMA50",https://query1.finance.yahoo.com/v8/finance/chart/PBAM?range=2y&interval=1d&includeAdjustedClose=true
PBFS,Pioneer Bancorp Inc. Common Stock,kurs/technika,"średni obrót < 2 mln USD; F3: beta <= 1,2 lub brak danych; F4: kurs mniej niż 25% pod 52-tyg. szczytem; F5: kurs pod SMA50",https://query1.finance.yahoo.com/v8/finance/chart/PBFS?range=2y&interval=1d&includeAdjustedClose=true
PBYI,Puma Biotechnology Inc Common Stock,kurs/technika,"F3: beta <= 1,2 lub brak danych; F4: kurs mniej niż 25% pod 52-tyg. szczytem",https://query1.finance.yahoo.com/v8/finance/chart/PBYI?range=2y&interval=1d&includeAdjustedClose=true
PCB,PCB Bancorp Common Stock,kurs/technika,"średni obrót < 2 mln USD; F3: beta <= 1,2 lub brak danych; F4: kurs mniej niż 25% pod 52-tyg. szczytem",https://query1.finance.yahoo.com/v8/finance/chart/PCB?range=2y&interval=1d&includeAdjustedClose=true
PCRX,Pacira BioSciences Inc. Common Stock,kurs/technika,"F3: beta <= 1,2 lub brak danych; F4: kurs mniej niż 25% pod 52-tyg. szczytem",https://query1.finance.yahoo.com/v8/finance/chart/PCRX?range=2y&interval=1d&includeAdjustedClose=true
PCT,PureCycle Technologies Inc. Common stock,kurs/technika,F5: kurs pod SMA50,https://query1.finance.yahoo.com/v8/finance/chart/PCT?range=2y&interval=1d&includeAdjustedClose=true
PDLB,Ponce Financial Group Inc. Common Stock,kurs/technika,"średni obrót < 2 mln USD; F3: beta <= 1,2 lub brak danych; F4: kurs mniej niż 25% pod 52-tyg. szczytem; F5: kurs pod SMA50",https://query1.finance.yahoo.com/v8/finance/chart/PDLB?range=2y&interval=1d&includeAdjustedClose=true
PEBO,Peoples Bancorp Inc. Common Stock,kurs/technika,"F3: beta <= 1,2 lub brak danych; F4: kurs mniej niż 25% pod 52-tyg. szczytem; F5: kurs pod SMA50",https://query1.finance.yahoo.com/v8/finance/chart/PEBO?range=2y&interval=1d&includeAdjustedClose=true
PENN,PENN Entertainment Inc. Common Stock,kurs/technika,F5: kurs pod SMA50,https://query1.finance.yahoo.com/v8/finance/chart/PENN?range=2y&interval=1d&includeAdjustedClose=true
PERI,Perion Network Ltd. Ordinary Shares,kurs/technika,"F3: beta <= 1,2 lub brak danych; F4: kurs mniej niż 25% pod 52-tyg. szczytem; F5: kurs pod SMA50",https://query1.finance.yahoo.com/v8/finance/chart/PERI?range=2y&interval=1d&includeAdjustedClose=true
PESI,Perma-Fix Environmental Services Inc. Common Stock,kurs/technika,"F3: beta <= 1,2 lub brak danych; F5: kurs pod SMA50",https://query1.finance.yahoo.com/v8/finance/chart/PESI?range=2y&interval=1d&includeAdjustedClose=true
PFIS,Peoples Financial Services Corp. Common Stock,kurs/technika,"F3: beta <= 1,2 lub brak danych; F4: kurs mniej niż 25% pod 52-tyg. szczytem; F5: kurs pod SMA50",https://query1.finance.yahoo.com/v8/finance/chart/PFIS?range=2y&interval=1d&includeAdjustedClose=true
PGC,Peapack-Gladstone Financial Corporation Common Stock,kurs/technika,"F3: beta <= 1,2 lub brak danych; F4: kurs mniej niż 25% pod 52-tyg. szczytem; F5: kurs pod SMA50",https://query1.finance.yahoo.com/v8/finance/chart/PGC?range=2y&interval=1d&includeAdjustedClose=true
PGEN,Precigen Inc. Common Stock,kurs/technika,F4: kurs mniej niż 25% pod 52-tyg. szczytem,https://query1.finance.yahoo.com/v8/finance/chart/PGEN?range=2y&interval=1d&includeAdjustedClose=true
PGNY,Progyny Inc. Common Stock,kurs/technika,"F3: beta <= 1,2 lub brak danych; F4: kurs mniej niż 25% pod 52-tyg. szczytem",https://query1.finance.yahoo.com/v8/finance/chart/PGNY?range=2y&interval=1d&includeAdjustedClose=true
PGY,Pagaya Technologies Ltd. Class A Ordinary Shares,kurs/technika,F5: kurs pod SMA50,https://query1.finance.yahoo.com/v8/finance/chart/PGY?range=2y&interval=1d&includeAdjustedClose=true
PHAR,Pharming Group N.V. ADS each representing 10 ordinary shares,kurs/technika,"średni obrót < 2 mln USD; F3: beta <= 1,2 lub brak danych; F5: kurs pod SMA50",https://query1.finance.yahoo.com/v8/finance/chart/PHAR?range=2y&interval=1d&includeAdjustedClose=true
PHAT,Phathom Pharmaceuticals Inc. Common Stock,kurs/technika,F5: kurs pod SMA50,https://query1.finance.yahoo.com/v8/finance/chart/PHAT?range=2y&interval=1d&includeAdjustedClose=true
PHVS,Pharvaris N.V. Ordinary Shares,kurs/technika,"F3: beta <= 1,2 lub brak danych; F5: kurs pod SMA50",https://query1.finance.yahoo.com/v8/finance/chart/PHVS?range=2y&interval=1d&includeAdjustedClose=true
PICS,PicS N.V. Class A Common Shares,kurs/technika,"F3: beta <= 1,2 lub brak danych",https://query1.finance.yahoo.com/v8/finance/chart/PICS?range=2y&interval=1d&includeAdjustedClose=true
PKBK,Parke Bancorp Inc. Common Stock,kurs/technika,"średni obrót < 2 mln USD; F3: beta <= 1,2 lub brak danych; F4: kurs mniej niż 25% pod 52-tyg. szczytem; F5: kurs pod SMA50",https://query1.finance.yahoo.com/v8/finance/chart/PKBK?range=2y&interval=1d&includeAdjustedClose=true
PKOH,Park-Ohio Holdings Corp. Common Stock,kurs/technika,F4: kurs mniej niż 25% pod 52-tyg. szczytem,https://query1.finance.yahoo.com/v8/finance/chart/PKOH?range=2y&interval=1d&includeAdjustedClose=true
PLAB,Photronics Inc. Common Stock,kurs/technika,F5: kurs pod SMA50,https://query1.finance.yahoo.com/v8/finance/chart/PLAB?range=2y&interval=1d&includeAdjustedClose=true
PLBC,Plumas Bancorp,kurs/technika,"F3: beta <= 1,2 lub brak danych; F4: kurs mniej niż 25% pod 52-tyg. szczytem; F5: kurs pod SMA50",https://query1.finance.yahoo.com/v8/finance/chart/PLBC?range=2y&interval=1d&includeAdjustedClose=true
PLBL,Polibeli Group Ltd Class A Ordinary Shares,kurs/technika,"średni obrót < 2 mln USD; F3: beta <= 1,2 lub brak danych; F5: kurs pod SMA50",https://query1.finance.yahoo.com/v8/finance/chart/PLBL?range=2y&interval=1d&includeAdjustedClose=true
PLPC,Preformed Line Products Company Common Stock,kurs/technika,"F3: beta <= 1,2 lub brak danych; F4: kurs mniej niż 25% pod 52-tyg. szczytem; F5: kurs pod SMA50",https://query1.finance.yahoo.com/v8/finance/chart/PLPC?range=2y&interval=1d&includeAdjustedClose=true
PLTK,Playtika Holding Corp. Common Stock,kurs/technika,"F3: beta <= 1,2 lub brak danych; F5: kurs pod SMA50",https://query1.finance.yahoo.com/v8/finance/chart/PLTK?range=2y&interval=1d&includeAdjustedClose=true
PLUG,Plug Power Inc. Common Stock,kurs/technika,"F3: beta <= 1,2 lub brak danych; F5: kurs pod SMA50",https://query1.finance.yahoo.com/v8/finance/chart/PLUG?range=2y&interval=1d&includeAdjustedClose=true
PLUS,ePlus inc. Common Stock,kurs/technika,"F3: beta <= 1,2 lub brak danych; F4: kurs mniej niż 25% pod 52-tyg. szczytem",https://query1.finance.yahoo.com/v8/finance/chart/PLUS?range=2y&interval=1d&includeAdjustedClose=true
PMTS,CPI Card Group Inc. Common Stock,kurs/technika,F4: kurs mniej niż 25% pod 52-tyg. szczytem; F5: kurs pod SMA50,https://query1.finance.yahoo.com/v8/finance/chart/PMTS?range=2y&interval=1d&includeAdjustedClose=true
PNRG,PrimeEnergy Resources Corporation Common Stock,kurs/technika,"F3: beta <= 1,2 lub brak danych; F4: kurs mniej niż 25% pod 52-tyg. szczytem",https://query1.finance.yahoo.com/v8/finance/chart/PNRG?range=2y&interval=1d&includeAdjustedClose=true
PNTG,The Pennant Group Inc. Common Stock,kurs/technika,"F3: beta <= 1,2 lub brak danych; F4: kurs mniej niż 25% pod 52-tyg. szczytem",https://query1.finance.yahoo.com/v8/finance/chart/PNTG?range=2y&interval=1d&includeAdjustedClose=true
POET,POET Technologies Inc. Common Shares,kurs/technika,F5: kurs pod SMA50,https://query1.finance.yahoo.com/v8/finance/chart/POET?range=2y&interval=1d&includeAdjustedClose=true
POWI,Power Integrations Inc. Common Stock,kurs/technika,F5: kurs pod SMA50,https://query1.finance.yahoo.com/v8/finance/chart/POWI?range=2y&interval=1d&includeAdjustedClose=true
PPHC,Public Policy Holding Company Inc. Common Stock,kurs/technika,"F3: beta <= 1,2 lub brak danych; F5: kurs pod SMA50",https://query1.finance.yahoo.com/v8/finance/chart/PPHC?range=2y&interval=1d&includeAdjustedClose=true
PPLI,People Incorporated Common Stock,kurs/technika,"F3: beta <= 1,2 lub brak danych; F4: kurs mniej niż 25% pod 52-tyg. szczytem",https://query1.finance.yahoo.com/v8/finance/chart/PPLI?range=2y&interval=1d&includeAdjustedClose=true
PPTA,Perpetua Resources Corp. Common Shares,kurs/technika,"F3: beta <= 1,2 lub brak danych; F5: kurs pod SMA50",https://query1.finance.yahoo.com/v8/finance/chart/PPTA?range=2y&interval=1d&includeAdjustedClose=true
PRAA,PRA Group Inc. Common Stock,kurs/technika,"F3: beta <= 1,2 lub brak danych; F4: kurs mniej niż 25% pod 52-tyg. szczytem",https://query1.finance.yahoo.com/v8/finance/chart/PRAA?range=2y&interval=1d&includeAdjustedClose=true
PRCH,Porch Group Inc. Common Stock,kurs/technika,F4: kurs mniej niż 25% pod 52-tyg. szczytem,https://query1.finance.yahoo.com/v8/finance/chart/PRCH?range=2y&interval=1d&includeAdjustedClose=true
PRCT,PROCEPT BioRobotics Corporation Common Stock,kurs/technika,"F3: beta <= 1,2 lub brak danych; F5: kurs pod SMA50",https://query1.finance.yahoo.com/v8/finance/chart/PRCT?range=2y&interval=1d&includeAdjustedClose=true
PRDO,Perdoceo Education Corporation Common Stock,kurs/technika,"F3: beta <= 1,2 lub brak danych; F4: kurs mniej niż 25% pod 52-tyg. szczytem",https://query1.finance.yahoo.com/v8/finance/chart/PRDO?range=2y&interval=1d&includeAdjustedClose=true
PRGS,Progress Software Corporation Common Stock (DE),kurs/technika,"F3: beta <= 1,2 lub brak danych; F4: kurs mniej niż 25% pod 52-tyg. szczytem; F5: kurs pod SMA50",https://query1.finance.yahoo.com/v8/finance/chart/PRGS?range=2y&interval=1d&includeAdjustedClose=true
PRLD,Prelude Therapeutics Incorporated Common Stock,kurs/technika,F5: kurs pod SMA50,https://query1.finance.yahoo.com/v8/finance/chart/PRLD?range=2y&interval=1d&includeAdjustedClose=true
PROK,ProKidney Corp. Class A Ordinary Shares,kurs/technika,F5: kurs pod SMA50,https://query1.finance.yahoo.com/v8/finance/chart/PROK?range=2y&interval=1d&includeAdjustedClose=true
PRTA,Prothena Corporation plc Ordinary Shares,kurs/technika,"F3: beta <= 1,2 lub brak danych; F5: kurs pod SMA50",https://query1.finance.yahoo.com/v8/finance/chart/PRTA?range=2y&interval=1d&includeAdjustedClose=true
PRTH,Priority Technology Holdings Inc. Common Stock,kurs/technika,F4: kurs mniej niż 25% pod 52-tyg. szczytem,https://query1.finance.yahoo.com/v8/finance/chart/PRTH?range=2y&interval=1d&includeAdjustedClose=true
PRVA,Privia Health Group Inc. Common Stock,kurs/technika,"F3: beta <= 1,2 lub brak danych; F5: kurs pod SMA50",https://query1.finance.yahoo.com/v8/finance/chart/PRVA?range=2y&interval=1d&includeAdjustedClose=true
PSEC,Prospect Capital Corporation Common Stock,kurs/technika,"F3: beta <= 1,2 lub brak danych; F5: kurs pod SMA50",https://query1.finance.yahoo.com/v8/finance/chart/PSEC?range=2y&interval=1d&includeAdjustedClose=true
PSNL,Personalis Inc. Common Stock,kurs/technika,"F3: beta <= 1,2 lub brak danych; F4: kurs mniej niż 25% pod 52-tyg. szczytem",https://query1.finance.yahoo.com/v8/finance/chart/PSNL?range=2y&interval=1d&includeAdjustedClose=true
PSNY,Polestar Automotive Holding UK PLC Class A ADS,kurs/technika,F5: kurs pod SMA50,https://query1.finance.yahoo.com/v8/finance/chart/PSNY?range=2y&interval=1d&includeAdjustedClose=true
PSNYW,Polestar Automotive Holding UK PLC Class C-1 ADS (ADW),kurs/technika,"średni obrót < 2 mln USD; F3: beta <= 1,2 lub brak danych",https://query1.finance.yahoo.com/v8/finance/chart/PSNYW?range=2y&interval=1d&includeAdjustedClose=true
PSQL,Pasqal Holding SA Ordinary Share,kurs/technika,"F3: beta <= 1,2 lub brak danych; F5: kurs pod SMA50",https://query1.finance.yahoo.com/v8/finance/chart/PSQL?range=2y&interval=1d&includeAdjustedClose=true
PTLO,Portillo's Inc. Class A Common Stock,kurs/technika,"F3: beta <= 1,2 lub brak danych; F5: kurs pod SMA50",https://query1.finance.yahoo.com/v8/finance/chart/PTLO?range=2y&interval=1d&includeAdjustedClose=true
PTON,Peloton Interactive Inc. Class A Common Stock,kurs/technika,F5: kurs pod SMA50,https://query1.finance.yahoo.com/v8/finance/chart/PTON?range=2y&interval=1d&includeAdjustedClose=true
PTRN,Pattern Group Inc. Series A Common Stock,kurs/technika,F5: kurs pod SMA50,https://query1.finance.yahoo.com/v8/finance/chart/PTRN?range=2y&interval=1d&includeAdjustedClose=true
PUBM,PubMatic Inc. Class A Common Stock,kurs/technika,F4: kurs mniej niż 25% pod 52-tyg. szczytem,https://query1.finance.yahoo.com/v8/finance/chart/PUBM?range=2y&interval=1d&includeAdjustedClose=true
PURR,Hyperliquid Strategies Inc Common Stock,kurs/technika,"F3: beta <= 1,2 lub brak danych; F4: kurs mniej niż 25% pod 52-tyg. szczytem",https://query1.finance.yahoo.com/v8/finance/chart/PURR?range=2y&interval=1d&includeAdjustedClose=true
PUSA,Powerus Corporation Common Stock,kurs/technika,F5: kurs pod SMA50,https://query1.finance.yahoo.com/v8/finance/chart/PUSA?range=2y&interval=1d&includeAdjustedClose=true
PVLA,Palvella Therapeutics Inc. Common Stock,kurs/technika,"F3: beta <= 1,2 lub brak danych; F4: kurs mniej niż 25% pod 52-tyg. szczytem; F5: kurs pod SMA50",https://query1.finance.yahoo.com/v8/finance/chart/PVLA?range=2y&interval=1d&includeAdjustedClose=true
PWP,Perella Weinberg Partners Class A Common Stock,kurs/technika,F5: kurs pod SMA50,https://query1.finance.yahoo.com/v8/finance/chart/PWP?range=2y&interval=1d&includeAdjustedClose=true
PZZA,Papa John's International Inc. Common Stock,kurs/technika,"F3: beta <= 1,2 lub brak danych; F5: kurs pod SMA50",https://query1.finance.yahoo.com/v8/finance/chart/PZZA?range=2y&interval=1d&includeAdjustedClose=true
QCRH,QCR Holdings Inc. Common Stock,kurs/technika,"F3: beta <= 1,2 lub brak danych; F4: kurs mniej niż 25% pod 52-tyg. szczytem; F5: kurs pod SMA50",https://query1.finance.yahoo.com/v8/finance/chart/QCRH?range=2y&interval=1d&includeAdjustedClose=true
QDEL,QuidelOrtho Corporation Common Stock,kurs/technika,F5: kurs pod SMA50,https://query1.finance.yahoo.com/v8/finance/chart/QDEL?range=2y&interval=1d&includeAdjustedClose=true
QMCO,Quantum Corporation Common Stock,kurs/technika,F4: kurs mniej niż 25% pod 52-tyg. szczytem,https://query1.finance.yahoo.com/v8/finance/chart/QMCO?range=2y&interval=1d&includeAdjustedClose=true
QNBC,QNB Corp. Common Stock,kurs/technika,"średni obrót < 2 mln USD; F3: beta <= 1,2 lub brak danych; F4: kurs mniej niż 25% pod 52-tyg. szczytem",https://query1.finance.yahoo.com/v8/finance/chart/QNBC?range=2y&interval=1d&includeAdjustedClose=true
QNST,QuinStreet Inc. Common Stock,kurs/technika,F5: kurs pod SMA50,https://query1.finance.yahoo.com/v8/finance/chart/QNST?range=2y&interval=1d&includeAdjustedClose=true
QS,QuantumScape Corporation Class A Common Stock,kurs/technika,F5: kurs pod SMA50,https://query1.finance.yahoo.com/v8/finance/chart/QS?range=2y&interval=1d&includeAdjustedClose=true
QUBT,Quantum Computing Inc. Common Stock,kurs/technika,F5: kurs pod SMA50,https://query1.finance.yahoo.com/v8/finance/chart/QUBT?range=2y&interval=1d&includeAdjustedClose=true
QURE,uniQure N.V. Ordinary Shares,kurs/technika,F5: kurs pod SMA50,https://query1.finance.yahoo.com/v8/finance/chart/QURE?range=2y&interval=1d&includeAdjustedClose=true
QVCG,QVC Group Inc. Common Stock,kurs,za krótka historia notowań (43 sesji),
RAPP,Rapport Therapeutics Inc. Common Stock,kurs/technika,F5: kurs pod SMA50,https://query1.finance.yahoo.com/v8/finance/chart/RAPP?range=2y&interval=1d&includeAdjustedClose=true
RARE,Ultragenyx Pharmaceutical Inc. Common Stock,kurs/technika,F5: kurs pod SMA50,https://query1.finance.yahoo.com/v8/finance/chart/RARE?range=2y&interval=1d&includeAdjustedClose=true
RBB,RBB Bancorp Common Stock,kurs/technika,"F3: beta <= 1,2 lub brak danych; F4: kurs mniej niż 25% pod 52-tyg. szczytem; F5: kurs pod SMA50",https://query1.finance.yahoo.com/v8/finance/chart/RBB?range=2y&interval=1d&includeAdjustedClose=true
RBBN,Ribbon Communications Inc. Common Stock,kurs/technika,średni obrót < 2 mln USD; F5: kurs pod SMA50,https://query1.finance.yahoo.com/v8/finance/chart/RBBN?range=2y&interval=1d&includeAdjustedClose=true
RBCAA,Republic Bancorp Inc. Class A Common Stock,kurs/technika,"F3: beta <= 1,2 lub brak danych; F4: kurs mniej niż 25% pod 52-tyg. szczytem; F5: kurs pod SMA50",https://query1.finance.yahoo.com/v8/finance/chart/RBCAA?range=2y&interval=1d&includeAdjustedClose=true
RCAT,Red Cat Holdings Inc. Common Stock,kurs/technika,F5: kurs pod SMA50,https://query1.finance.yahoo.com/v8/finance/chart/RCAT?range=2y&interval=1d&includeAdjustedClose=true
RCBC,River City Bank Common stock,kurs/technika,"F3: beta <= 1,2 lub brak danych; F4: kurs mniej niż 25% pod 52-tyg. szczytem",https://query1.finance.yahoo.com/v8/finance/chart/RCBC?range=2y&interval=1d&includeAdjustedClose=true
RCEL,Avita Medical Inc. Common Stock,kurs/technika,F4: kurs mniej niż 25% pod 52-tyg. szczytem,https://query1.finance.yahoo.com/v8/finance/chart/RCEL?range=2y&interval=1d&includeAdjustedClose=true
RCKT,Rocket Pharmaceuticals Inc. Common Stock,kurs/technika,F5: kurs pod SMA50,https://query1.finance.yahoo.com/v8/finance/chart/RCKT?range=2y&interval=1d&includeAdjustedClose=true
RCKY,Rocky Brands Inc. Common Stock,kurs/technika,"F3: beta <= 1,2 lub brak danych; F4: kurs mniej niż 25% pod 52-tyg. szczytem; F5: kurs pod SMA50",https://query1.finance.yahoo.com/v8/finance/chart/RCKY?range=2y&interval=1d&includeAdjustedClose=true
RCMT,RCM Technologies Inc. Common Stock,kurs/technika,"F3: beta <= 1,2 lub brak danych; F4: kurs mniej niż 25% pod 52-tyg. szczytem",https://query1.finance.yahoo.com/v8/finance/chart/RCMT?range=2y&interval=1d&includeAdjustedClose=true
RDIB,Reading International Inc Class B Common Stock,kurs/technika,"F3: beta <= 1,2 lub brak danych; F5: kurs pod SMA50",https://query1.finance.yahoo.com/v8/finance/chart/RDIB?range=2y&interval=1d&includeAdjustedClose=true
RDVT,Red Violet Inc. Common Stock,kurs/technika,F4: kurs mniej niż 25% pod 52-tyg. szczytem,https://query1.finance.yahoo.com/v8/finance/chart/RDVT?range=2y&interval=1d&includeAdjustedClose=true
RDWR,Radware Ltd. Ordinary Shares,kurs/technika,"F3: beta <= 1,2 lub brak danych; F4: kurs mniej niż 25% pod 52-tyg. szczytem",https://query1.finance.yahoo.com/v8/finance/chart/RDWR?range=2y&interval=1d&includeAdjustedClose=true
REAL,The RealReal Inc. Common Stock,kurs/technika,F5: kurs pod SMA50,https://query1.finance.yahoo.com/v8/finance/chart/REAL?range=2y&interval=1d&includeAdjustedClose=true
REAX,Real REMAX Group Inc. Common Stock,kurs/technika,F5: kurs pod SMA50,https://query1.finance.yahoo.com/v8/finance/chart/REAX?range=2y&interval=1d&includeAdjustedClose=true
RELL,Richardson Electronics Ltd. Common Stock,kurs/technika,"F3: beta <= 1,2 lub brak danych; F4: kurs mniej niż 25% pod 52-tyg. szczytem",https://query1.finance.yahoo.com/v8/finance/chart/RELL?range=2y&interval=1d&includeAdjustedClose=true
REPL,Replimune Group Inc. Common Stock,kurs/technika,"F3: beta <= 1,2 lub brak danych; F4: kurs mniej niż 25% pod 52-tyg. szczytem; F5: kurs pod SMA50",https://query1.finance.yahoo.com/v8/finance/chart/REPL?range=2y&interval=1d&includeAdjustedClose=true
RGNX,REGENXBIO Inc. Common Stock,kurs/technika,F5: kurs pod SMA50,https://query1.finance.yahoo.com/v8/finance/chart/RGNX?range=2y&interval=1d&includeAdjustedClose=true
RIGL,Rigel Pharmaceuticals Inc. Common Stock,kurs/technika,F4: kurs mniej niż 25% pod 52-tyg. szczytem,https://query1.finance.yahoo.com/v8/finance/chart/RIGL?range=2y&interval=1d&includeAdjustedClose=true
RJET,Republic Airways Holdings Inc. Common Stock,kurs/technika,średni obrót < 2 mln USD; F5: kurs pod SMA50,https://query1.finance.yahoo.com/v8/finance/chart/RJET?range=2y&interval=1d&includeAdjustedClose=true
RLMD,Relmada Therapeutics Inc. Common Stock,kurs/technika,F5: kurs pod SMA50,https://query1.finance.yahoo.com/v8/finance/chart/RLMD?range=2y&interval=1d&includeAdjustedClose=true
RMIX,Suncrete Inc. Class A Common Stock,kurs/technika,"F3: beta <= 1,2 lub brak danych; F5: kurs pod SMA50",https://query1.finance.yahoo.com/v8/finance/chart/RMIX?range=2y&interval=1d&includeAdjustedClose=true
RMNI,Rimini Street Inc. (DE) Common Stock,kurs/technika,"F3: beta <= 1,2 lub brak danych; F5: kurs pod SMA50",https://query1.finance.yahoo.com/v8/finance/chart/RMNI?range=2y&interval=1d&includeAdjustedClose=true
RMR,The RMR Group Inc. Class A Common Stock,kurs/technika,"F3: beta <= 1,2 lub brak danych; F4: kurs mniej niż 25% pod 52-tyg. szczytem; F5: kurs pod SMA50",https://query1.finance.yahoo.com/v8/finance/chart/RMR?range=2y&interval=1d&includeAdjustedClose=true
RNW,ReNew Energy Global plc Class A Ordinary Shares,kurs/technika,"F3: beta <= 1,2 lub brak danych; F4: kurs mniej niż 25% pod 52-tyg. szczytem",https://query1.finance.yahoo.com/v8/finance/chart/RNW?range=2y&interval=1d&includeAdjustedClose=true
ROCK,Gibraltar Industries Inc. Common Stock,kurs/technika,"F3: beta <= 1,2 lub brak danych; F5: kurs pod SMA50",https://query1.finance.yahoo.com/v8/finance/chart/ROCK?range=2y&interval=1d&includeAdjustedClose=true
ROOT,Root Inc. Class A Common Stock,kurs/technika,"F3: beta <= 1,2 lub brak danych; F5: kurs pod SMA50",https://query1.finance.yahoo.com/v8/finance/chart/ROOT?range=2y&interval=1d&includeAdjustedClose=true
RPAY,Repay Holdings Corporation Class A Common Stock,kurs/technika,średni obrót < 2 mln USD,https://query1.finance.yahoo.com/v8/finance/chart/RPAY?range=2y&interval=1d&includeAdjustedClose=true
RR,Richtech Robotics Inc. Class B Common Stock,kurs/technika,F5: kurs pod SMA50,https://query1.finance.yahoo.com/v8/finance/chart/RR?range=2y&interval=1d&includeAdjustedClose=true
RRBI,Red River Bancshares Inc. Common Stock,kurs/technika,"F3: beta <= 1,2 lub brak danych; F4: kurs mniej niż 25% pod 52-tyg. szczytem; F5: kurs pod SMA50",https://query1.finance.yahoo.com/v8/finance/chart/RRBI?range=2y&interval=1d&includeAdjustedClose=true
RSVR,Reservoir Media Inc. Common Stock,kurs/technika,"średni obrót < 2 mln USD; F3: beta <= 1,2 lub brak danych; F5: kurs pod SMA50",https://query1.finance.yahoo.com/v8/finance/chart/RSVR?range=2y&interval=1d&includeAdjustedClose=true
RUN,Sunrun Inc. Common Stock,kurs/technika,F5: kurs pod SMA50,https://query1.finance.yahoo.com/v8/finance/chart/RUN?range=2y&interval=1d&includeAdjustedClose=true
RXT,Rackspace Technology Inc. Common Stock,kurs/technika,F5: kurs pod SMA50,https://query1.finance.yahoo.com/v8/finance/chart/RXT?range=2y&interval=1d&includeAdjustedClose=true
RZAI,Roze AI Inc. Common Shares,kurs,za krótka historia notowań (7 sesji),
RZLT,Rezolute Inc. Common Stock (NV),kurs/technika,"F3: beta <= 1,2 lub brak danych",https://query1.finance.yahoo.com/v8/finance/chart/RZLT?range=2y&interval=1d&includeAdjustedClose=true
RZLV,Rezolve AI PLC Ordinary Shares,kurs/technika,F5: kurs pod SMA50,https://query1.finance.yahoo.com/v8/finance/chart/RZLV?range=2y&interval=1d&includeAdjustedClose=true
SABR,Sabre Corporation Common Stock,kurs/technika,F4: kurs mniej niż 25% pod 52-tyg. szczytem; F5: kurs pod SMA50,https://query1.finance.yahoo.com/v8/finance/chart/SABR?range=2y&interval=1d&includeAdjustedClose=true
SAFT,Safety Insurance Group Inc. Common Stock,kurs/technika,"F3: beta <= 1,2 lub brak danych; F4: kurs mniej niż 25% pod 52-tyg. szczytem",https://query1.finance.yahoo.com/v8/finance/chart/SAFT?range=2y&interval=1d&includeAdjustedClose=true
SANA,Sana Biotechnology Inc. Common Stock,kurs/technika,F5: kurs pod SMA50,https://query1.finance.yahoo.com/v8/finance/chart/SANA?range=2y&interval=1d&includeAdjustedClose=true
SATL,Satellogic Inc. Class A Common Stock,kurs/technika,F5: kurs pod SMA50,https://query1.finance.yahoo.com/v8/finance/chart/SATL?range=2y&interval=1d&includeAdjustedClose=true
SBC,SBC Medical Group Holdings Incorporated Common Stock,kurs/technika,"średni obrót < 2 mln USD; F3: beta <= 1,2 lub brak danych; F4: kurs mniej niż 25% pod 52-tyg. szczytem",https://query1.finance.yahoo.com/v8/finance/chart/SBC?range=2y&interval=1d&includeAdjustedClose=true
SBCF,Seacoast Banking Corporation of Florida Common Stock,kurs/technika,"F3: beta <= 1,2 lub brak danych; F4: kurs mniej niż 25% pod 52-tyg. szczytem; F5: kurs pod SMA50",https://query1.finance.yahoo.com/v8/finance/chart/SBCF?range=2y&interval=1d&includeAdjustedClose=true
SBGI,Sinclair Inc. Class A Common Stock,kurs/technika,"F3: beta <= 1,2 lub brak danych; F5: kurs pod SMA50",https://query1.finance.yahoo.com/v8/finance/chart/SBGI?range=2y&interval=1d&includeAdjustedClose=true
SCHL,Scholastic Corporation Common Stock,kurs/technika,"F3: beta <= 1,2 lub brak danych; F4: kurs mniej niż 25% pod 52-tyg. szczytem",https://query1.finance.yahoo.com/v8/finance/chart/SCHL?range=2y&interval=1d&includeAdjustedClose=true
SCSC,ScanSource Inc. Common Stock,kurs/technika,F4: kurs mniej niż 25% pod 52-tyg. szczytem,https://query1.finance.yahoo.com/v8/finance/chart/SCSC?range=2y&interval=1d&includeAdjustedClose=true
SCTX,Scribe Therapeutics Inc. Common Stock,kurs,za krótka historia notowań (53 sesji),
SCZM,Santacruz Silver Mining Ltd. Common Shares,kurs/technika,F5: kurs pod SMA50,https://query1.finance.yahoo.com/v8/finance/chart/SCZM?range=2y&interval=1d&includeAdjustedClose=true
SDGR,Schrodinger Inc. Common Stock,kurs/technika,F4: kurs mniej niż 25% pod 52-tyg. szczytem,https://query1.finance.yahoo.com/v8/finance/chart/SDGR?range=2y&interval=1d&includeAdjustedClose=true
SEDG,SolarEdge Technologies Inc. Common Stock,kurs/technika,"F3: beta <= 1,2 lub brak danych; F5: kurs pod SMA50",https://query1.finance.yahoo.com/v8/finance/chart/SEDG?range=2y&interval=1d&includeAdjustedClose=true
SENEA,Seneca Foods Corp. Class A Common Stock,kurs/technika,"F3: beta <= 1,2 lub brak danych; F4: kurs mniej niż 25% pod 52-tyg. szczytem; F5: kurs pod SMA50",https://query1.finance.yahoo.com/v8/finance/chart/SENEA?range=2y&interval=1d&includeAdjustedClose=true
SENEB,Seneca Foods Corp. Class B Common Stock,kurs/technika,"średni obrót < 2 mln USD; F3: beta <= 1,2 lub brak danych; F4: kurs mniej niż 25% pod 52-tyg. szczytem; F5: kurs pod SMA50",https://query1.finance.yahoo.com/v8/finance/chart/SENEB?range=2y&interval=1d&includeAdjustedClose=true
SENS,Senseonics Holdings Inc. Common Stock,kurs/technika,F4: kurs mniej niż 25% pod 52-tyg. szczytem,https://query1.finance.yahoo.com/v8/finance/chart/SENS?range=2y&interval=1d&includeAdjustedClose=true
SEPN,Septerna Inc. Common Stock,kurs/technika,F5: kurs pod SMA50,https://query1.finance.yahoo.com/v8/finance/chart/SEPN?range=2y&interval=1d&includeAdjustedClose=true
SERV,Serve Robotics Inc. Common Stock,kurs/technika,F5: kurs pod SMA50,https://query1.finance.yahoo.com/v8/finance/chart/SERV?range=2y&interval=1d&includeAdjustedClose=true
SFIX,Stitch Fix Inc. Class A Common Stock,kurs/technika,F5: kurs pod SMA50,https://query1.finance.yahoo.com/v8/finance/chart/SFIX?range=2y&interval=1d&includeAdjustedClose=true
SFNC,Simmons First National Corporation Class A Common Stock,kurs/technika,"F3: beta <= 1,2 lub brak danych; F4: kurs mniej niż 25% pod 52-tyg. szczytem; F5: kurs pod SMA50",https://query1.finance.yahoo.com/v8/finance/chart/SFNC?range=2y&interval=1d&includeAdjustedClose=true
SFST,Southern First Bancshares Inc. Common Stock,kurs/technika,"F3: beta <= 1,2 lub brak danych; F4: kurs mniej niż 25% pod 52-tyg. szczytem; F5: kurs pod SMA50",https://query1.finance.yahoo.com/v8/finance/chart/SFST?range=2y&interval=1d&includeAdjustedClose=true
SGHT,Sight Sciences Inc. Common Stock,kurs/technika,F4: kurs mniej niż 25% pod 52-tyg. szczytem,https://query1.finance.yahoo.com/v8/finance/chart/SGHT?range=2y&interval=1d&includeAdjustedClose=true
SGML,Sigma Lithium Corporation Common Shares,kurs/technika,F5: kurs pod SMA50,https://query1.finance.yahoo.com/v8/finance/chart/SGML?range=2y&interval=1d&includeAdjustedClose=true
SGMT,Sagimet Biosciences Inc. Series A Common Stock,kurs/technika,F4: kurs mniej niż 25% pod 52-tyg. szczytem; F5: kurs pod SMA50,https://query1.finance.yahoo.com/v8/finance/chart/SGMT?range=2y&interval=1d&includeAdjustedClose=true
SGP,SpyGlass Pharma Inc. Common Stock,kurs/technika,"F3: beta <= 1,2 lub brak danych; F5: kurs pod SMA50",https://query1.finance.yahoo.com/v8/finance/chart/SGP?range=2y&interval=1d&includeAdjustedClose=true
SGRY,Surgery Partners Inc. Common Stock,kurs/technika,F5: kurs pod SMA50,https://query1.finance.yahoo.com/v8/finance/chart/SGRY?range=2y&interval=1d&includeAdjustedClose=true
SHAZ,SharonAI Holdings Inc. Class A Common Stock,kurs/technika,"F3: beta <= 1,2 lub brak danych; F5: kurs pod SMA50",https://query1.finance.yahoo.com/v8/finance/chart/SHAZ?range=2y&interval=1d&includeAdjustedClose=true
SHBI,Shore Bancshares Inc Common Stock,kurs/technika,"F3: beta <= 1,2 lub brak danych; F4: kurs mniej niż 25% pod 52-tyg. szczytem; F5: kurs pod SMA50",https://query1.finance.yahoo.com/v8/finance/chart/SHBI?range=2y&interval=1d&includeAdjustedClose=true
SHEN,Shenandoah Telecommunications Co Common Stock,kurs/technika,"F3: beta <= 1,2 lub brak danych; F5: kurs pod SMA50",https://query1.finance.yahoo.com/v8/finance/chart/SHEN?range=2y&interval=1d&includeAdjustedClose=true
SHIP,Seanergy Maritime Holdings Corp. Common Stock,kurs/technika,F4: kurs mniej niż 25% pod 52-tyg. szczytem; F5: kurs pod SMA50,https://query1.finance.yahoo.com/v8/finance/chart/SHIP?range=2y&interval=1d&includeAdjustedClose=true
SHLS,Shoals Technologies Group Inc. Class A Common Stock,kurs/technika,"F3: beta <= 1,2 lub brak danych",https://query1.finance.yahoo.com/v8/finance/chart/SHLS?range=2y&interval=1d&includeAdjustedClose=true
SHMD,SCHMID Group N.V. Class A Ordinary Shares,kurs/technika,"F3: beta <= 1,2 lub brak danych",https://query1.finance.yahoo.com/v8/finance/chart/SHMD?range=2y&interval=1d&includeAdjustedClose=true
SHOE,Shoe Station Group Inc. Common Stock,kurs/technika,F5: kurs pod SMA50,https://query1.finance.yahoo.com/v8/finance/chart/SHOE?range=2y&interval=1d&includeAdjustedClose=true
SHOO,Steven Madden Ltd. Common Stock,kurs/technika,"F3: beta <= 1,2 lub brak danych; F4: kurs mniej niż 25% pod 52-tyg. szczytem; F5: kurs pod SMA50",https://query1.finance.yahoo.com/v8/finance/chart/SHOO?range=2y&interval=1d&includeAdjustedClose=true
SIBN,SI-BONE Inc. Common Stock,kurs/technika,"F3: beta <= 1,2 lub brak danych; F4: kurs mniej niż 25% pod 52-tyg. szczytem; F5: kurs pod SMA50",https://query1.finance.yahoo.com/v8/finance/chart/SIBN?range=2y&interval=1d&includeAdjustedClose=true
SIFY,Sify Technologies Limited American Depositary Shares,kurs/technika,"średni obrót < 2 mln USD; F3: beta <= 1,2 lub brak danych; F5: kurs pod SMA50",https://query1.finance.yahoo.com/v8/finance/chart/SIFY?range=2y&interval=1d&includeAdjustedClose=true
SILC,Silicom Ltd Ordinary Shares,kurs/technika,"F3: beta <= 1,2 lub brak danych; F4: kurs mniej niż 25% pod 52-tyg. szczytem",https://query1.finance.yahoo.com/v8/finance/chart/SILC?range=2y&interval=1d&includeAdjustedClose=true
SKWD,Skyward Specialty Insurance Group Inc. Common Stock,kurs/technika,"F3: beta <= 1,2 lub brak danych; F4: kurs mniej niż 25% pod 52-tyg. szczytem",https://query1.finance.yahoo.com/v8/finance/chart/SKWD?range=2y&interval=1d&includeAdjustedClose=true
SLBT,SL Science Holding Limited Ordinary Shares,kurs/technika,"średni obrót < 2 mln USD; F3: beta <= 1,2 lub brak danych; F5: kurs pod SMA50",https://query1.finance.yahoo.com/v8/finance/chart/SLBT?range=2y&interval=1d&includeAdjustedClose=true
SLDB,Solid Biosciences Inc. Common Stock,kurs/technika,F5: kurs pod SMA50,https://query1.finance.yahoo.com/v8/finance/chart/SLDB?range=2y&interval=1d&includeAdjustedClose=true
SLDE,Slide Insurance Holdings Inc. Common Stock,kurs/technika,"F3: beta <= 1,2 lub brak danych; F4: kurs mniej niż 25% pod 52-tyg. szczytem",https://query1.finance.yahoo.com/v8/finance/chart/SLDE?range=2y&interval=1d&includeAdjustedClose=true
SLN,Silence Therapeutics Plc American Depository Share,kurs/technika,F5: kurs pod SMA50,https://query1.finance.yahoo.com/v8/finance/chart/SLN?range=2y&interval=1d&includeAdjustedClose=true
SLRC,SLR Investment Corp. Common Stock,kurs/technika,"F3: beta <= 1,2 lub brak danych; F5: kurs pod SMA50",https://query1.finance.yahoo.com/v8/finance/chart/SLRC?range=2y&interval=1d&includeAdjustedClose=true
SLS,SELLAS Life Sciences Group Inc. Common Stock,kurs/technika,"F3: beta <= 1,2 lub brak danych; F5: kurs pod SMA50",https://query1.finance.yahoo.com/v8/finance/chart/SLS?range=2y&interval=1d&includeAdjustedClose=true
SMBC,Southern Missouri Bancorp Inc. Common Stock,kurs/technika,"F3: beta <= 1,2 lub brak danych; F4: kurs mniej niż 25% pod 52-tyg. szczytem; F5: kurs pod SMA50",https://query1.finance.yahoo.com/v8/finance/chart/SMBC?range=2y&interval=1d&includeAdjustedClose=true
SMPL,The Simply Good Foods Company Common Stock,kurs/technika,"F3: beta <= 1,2 lub brak danych; F5: kurs pod SMA50",https://query1.finance.yahoo.com/v8/finance/chart/SMPL?range=2y&interval=1d&includeAdjustedClose=true
SMTI,Sanara MedTech Inc. Common Stock,kurs/technika,F4: kurs mniej niż 25% pod 52-tyg. szczytem,https://query1.finance.yahoo.com/v8/finance/chart/SMTI?range=2y&interval=1d&includeAdjustedClose=true
SNDL,SNDL Inc. Common Shares,kurs/technika,"średni obrót < 2 mln USD; F3: beta <= 1,2 lub brak danych; F5: kurs pod SMA50",https://query1.finance.yahoo.com/v8/finance/chart/SNDL?range=2y&interval=1d&includeAdjustedClose=true
SNDX,Syndax Pharmaceuticals Inc. Common Stock,kurs/technika,"F3: beta <= 1,2 lub brak danych; F5: kurs pod SMA50",https://query1.finance.yahoo.com/v8/finance/chart/SNDX?range=2y&interval=1d&includeAdjustedClose=true
SONO,Sonos Inc. Common Stock,kurs/technika,F4: kurs mniej niż 25% pod 52-tyg. szczytem,https://query1.finance.yahoo.com/v8/finance/chart/SONO?range=2y&interval=1d&includeAdjustedClose=true
SOPH,SOPHiA GENETICS SA Ordinary Shares,kurs/technika,F4: kurs mniej niż 25% pod 52-tyg. szczytem; F5: kurs pod SMA50,https://query1.finance.yahoo.com/v8/finance/chart/SOPH?range=2y&interval=1d&includeAdjustedClose=true
SOUN,SoundHound AI Inc Class A Common Stock,kurs/technika,F5: kurs pod SMA50,https://query1.finance.yahoo.com/v8/finance/chart/SOUN?range=2y&interval=1d&includeAdjustedClose=true
SPFI,South Plains Financial Inc. Common Stock,kurs/technika,"F3: beta <= 1,2 lub brak danych; F4: kurs mniej niż 25% pod 52-tyg. szczytem; F5: kurs pod SMA50",https://query1.finance.yahoo.com/v8/finance/chart/SPFI?range=2y&interval=1d&includeAdjustedClose=true
SPRY,ARS Pharmaceuticals Inc. Common Stock,kurs/technika,"F3: beta <= 1,2 lub brak danych; F5: kurs pod SMA50",https://query1.finance.yahoo.com/v8/finance/chart/SPRY?range=2y&interval=1d&includeAdjustedClose=true
SPSC,SPS Commerce Inc. Common Stock,kurs/technika,"F3: beta <= 1,2 lub brak danych",https://query1.finance.yahoo.com/v8/finance/chart/SPSC?range=2y&interval=1d&includeAdjustedClose=true
SPT,Sprout Social Inc Class A Common Stock,kurs/technika,"F3: beta <= 1,2 lub brak danych; F4: kurs mniej niż 25% pod 52-tyg. szczytem",https://query1.finance.yahoo.com/v8/finance/chart/SPT?range=2y&interval=1d&includeAdjustedClose=true
SPTX,Seaport Therapeutics Inc. Common Stock,kurs,za krótka historia notowań (111 sesji),
SRCE,1st Source Corporation Common Stock,kurs/technika,"F3: beta <= 1,2 lub brak danych; F4: kurs mniej niż 25% pod 52-tyg. szczytem; F5: kurs pod SMA50",https://query1.finance.yahoo.com/v8/finance/chart/SRCE?range=2y&interval=1d&includeAdjustedClose=true
SRPT,Sarepta Therapeutics Inc. Common Stock (DE),kurs/technika,F5: kurs pod SMA50,https://query1.finance.yahoo.com/v8/finance/chart/SRPT?range=2y&interval=1d&includeAdjustedClose=true
SRTA,Strata Critical Medical Inc. Class A Common Stock,kurs/technika,F5: kurs pod SMA50,https://query1.finance.yahoo.com/v8/finance/chart/SRTA?range=2y&interval=1d&includeAdjustedClose=true
SRZN,Surrozen Inc. Common Stock,kurs/technika,"F3: beta <= 1,2 lub brak danych",https://query1.finance.yahoo.com/v8/finance/chart/SRZN?range=2y&interval=1d&includeAdjustedClose=true
SSII,SS Innovations International Inc. Common Stock,kurs/technika,"średni obrót < 2 mln USD; F3: beta <= 1,2 lub brak danych; F5: kurs pod SMA50",https://query1.finance.yahoo.com/v8/finance/chart/SSII?range=2y&interval=1d&includeAdjustedClose=true
SSYS,Stratasys Ltd. Ordinary Shares (Israel),kurs/technika,F5: kurs pod SMA50,https://query1.finance.yahoo.com/v8/finance/chart/SSYS?range=2y&interval=1d&includeAdjustedClose=true
STAA,STAAR Surgical Company Common Stock,kurs/technika,"F3: beta <= 1,2 lub brak danych; F5: kurs pod SMA50",https://query1.finance.yahoo.com/v8/finance/chart/STAA?range=2y&interval=1d&includeAdjustedClose=true
STBA,S&T Bancorp Inc. Common Stock,kurs/technika,"F3: beta <= 1,2 lub brak danych; F4: kurs mniej niż 25% pod 52-tyg. szczytem; F5: kurs pod SMA50",https://query1.finance.yahoo.com/v8/finance/chart/STBA?range=2y&interval=1d&includeAdjustedClose=true
STGW,Stagwell Inc. Class A Common Stock,kurs/technika,"F3: beta <= 1,2 lub brak danych; F4: kurs mniej niż 25% pod 52-tyg. szczytem; F5: kurs pod SMA50",https://query1.finance.yahoo.com/v8/finance/chart/STGW?range=2y&interval=1d&includeAdjustedClose=true
STLN,Starling Oncology Inc. Common Stock,kurs/technika,F4: kurs mniej niż 25% pod 52-tyg. szczytem,https://query1.finance.yahoo.com/v8/finance/chart/STLN?range=2y&interval=1d&includeAdjustedClose=true
STNE,StoneCo Ltd. Class A Common Shares,kurs/technika,"F3: beta <= 1,2 lub brak danych",https://query1.finance.yahoo.com/v8/finance/chart/STNE?range=2y&interval=1d&includeAdjustedClose=true
STOK,Stoke Therapeutics Inc. Common Stock,kurs/technika,F5: kurs pod SMA50,https://query1.finance.yahoo.com/v8/finance/chart/STOK?range=2y&interval=1d&includeAdjustedClose=true
STRA,Strategic Education Inc. Common Stock,kurs/technika,"F3: beta <= 1,2 lub brak danych; F4: kurs mniej niż 25% pod 52-tyg. szczytem",https://query1.finance.yahoo.com/v8/finance/chart/STRA?range=2y&interval=1d&includeAdjustedClose=true
STRZ,Starz Entertainment Corp. Common Shares,kurs/technika,"F3: beta <= 1,2 lub brak danych; F5: kurs pod SMA50",https://query1.finance.yahoo.com/v8/finance/chart/STRZ?range=2y&interval=1d&includeAdjustedClose=true
STTK,Shattuck Labs Inc. Common Stock,kurs/technika,F5: kurs pod SMA50,https://query1.finance.yahoo.com/v8/finance/chart/STTK?range=2y&interval=1d&includeAdjustedClose=true
SUJA,Suja Life Inc. Class A Common Stock,kurs,za krótka historia notowań (107 sesji),
SUPN,Supernus Pharmaceuticals Inc. Common Stock,kurs/technika,"F3: beta <= 1,2 lub brak danych; F5: kurs pod SMA50",https://query1.finance.yahoo.com/v8/finance/chart/SUPN?range=2y&interval=1d&includeAdjustedClose=true
SVIA,Silvia Inc. Common Stock,kurs/technika,"F3: beta <= 1,2 lub brak danych",https://query1.finance.yahoo.com/v8/finance/chart/SVIA?range=2y&interval=1d&includeAdjustedClose=true
SVRA,Savara Inc. Common Stock,kurs/technika,F5: kurs pod SMA50,https://query1.finance.yahoo.com/v8/finance/chart/SVRA?range=2y&interval=1d&includeAdjustedClose=true
SWBI,Smith & Wesson Brands Inc. Common Stock,kurs/technika,"F3: beta <= 1,2 lub brak danych; F4: kurs mniej niż 25% pod 52-tyg. szczytem",https://query1.finance.yahoo.com/v8/finance/chart/SWBI?range=2y&interval=1d&includeAdjustedClose=true
SWIM,Latham Group Inc. Common Stock,kurs/technika,F5: kurs pod SMA50,https://query1.finance.yahoo.com/v8/finance/chart/SWIM?range=2y&interval=1d&includeAdjustedClose=true
SWRD,Stewards Inc Common Stock,kurs,za krótka historia notowań (21 sesji),
SYBT,Stock Yards Bancorp Inc. Common Stock,kurs/technika,"F3: beta <= 1,2 lub brak danych; F4: kurs mniej niż 25% pod 52-tyg. szczytem; F5: kurs pod SMA50",https://query1.finance.yahoo.com/v8/finance/chart/SYBT?range=2y&interval=1d&includeAdjustedClose=true
TATT,TAT Technologies Ltd. Ordinary Shares,kurs/technika,"F3: beta <= 1,2 lub brak danych; F5: kurs pod SMA50",https://query1.finance.yahoo.com/v8/finance/chart/TATT?range=2y&interval=1d&includeAdjustedClose=true
TBBK,The Bancorp Inc Common Stock,kurs/technika,F5: kurs pod SMA50,https://query1.finance.yahoo.com/v8/finance/chart/TBBK?range=2y&interval=1d&includeAdjustedClose=true
TBLA,Taboola.com Ltd. Ordinary Shares,kurs/technika,"F3: beta <= 1,2 lub brak danych; F5: kurs pod SMA50",https://query1.finance.yahoo.com/v8/finance/chart/TBLA?range=2y&interval=1d&includeAdjustedClose=true
TBLD,Thornburg Income Builder Opportunities Trust Common Stock,kurs/technika,"średni obrót < 2 mln USD; F3: beta <= 1,2 lub brak danych; F4: kurs mniej niż 25% pod 52-tyg. szczytem; F5: kurs pod SMA50",https://query1.finance.yahoo.com/v8/finance/chart/TBLD?range=2y&interval=1d&includeAdjustedClose=true
TCBK,TriCo Bancshares Common Stock,kurs/technika,"F3: beta <= 1,2 lub brak danych; F4: kurs mniej niż 25% pod 52-tyg. szczytem; F5: kurs pod SMA50",https://query1.finance.yahoo.com/v8/finance/chart/TCBK?range=2y&interval=1d&includeAdjustedClose=true
TCMD,Tactile Systems Technology Inc. Common Stock,kurs/technika,"F3: beta <= 1,2 lub brak danych; F5: kurs pod SMA50",https://query1.finance.yahoo.com/v8/finance/chart/TCMD?range=2y&interval=1d&includeAdjustedClose=true
TCPC,BlackRock TCP Capital Corp. Common Stock,kurs/technika,"F3: beta <= 1,2 lub brak danych",https://query1.finance.yahoo.com/v8/finance/chart/TCPC?range=2y&interval=1d&includeAdjustedClose=true
TDUP,ThredUp Inc. Class A Common Stock,kurs/technika,F5: kurs pod SMA50,https://query1.finance.yahoo.com/v8/finance/chart/TDUP?range=2y&interval=1d&includeAdjustedClose=true
TECX,Tectonic Therapeutic Inc. Common Stock,kurs/technika,F5: kurs pod SMA50,https://query1.finance.yahoo.com/v8/finance/chart/TECX?range=2y&interval=1d&includeAdjustedClose=true
TH,Target Hospitality Corp. Common Stock,kurs/technika,"F3: beta <= 1,2 lub brak danych; F4: kurs mniej niż 25% pod 52-tyg. szczytem; F5: kurs pod SMA50",https://query1.finance.yahoo.com/v8/finance/chart/TH?range=2y&interval=1d&includeAdjustedClose=true
THFF,First Financial Corporation Common Stock,kurs/technika,"F3: beta <= 1,2 lub brak danych; F4: kurs mniej niż 25% pod 52-tyg. szczytem; F5: kurs pod SMA50",https://query1.finance.yahoo.com/v8/finance/chart/THFF?range=2y&interval=1d&includeAdjustedClose=true
THRM,Gentherm Inc Common Stock,kurs/technika,"F3: beta <= 1,2 lub brak danych; F5: kurs pod SMA50",https://query1.finance.yahoo.com/v8/finance/chart/THRM?range=2y&interval=1d&includeAdjustedClose=true
TILE,Interface Inc. Common Stock,kurs/technika,"F3: beta <= 1,2 lub brak danych; F4: kurs mniej niż 25% pod 52-tyg. szczytem; F5: kurs pod SMA50",https://query1.finance.yahoo.com/v8/finance/chart/TILE?range=2y&interval=1d&includeAdjustedClose=true
TIPT,Tiptree Inc. Common Stock,kurs/technika,"F3: beta <= 1,2 lub brak danych; F4: kurs mniej niż 25% pod 52-tyg. szczytem; F5: kurs pod SMA50",https://query1.finance.yahoo.com/v8/finance/chart/TIPT?range=2y&interval=1d&includeAdjustedClose=true
TITN,Titan Machinery Inc. Common Stock,kurs/technika,F4: kurs mniej niż 25% pod 52-tyg. szczytem,https://query1.finance.yahoo.com/v8/finance/chart/TITN?range=2y&interval=1d&includeAdjustedClose=true
TKNO,Alpha Teknova Inc. Common Stock,kurs/technika,F4: kurs mniej niż 25% pod 52-tyg. szczytem,https://query1.finance.yahoo.com/v8/finance/chart/TKNO?range=2y&interval=1d&includeAdjustedClose=true
TLRY,Tilray Brands Inc. Common Stock,kurs/technika,"F3: beta <= 1,2 lub brak danych; F5: kurs pod SMA50",https://query1.finance.yahoo.com/v8/finance/chart/TLRY?range=2y&interval=1d&includeAdjustedClose=true
TLS,Telos Corporation Common Stock,kurs/technika,F5: kurs pod SMA50,https://query1.finance.yahoo.com/v8/finance/chart/TLS?range=2y&interval=1d&includeAdjustedClose=true
TMC,TMC the metals company Inc. Common Stock,kurs/technika,"F3: beta <= 1,2 lub brak danych; F5: kurs pod SMA50",https://query1.finance.yahoo.com/v8/finance/chart/TMC?range=2y&interval=1d&includeAdjustedClose=true
TMDX,TransMedics Group Inc. Common Stock,kurs/technika,"F3: beta <= 1,2 lub brak danych; F5: kurs pod SMA50",https://query1.finance.yahoo.com/v8/finance/chart/TMDX?range=2y&interval=1d&includeAdjustedClose=true
TMS,Teamshares Inc. Common Stock,kurs/technika,"średni obrót < 2 mln USD; F3: beta <= 1,2 lub brak danych; F5: kurs pod SMA50",https://query1.finance.yahoo.com/v8/finance/chart/TMS?range=2y&interval=1d&includeAdjustedClose=true
TNDM,Tandem Diabetes Care Inc. Common Stock,kurs/technika,"F3: beta <= 1,2 lub brak danych; F5: kurs pod SMA50",https://query1.finance.yahoo.com/v8/finance/chart/TNDM?range=2y&interval=1d&includeAdjustedClose=true
TOWN,TowneBank Common Stock,kurs/technika,"F3: beta <= 1,2 lub brak danych; F4: kurs mniej niż 25% pod 52-tyg. szczytem; F5: kurs pod SMA50",https://query1.finance.yahoo.com/v8/finance/chart/TOWN?range=2y&interval=1d&includeAdjustedClose=true
TRAX,First Tracks Biotherapeutics Inc. Ordinary Shares,kurs/technika,"F3: beta <= 1,2 lub brak danych; F5: kurs pod SMA50",https://query1.finance.yahoo.com/v8/finance/chart/TRAX?range=2y&interval=1d&includeAdjustedClose=true
TREE,LendingTree Inc. Common Stock,kurs/technika,"F3: beta <= 1,2 lub brak danych; F5: kurs pod SMA50",https://query1.finance.yahoo.com/v8/finance/chart/TREE?range=2y&interval=1d&includeAdjustedClose=true
TRIP,TripAdvisor Inc. Common Stock,kurs/technika,"F3: beta <= 1,2 lub brak danych; F5: kurs pod SMA50",https://query1.finance.yahoo.com/v8/finance/chart/TRIP?range=2y&interval=1d&includeAdjustedClose=true
TRMK,Trustmark Corporation Common Stock,kurs/technika,"F3: beta <= 1,2 lub brak danych; F4: kurs mniej niż 25% pod 52-tyg. szczytem; F5: kurs pod SMA50",https://query1.finance.yahoo.com/v8/finance/chart/TRMK?range=2y&interval=1d&includeAdjustedClose=true
TRNS,Transcat Inc. Common Stock,kurs/technika,"F3: beta <= 1,2 lub brak danych; F4: kurs mniej niż 25% pod 52-tyg. szczytem; F5: kurs pod SMA50",https://query1.finance.yahoo.com/v8/finance/chart/TRNS?range=2y&interval=1d&includeAdjustedClose=true
TRON,Tron Inc. Common Stock,kurs/technika,"średni obrót < 2 mln USD; F3: beta <= 1,2 lub brak danych; F5: kurs pod SMA50",https://query1.finance.yahoo.com/v8/finance/chart/TRON?range=2y&interval=1d&includeAdjustedClose=true
TRS,TriMas Corporation Common Stock,kurs/technika,"F3: beta <= 1,2 lub brak danych; F4: kurs mniej niż 25% pod 52-tyg. szczytem; F5: kurs pod SMA50",https://query1.finance.yahoo.com/v8/finance/chart/TRS?range=2y&interval=1d&includeAdjustedClose=true
TRST,TrustCo Bank Corp NY Common Stock,kurs/technika,"F3: beta <= 1,2 lub brak danych; F4: kurs mniej niż 25% pod 52-tyg. szczytem; F5: kurs pod SMA50",https://query1.finance.yahoo.com/v8/finance/chart/TRST?range=2y&interval=1d&includeAdjustedClose=true
TRUP,Trupanion Inc. Common Stock,kurs/technika,"F3: beta <= 1,2 lub brak danych; F5: kurs pod SMA50",https://query1.finance.yahoo.com/v8/finance/chart/TRUP?range=2y&interval=1d&includeAdjustedClose=true
TRVG,trivago N.V. American Depositary Shares,kurs/technika,"średni obrót < 2 mln USD; F3: beta <= 1,2 lub brak danych; F5: kurs pod SMA50",https://query1.finance.yahoo.com/v8/finance/chart/TRVG?range=2y&interval=1d&includeAdjustedClose=true
TRVI,Trevi Therapeutics Inc. Common Stock,kurs/technika,"F3: beta <= 1,2 lub brak danych; F5: kurs pod SMA50",https://query1.finance.yahoo.com/v8/finance/chart/TRVI?range=2y&interval=1d&includeAdjustedClose=true
TSAT,Telesat Corporation Class A Common Shares and Class B Variable Voting Shares,kurs/technika,F5: kurs pod SMA50,https://query1.finance.yahoo.com/v8/finance/chart/TSAT?range=2y&interval=1d&includeAdjustedClose=true
TSBK,Timberland Bancorp Inc. Common Stock,kurs/technika,"średni obrót < 2 mln USD; F3: beta <= 1,2 lub brak danych; F4: kurs mniej niż 25% pod 52-tyg. szczytem; F5: kurs pod SMA50",https://query1.finance.yahoo.com/v8/finance/chart/TSBK?range=2y&interval=1d&includeAdjustedClose=true
TSHA,Taysha Gene Therapies Inc. Common Stock,kurs/technika,F5: kurs pod SMA50,https://query1.finance.yahoo.com/v8/finance/chart/TSHA?range=2y&interval=1d&includeAdjustedClose=true
TTGT,TechTarget Inc. Common Stock,kurs/technika,średni obrót < 2 mln USD,https://query1.finance.yahoo.com/v8/finance/chart/TTGT?range=2y&interval=1d&includeAdjustedClose=true
TTRX,Turn Therapeutics Inc. Common Stock,kurs/technika,"średni obrót < 2 mln USD; F3: beta <= 1,2 lub brak danych",https://query1.finance.yahoo.com/v8/finance/chart/TTRX?range=2y&interval=1d&includeAdjustedClose=true
TWFG,TWFG Inc. Class A Common Stock,kurs/technika,"F3: beta <= 1,2 lub brak danych; F4: kurs mniej niż 25% pod 52-tyg. szczytem; F5: kurs pod SMA50",https://query1.finance.yahoo.com/v8/finance/chart/TWFG?range=2y&interval=1d&includeAdjustedClose=true
TWIN,Twin Disc Incorporated Common Stock,kurs/technika,"F3: beta <= 1,2 lub brak danych; F4: kurs mniej niż 25% pod 52-tyg. szczytem",https://query1.finance.yahoo.com/v8/finance/chart/TWIN?range=2y&interval=1d&includeAdjustedClose=true
TYRA,Tyra Biosciences Inc. Common Stock,kurs/technika,"F3: beta <= 1,2 lub brak danych; F5: kurs pod SMA50",https://query1.finance.yahoo.com/v8/finance/chart/TYRA?range=2y&interval=1d&includeAdjustedClose=true
UCTT,Ultra Clean Holdings Inc. Common Stock,kurs/technika,F5: kurs pod SMA50,https://query1.finance.yahoo.com/v8/finance/chart/UCTT?range=2y&interval=1d&includeAdjustedClose=true
UFPT,UFP Technologies Inc. Common Stock,kurs/technika,F4: kurs mniej niż 25% pod 52-tyg. szczytem; F5: kurs pod SMA50,https://query1.finance.yahoo.com/v8/finance/chart/UFPT?range=2y&interval=1d&includeAdjustedClose=true
ULCC,Frontier Group Holdings Inc. Common Stock,kurs/technika,F5: kurs pod SMA50,https://query1.finance.yahoo.com/v8/finance/chart/ULCC?range=2y&interval=1d&includeAdjustedClose=true
ULH,Universal Logistics Holdings Inc. Common Stock,kurs/technika,średni obrót < 2 mln USD; F5: kurs pod SMA50,https://query1.finance.yahoo.com/v8/finance/chart/ULH?range=2y&interval=1d&includeAdjustedClose=true
UPBD,Upbound Group Inc. Common Stock,kurs/technika,F5: kurs pod SMA50,https://query1.finance.yahoo.com/v8/finance/chart/UPBD?range=2y&interval=1d&includeAdjustedClose=true
UPST,Upstart Holdings Inc. Common stock,kurs/technika,F5: kurs pod SMA50,https://query1.finance.yahoo.com/v8/finance/chart/UPST?range=2y&interval=1d&includeAdjustedClose=true
UPWK,Upwork Inc. Common Stock,kurs/technika,F5: kurs pod SMA50,https://query1.finance.yahoo.com/v8/finance/chart/UPWK?range=2y&interval=1d&includeAdjustedClose=true
URGN,UroGen Pharma Ltd. Ordinary Shares,kurs/technika,"F3: beta <= 1,2 lub brak danych; F5: kurs pod SMA50",https://query1.finance.yahoo.com/v8/finance/chart/URGN?range=2y&interval=1d&includeAdjustedClose=true
UROY,Uranium Royalty Corp. Common Stock,kurs/technika,F5: kurs pod SMA50,https://query1.finance.yahoo.com/v8/finance/chart/UROY?range=2y&interval=1d&includeAdjustedClose=true
USCB,USCB Financial Holdings Inc. Class A Common Stock,kurs/technika,"średni obrót < 2 mln USD; F3: beta <= 1,2 lub brak danych; F4: kurs mniej niż 25% pod 52-tyg. szczytem; F5: kurs pod SMA50",https://query1.finance.yahoo.com/v8/finance/chart/USCB?range=2y&interval=1d&includeAdjustedClose=true
USDE,StablecoinX Inc. Class A Common Stock,kurs,za krótka historia notowań (73 sesji),
UVSP,Univest Financial Corporation Common Stock,kurs/technika,"F3: beta <= 1,2 lub brak danych; F4: kurs mniej niż 25% pod 52-tyg. szczytem; F5: kurs pod SMA50",https://query1.finance.yahoo.com/v8/finance/chart/UVSP?range=2y&interval=1d&includeAdjustedClose=true
VALN,Valneva SE American Depositary Shares,kurs/technika,średni obrót < 2 mln USD; F5: kurs pod SMA50,https://query1.finance.yahoo.com/v8/finance/chart/VALN?range=2y&interval=1d&includeAdjustedClose=true
VALU,Value Line Inc. Common Stock,kurs/technika,"średni obrót < 2 mln USD; F3: beta <= 1,2 lub brak danych; F4: kurs mniej niż 25% pod 52-tyg. szczytem",https://query1.finance.yahoo.com/v8/finance/chart/VALU?range=2y&interval=1d&includeAdjustedClose=true
VBNK,VersaBank Common Shares,kurs/technika,"F3: beta <= 1,2 lub brak danych; F4: kurs mniej niż 25% pod 52-tyg. szczytem",https://query1.finance.yahoo.com/v8/finance/chart/VBNK?range=2y&interval=1d&includeAdjustedClose=true
VC,Visteon Corporation Common Stock,kurs/technika,"F3: beta <= 1,2 lub brak danych; F5: kurs pod SMA50",https://query1.finance.yahoo.com/v8/finance/chart/VC?range=2y&interval=1d&includeAdjustedClose=true
VCEL,Vericel Corporation Common Stock,kurs/technika,"F3: beta <= 1,2 lub brak danych; F4: kurs mniej niż 25% pod 52-tyg. szczytem; F5: kurs pod SMA50",https://query1.finance.yahoo.com/v8/finance/chart/VCEL?range=2y&interval=1d&includeAdjustedClose=true
VCRE,Vicore Pharma Holding AB American Depositary Shares,kurs,za krótka historia notowań (68 sesji),
VELO,Velo3D Inc. Common stock,kurs/technika,"F3: beta <= 1,2 lub brak danych; F5: kurs pod SMA50",https://query1.finance.yahoo.com/v8/finance/chart/VELO?range=2y&interval=1d&includeAdjustedClose=true
VERA,Vera Therapeutics Inc. Class A Common Stock,kurs/technika,"F3: beta <= 1,2 lub brak danych; F5: kurs pod SMA50",https://query1.finance.yahoo.com/v8/finance/chart/VERA?range=2y&interval=1d&includeAdjustedClose=true
VERX,Vertex Inc. Class A Common Stock,kurs/technika,"F3: beta <= 1,2 lub brak danych; F5: kurs pod SMA50",https://query1.finance.yahoo.com/v8/finance/chart/VERX?range=2y&interval=1d&includeAdjustedClose=true
VFF,Village Farms International Inc. Common Shares,kurs/technika,F5: kurs pod SMA50,https://query1.finance.yahoo.com/v8/finance/chart/VFF?range=2y&interval=1d&includeAdjustedClose=true
VINP,Vinci Compass Investments Ltd. Class A Common Shares,kurs/technika,"średni obrót < 2 mln USD; F3: beta <= 1,2 lub brak danych; F4: kurs mniej niż 25% pod 52-tyg. szczytem",https://query1.finance.yahoo.com/v8/finance/chart/VINP?range=2y&interval=1d&includeAdjustedClose=true
VIR,Vir Biotechnology Inc. Common Stock,kurs/technika,"F3: beta <= 1,2 lub brak danych; F4: kurs mniej niż 25% pod 52-tyg. szczytem",https://query1.finance.yahoo.com/v8/finance/chart/VIR?range=2y&interval=1d&includeAdjustedClose=true
VISN,Vistance Networks Inc. Common Stock,kurs/technika,F5: kurs pod SMA50,https://query1.finance.yahoo.com/v8/finance/chart/VISN?range=2y&interval=1d&includeAdjustedClose=true
VITL,Vital Farms Inc. Common Stock,kurs/technika,"F3: beta <= 1,2 lub brak danych; F5: kurs pod SMA50",https://query1.finance.yahoo.com/v8/finance/chart/VITL?range=2y&interval=1d&includeAdjustedClose=true
VLGEA,Village Super Market Inc. Class A Common Stock,kurs/technika,"F3: beta <= 1,2 lub brak danych; F4: kurs mniej niż 25% pod 52-tyg. szczytem; F5: kurs pod SMA50",https://query1.finance.yahoo.com/v8/finance/chart/VLGEA?range=2y&interval=1d&includeAdjustedClose=true
VMD,Viemed Healthcare Inc. Common Shares,kurs/technika,"F3: beta <= 1,2 lub brak danych",https://query1.finance.yahoo.com/v8/finance/chart/VMD?range=2y&interval=1d&includeAdjustedClose=true
VMET,Versamet Royalties Corporation Common Stock,kurs/technika,"F3: beta <= 1,2 lub brak danych; F5: kurs pod SMA50",https://query1.finance.yahoo.com/v8/finance/chart/VMET?range=2y&interval=1d&includeAdjustedClose=true
VNDA,Vanda Pharmaceuticals Inc. Common Stock,kurs/technika,"F3: beta <= 1,2 lub brak danych; F5: kurs pod SMA50",https://query1.finance.yahoo.com/v8/finance/chart/VNDA?range=2y&interval=1d&includeAdjustedClose=true
VOR,Vor Biopharma Inc. Common Stock,kurs/technika,F5: kurs pod SMA50,https://query1.finance.yahoo.com/v8/finance/chart/VOR?range=2y&interval=1d&includeAdjustedClose=true
VOXR,Vox Royalty Corp. Common Stock,kurs/technika,"F3: beta <= 1,2 lub brak danych; F4: kurs mniej niż 25% pod 52-tyg. szczytem; F5: kurs pod SMA50",https://query1.finance.yahoo.com/v8/finance/chart/VOXR?range=2y&interval=1d&includeAdjustedClose=true
VRDN,Viridian Therapeutics Inc. Common Stock,kurs/technika,"F3: beta <= 1,2 lub brak danych; F5: kurs pod SMA50",https://query1.finance.yahoo.com/v8/finance/chart/VRDN?range=2y&interval=1d&includeAdjustedClose=true
VREX,Varex Imaging Corporation Common Stock,kurs/technika,F4: kurs mniej niż 25% pod 52-tyg. szczytem,https://query1.finance.yahoo.com/v8/finance/chart/VREX?range=2y&interval=1d&includeAdjustedClose=true
VRRM,Verra Mobility Corporation Class A Common Stock,kurs/technika,"F3: beta <= 1,2 lub brak danych; F5: kurs pod SMA50",https://query1.finance.yahoo.com/v8/finance/chart/VRRM?range=2y&interval=1d&includeAdjustedClose=true
VSTM,Verastem Inc. Common Stock,kurs/technika,"F3: beta <= 1,2 lub brak danych",https://query1.finance.yahoo.com/v8/finance/chart/VSTM?range=2y&interval=1d&includeAdjustedClose=true
WABC,Westamerica Bancorporation Common Stock,kurs/technika,"F3: beta <= 1,2 lub brak danych; F4: kurs mniej niż 25% pod 52-tyg. szczytem; F5: kurs pod SMA50",https://query1.finance.yahoo.com/v8/finance/chart/WABC?range=2y&interval=1d&includeAdjustedClose=true
WAFD,WaFd Inc. Common Stock,kurs/technika,"F3: beta <= 1,2 lub brak danych; F5: kurs pod SMA50",https://query1.finance.yahoo.com/v8/finance/chart/WAFD?range=2y&interval=1d&includeAdjustedClose=true
WAFDP,WaFd Inc. Depositary Shares,kurs/technika,"średni obrót < 2 mln USD; F3: beta <= 1,2 lub brak danych; F4: kurs mniej niż 25% pod 52-tyg. szczytem; F5: kurs pod SMA50",https://query1.finance.yahoo.com/v8/finance/chart/WAFDP?range=2y&interval=1d&includeAdjustedClose=true
WASH,Washington Trust Bancorp Inc. Common Stock,kurs/technika,"F3: beta <= 1,2 lub brak danych; F4: kurs mniej niż 25% pod 52-tyg. szczytem; F5: kurs pod SMA50",https://query1.finance.yahoo.com/v8/finance/chart/WASH?range=2y&interval=1d&includeAdjustedClose=true
WCCB,West Coast Community Bancorp Common Stock,kurs/technika,"średni obrót < 2 mln USD; F3: beta <= 1,2 lub brak danych; F4: kurs mniej niż 25% pod 52-tyg. szczytem",https://query1.finance.yahoo.com/v8/finance/chart/WCCB?range=2y&interval=1d&includeAdjustedClose=true
WDFC,WD-40 Company Common Stock,kurs/technika,"F3: beta <= 1,2 lub brak danych; F5: kurs pod SMA50",https://query1.finance.yahoo.com/v8/finance/chart/WDFC?range=2y&interval=1d&includeAdjustedClose=true
WEN,Wendy's Company (The) Common Stock,kurs/technika,"F3: beta <= 1,2 lub brak danych; F5: kurs pod SMA50",https://query1.finance.yahoo.com/v8/finance/chart/WEN?range=2y&interval=1d&includeAdjustedClose=true
WERN,Werner Enterprises Inc. Common Stock,kurs/technika,"F3: beta <= 1,2 lub brak danych; F5: kurs pod SMA50",https://query1.finance.yahoo.com/v8/finance/chart/WERN?range=2y&interval=1d&includeAdjustedClose=true
WEST,Westrock Coffee Company Common Stock,kurs/technika,F4: kurs mniej niż 25% pod 52-tyg. szczytem,https://query1.finance.yahoo.com/v8/finance/chart/WEST?range=2y&interval=1d&includeAdjustedClose=true
WEYS,Weyco Group Inc. Common Stock,kurs/technika,"średni obrót < 2 mln USD; F3: beta <= 1,2 lub brak danych; F4: kurs mniej niż 25% pod 52-tyg. szczytem",https://query1.finance.yahoo.com/v8/finance/chart/WEYS?range=2y&interval=1d&includeAdjustedClose=true
WGS,GeneDx Holdings Corp. Class A Common Stock,kurs/technika,"F3: beta <= 1,2 lub brak danych; F5: kurs pod SMA50",https://query1.finance.yahoo.com/v8/finance/chart/WGS?range=2y&interval=1d&includeAdjustedClose=true
WINA,Winmark Corporation Common Stock,kurs/technika,"F3: beta <= 1,2 lub brak danych; F5: kurs pod SMA50",https://query1.finance.yahoo.com/v8/finance/chart/WINA?range=2y&interval=1d&includeAdjustedClose=true
WING,Wingstop Inc. Common Stock,kurs/technika,"F3: beta <= 1,2 lub brak danych",https://query1.finance.yahoo.com/v8/finance/chart/WING?range=2y&interval=1d&includeAdjustedClose=true
WIX,Wix.com Ltd. Ordinary Shares,kurs/technika,"F3: beta <= 1,2 lub brak danych; F5: kurs pod SMA50",https://query1.finance.yahoo.com/v8/finance/chart/WIX?range=2y&interval=1d&includeAdjustedClose=true
WLDN,Willdan Group Inc. Common Stock,kurs/technika,"F3: beta <= 1,2 lub brak danych; F5: kurs pod SMA50",https://query1.finance.yahoo.com/v8/finance/chart/WLDN?range=2y&interval=1d&includeAdjustedClose=true
WLFC,Willis Lease Finance Corporation Common Stock,kurs/technika,F5: kurs pod SMA50,https://query1.finance.yahoo.com/v8/finance/chart/WLFC?range=2y&interval=1d&includeAdjustedClose=true
WLTH,Wealthfront Corporation Common Stock,kurs/technika,"F3: beta <= 1,2 lub brak danych",https://query1.finance.yahoo.com/v8/finance/chart/WLTH?range=2y&interval=1d&includeAdjustedClose=true
WNEB,Western New England Bancorp Inc. Common Stock,kurs/technika,"średni obrót < 2 mln USD; F3: beta <= 1,2 lub brak danych; F4: kurs mniej niż 25% pod 52-tyg. szczytem; F5: kurs pod SMA50",https://query1.finance.yahoo.com/v8/finance/chart/WNEB?range=2y&interval=1d&includeAdjustedClose=true
WOOF,Petco Health and Wellness Company Inc. Class A Common Stock,kurs/technika,"F3: beta <= 1,2 lub brak danych; F5: kurs pod SMA50",https://query1.finance.yahoo.com/v8/finance/chart/WOOF?range=2y&interval=1d&includeAdjustedClose=true
WRLD,World Acceptance Corporation Common Stock,kurs/technika,"F3: beta <= 1,2 lub brak danych; F4: kurs mniej niż 25% pod 52-tyg. szczytem; F5: kurs pod SMA50",https://query1.finance.yahoo.com/v8/finance/chart/WRLD?range=2y&interval=1d&includeAdjustedClose=true
WSBF,Waterstone Financial Inc. Common Stock (MD),kurs/technika,"średni obrót < 2 mln USD; F3: beta <= 1,2 lub brak danych; F4: kurs mniej niż 25% pod 52-tyg. szczytem; F5: kurs pod SMA50",https://query1.finance.yahoo.com/v8/finance/chart/WSBF?range=2y&interval=1d&includeAdjustedClose=true
WSC,WillScot Holdings Corporation Class A Common Stock,kurs/technika,F5: kurs pod SMA50,https://query1.finance.yahoo.com/v8/finance/chart/WSC?range=2y&interval=1d&includeAdjustedClose=true
WTBA,West Bancorporation Common Stock,kurs/technika,"średni obrót < 2 mln USD; F3: beta <= 1,2 lub brak danych; F4: kurs mniej niż 25% pod 52-tyg. szczytem; F5: kurs pod SMA50",https://query1.finance.yahoo.com/v8/finance/chart/WTBA?range=2y&interval=1d&includeAdjustedClose=true
WVE,Wave Life Sciences Inc. Common Stock,kurs/technika,F5: kurs pod SMA50,https://query1.finance.yahoo.com/v8/finance/chart/WVE?range=2y&interval=1d&includeAdjustedClose=true
WYFI,WhiteFiber Inc. Ordinary Shares,kurs/technika,F5: kurs pod SMA50,https://query1.finance.yahoo.com/v8/finance/chart/WYFI?range=2y&interval=1d&includeAdjustedClose=true
XERS,Xeris Biopharma Holdings Inc. Common Stock,kurs/technika,"F3: beta <= 1,2 lub brak danych; F4: kurs mniej niż 25% pod 52-tyg. szczytem",https://query1.finance.yahoo.com/v8/finance/chart/XERS?range=2y&interval=1d&includeAdjustedClose=true
XFOR,X4 Pharmaceuticals Inc. Common Stock,kurs/technika,F5: kurs pod SMA50,https://query1.finance.yahoo.com/v8/finance/chart/XFOR?range=2y&interval=1d&includeAdjustedClose=true
XMAX,XMAX Inc. Common Stock,kurs/technika,"F3: beta <= 1,2 lub brak danych; F4: kurs mniej niż 25% pod 52-tyg. szczytem; F5: kurs pod SMA50",https://query1.finance.yahoo.com/v8/finance/chart/XMAX?range=2y&interval=1d&includeAdjustedClose=true
XNCR,Xencor Inc. Common Stock,kurs/technika,"F3: beta <= 1,2 lub brak danych; F4: kurs mniej niż 25% pod 52-tyg. szczytem; F5: kurs pod SMA50",https://query1.finance.yahoo.com/v8/finance/chart/XNCR?range=2y&interval=1d&includeAdjustedClose=true
XNDU,Xanadu Quantum Technologies Limited Class B Subordinate Voting Shares,kurs/technika,"F3: beta <= 1,2 lub brak danych; F5: kurs pod SMA50",https://query1.finance.yahoo.com/v8/finance/chart/XNDU?range=2y&interval=1d&includeAdjustedClose=true
XPEL,XPEL Inc. Common Stock,kurs/technika,"F3: beta <= 1,2 lub brak danych; F4: kurs mniej niż 25% pod 52-tyg. szczytem; F5: kurs pod SMA50",https://query1.finance.yahoo.com/v8/finance/chart/XPEL?range=2y&interval=1d&includeAdjustedClose=true
XRAY,DENTSPLY SIRONA Inc. Common Stock,kurs/technika,"F3: beta <= 1,2 lub brak danych; F5: kurs pod SMA50",https://query1.finance.yahoo.com/v8/finance/chart/XRAY?range=2y&interval=1d&includeAdjustedClose=true
XRX,Xerox Holdings Corporation Common Stock,kurs/technika,F4: kurs mniej niż 25% pod 52-tyg. szczytem; F5: kurs pod SMA50,https://query1.finance.yahoo.com/v8/finance/chart/XRX?range=2y&interval=1d&includeAdjustedClose=true
YDES,YD Bio Limited Ordinary Shares,kurs/technika,"średni obrót < 2 mln USD; F3: beta <= 1,2 lub brak danych",https://query1.finance.yahoo.com/v8/finance/chart/YDES?range=2y&interval=1d&includeAdjustedClose=true
YORW,York Water Company (The) Common Stock,kurs/technika,"F3: beta <= 1,2 lub brak danych; F4: kurs mniej niż 25% pod 52-tyg. szczytem; F5: kurs pod SMA50",https://query1.finance.yahoo.com/v8/finance/chart/YORW?range=2y&interval=1d&includeAdjustedClose=true
YSWY,Yesway Inc. Class A Common Stock,kurs,za krótka historia notowań (118 sesji),
ZBIO,Zenas BioPharma Inc. Common Stock,kurs/technika,"F3: beta <= 1,2 lub brak danych; F5: kurs pod SMA50",https://query1.finance.yahoo.com/v8/finance/chart/ZBIO?range=2y&interval=1d&includeAdjustedClose=true
ZD,Ziff Davis Inc. Common Stock,kurs/technika,"F3: beta <= 1,2 lub brak danych; F4: kurs mniej niż 25% pod 52-tyg. szczytem; F5: kurs pod SMA50",https://query1.finance.yahoo.com/v8/finance/chart/ZD?range=2y&interval=1d&includeAdjustedClose=true
ZENA,ZenaTech Inc. Common Stock,kurs/technika,F5: kurs pod SMA50,https://query1.finance.yahoo.com/v8/finance/chart/ZENA?range=2y&interval=1d&includeAdjustedClose=true
ZURA,Zura Bio Limited Class A Ordinary Shares,kurs/technika,"F3: beta <= 1,2 lub brak danych; F5: kurs pod SMA50",https://query1.finance.yahoo.com/v8/finance/chart/ZURA?range=2y&interval=1d&includeAdjustedClose=true
ZVRA,Zevra Therapeutics Inc. Common Stock,kurs/technika,"F3: beta <= 1,2 lub brak danych; F5: kurs pod SMA50",https://query1.finance.yahoo.com/v8/finance/chart/ZVRA?range=2y&interval=1d&includeAdjustedClose=true
ZYME,Zymeworks Inc. Common Stock,kurs/technika,"F3: beta <= 1,2 lub brak danych; F4: kurs mniej niż 25% pod 52-tyg. szczytem; F5: kurs pod SMA50",https://query1.finance.yahoo.com/v8/finance/chart/ZYME?range=2y&interval=1d&includeAdjustedClose=true
AADX,Applied Aerospace & Defense Inc. Common Stock,kurs,za krótka historia notowań (89 sesji),
AAMI,Acadian Asset Management Inc. Common Stock,kurs/technika,F4: kurs mniej niż 25% pod 52-tyg. szczytem,https://query1.finance.yahoo.com/v8/finance/chart/AAMI?range=2y&interval=1d&includeAdjustedClose=true
AAP,Advance Auto Parts Inc.,kurs/technika,"F3: beta <= 1,2 lub brak danych; F5: kurs pod SMA50",https://query1.finance.yahoo.com/v8/finance/chart/AAP?range=2y&interval=1d&includeAdjustedClose=true
AAUC,Allied Gold Corporation Common Shares,kurs/technika,"F3: beta <= 1,2 lub brak danych; F5: kurs pod SMA50",https://query1.finance.yahoo.com/v8/finance/chart/AAUC?range=2y&interval=1d&includeAdjustedClose=true
ABG,Asbury Automotive Group Inc Common Stock,kurs/technika,"F3: beta <= 1,2 lub brak danych; F5: kurs pod SMA50",https://query1.finance.yahoo.com/v8/finance/chart/ABG?range=2y&interval=1d&includeAdjustedClose=true
ABM,ABM Industries Incorporated Common Stock,kurs/technika,"F3: beta <= 1,2 lub brak danych; F4: kurs mniej niż 25% pod 52-tyg. szczytem",https://query1.finance.yahoo.com/v8/finance/chart/ABM?range=2y&interval=1d&includeAdjustedClose=true
ABX,Abacus Global Management Inc. Class A Common Stock,kurs/technika,"F3: beta <= 1,2 lub brak danych; F5: kurs pod SMA50",https://query1.finance.yahoo.com/v8/finance/chart/ABX?range=2y&interval=1d&includeAdjustedClose=true
ACCO,Acco Brands Corporation Common Stock,kurs/technika,F4: kurs mniej niż 25% pod 52-tyg. szczytem,https://query1.finance.yahoo.com/v8/finance/chart/ACCO?range=2y&interval=1d&includeAdjustedClose=true
ACEL,Accel Entertainment Inc.,kurs/technika,"F3: beta <= 1,2 lub brak danych; F4: kurs mniej niż 25% pod 52-tyg. szczytem; F5: kurs pod SMA50",https://query1.finance.yahoo.com/v8/finance/chart/ACEL?range=2y&interval=1d&includeAdjustedClose=true
ACVA,ACV Auctions Inc. Class A Common Stock,kurs/technika,F4: kurs mniej niż 25% pod 52-tyg. szczytem,https://query1.finance.yahoo.com/v8/finance/chart/ACVA?range=2y&interval=1d&includeAdjustedClose=true
AD,Array Digital Infrastructure Inc. Common Shares,kurs/technika,"F3: beta <= 1,2 lub brak danych; F5: kurs pod SMA50",https://query1.finance.yahoo.com/v8/finance/chart/AD?range=2y&interval=1d&includeAdjustedClose=true
ADIG,ADI Global Distribution Inc. Common Stock,kurs,za krótka historia notowań (50 sesji),
ADNT,Adient plc Ordinary Shares,kurs/technika,"F3: beta <= 1,2 lub brak danych; F5: kurs pod SMA50",https://query1.finance.yahoo.com/v8/finance/chart/ADNT?range=2y&interval=1d&includeAdjustedClose=true
AERO,Grupo Aeromexico S.A.B. de C.V. American Depositary Shares (each representing ten (10) Common Shares),kurs/technika,"F3: beta <= 1,2 lub brak danych",https://query1.finance.yahoo.com/v8/finance/chart/AERO?range=2y&interval=1d&includeAdjustedClose=true
AESI,Atlas Energy Solutions Inc. Common Stock,kurs/technika,"F3: beta <= 1,2 lub brak danych; F5: kurs pod SMA50",https://query1.finance.yahoo.com/v8/finance/chart/AESI?range=2y&interval=1d&includeAdjustedClose=true
AGBK,AGI Inc Class A Common Shares,kurs/technika,"średni obrót < 2 mln USD; F3: beta <= 1,2 lub brak danych",https://query1.finance.yahoo.com/v8/finance/chart/AGBK?range=2y&interval=1d&includeAdjustedClose=true
AGL,agilon health inc. Common Stock,kurs/technika,F5: kurs pod SMA50,https://query1.finance.yahoo.com/v8/finance/chart/AGL?range=2y&interval=1d&includeAdjustedClose=true
AGM,Federal Agricultural Mortgage Corporation Common Stock,kurs/technika,"F3: beta <= 1,2 lub brak danych; F4: kurs mniej niż 25% pod 52-tyg. szczytem; F5: kurs pod SMA50",https://query1.finance.yahoo.com/v8/finance/chart/AGM?range=2y&interval=1d&includeAdjustedClose=true
AGO,Assured Guaranty Ltd. Common Stock,kurs/technika,"F3: beta <= 1,2 lub brak danych; F5: kurs pod SMA50",https://query1.finance.yahoo.com/v8/finance/chart/AGO?range=2y&interval=1d&includeAdjustedClose=true
AGRO,Adecoagro S.A. Common Shares,kurs/technika,"F3: beta <= 1,2 lub brak danych; F5: kurs pod SMA50",https://query1.finance.yahoo.com/v8/finance/chart/AGRO?range=2y&interval=1d&includeAdjustedClose=true
AHRT,AH Realty Trust Inc. Common Stock,kurs/technika,"F3: beta <= 1,2 lub brak danych; F4: kurs mniej niż 25% pod 52-tyg. szczytem; F5: kurs pod SMA50",https://query1.finance.yahoo.com/v8/finance/chart/AHRT?range=2y&interval=1d&includeAdjustedClose=true
AII,American Integrity Insurance Group Inc. Common Stock,kurs/technika,"F3: beta <= 1,2 lub brak danych; F4: kurs mniej niż 25% pod 52-tyg. szczytem",https://query1.finance.yahoo.com/v8/finance/chart/AII?range=2y&interval=1d&includeAdjustedClose=true
AIN,Albany International Corporation Common Stock,kurs/technika,"F3: beta <= 1,2 lub brak danych; F4: kurs mniej niż 25% pod 52-tyg. szczytem; F5: kurs pod SMA50",https://query1.finance.yahoo.com/v8/finance/chart/AIN?range=2y&interval=1d&includeAdjustedClose=true
AIO,Virtus Artificial Intelligence & Technology Opportunities Fund Common Shares of Beneficial Interest,kurs/technika,średni obrót < 2 mln USD; F4: kurs mniej niż 25% pod 52-tyg. szczytem; F5: kurs pod SMA50,https://query1.finance.yahoo.com/v8/finance/chart/AIO?range=2y&interval=1d&includeAdjustedClose=true
ALG,Alamo Group Inc. Common Stock,kurs/technika,"F3: beta <= 1,2 lub brak danych; F5: kurs pod SMA50",https://query1.finance.yahoo.com/v8/finance/chart/ALG?range=2y&interval=1d&includeAdjustedClose=true
AMBP,Ardagh Metal Packaging S.A. Ordinary Shares,kurs/technika,"F3: beta <= 1,2 lub brak danych; F4: kurs mniej niż 25% pod 52-tyg. szczytem; F5: kurs pod SMA50",https://query1.finance.yahoo.com/v8/finance/chart/AMBP?range=2y&interval=1d&includeAdjustedClose=true
AMBQ,Ambiq Micro Inc. Common Stock,kurs/technika,F5: kurs pod SMA50,https://query1.finance.yahoo.com/v8/finance/chart/AMBQ?range=2y&interval=1d&includeAdjustedClose=true
AMC,AMC Entertainment Holdings Inc. Class A Common Stock,kurs/technika,F4: kurs mniej niż 25% pod 52-tyg. szczytem,https://query1.finance.yahoo.com/v8/finance/chart/AMC?range=2y&interval=1d&includeAdjustedClose=true
AMN,AMN Healthcare Services Inc,kurs/technika,"F3: beta <= 1,2 lub brak danych; F4: kurs mniej niż 25% pod 52-tyg. szczytem",https://query1.finance.yahoo.com/v8/finance/chart/AMN?range=2y&interval=1d&includeAdjustedClose=true
AMPX,Amprius Technologies Inc. Common Stock,kurs/technika,F5: kurs pod SMA50,https://query1.finance.yahoo.com/v8/finance/chart/AMPX?range=2y&interval=1d&includeAdjustedClose=true
AMR,Alpha Metallurgical Resources Inc. Common Stock,kurs/technika,F5: kurs pod SMA50,https://query1.finance.yahoo.com/v8/finance/chart/AMR?range=2y&interval=1d&includeAdjustedClose=true
AMRC,Ameresco Inc. Class A Common Stock,kurs/technika,F5: kurs pod SMA50,https://query1.finance.yahoo.com/v8/finance/chart/AMRC?range=2y&interval=1d&includeAdjustedClose=true
AMTB,Amerant Bancorp Inc. Class A Common Stock,kurs/technika,"F3: beta <= 1,2 lub brak danych; F4: kurs mniej niż 25% pod 52-tyg. szczytem; F5: kurs pod SMA50",https://query1.finance.yahoo.com/v8/finance/chart/AMTB?range=2y&interval=1d&includeAdjustedClose=true
ANGX,Angel Studios Inc. Class A Common Stock,kurs/technika,F5: kurs pod SMA50,https://query1.finance.yahoo.com/v8/finance/chart/ANGX?range=2y&interval=1d&includeAdjustedClose=true
ANRO,Alto Neuroscience Inc. Common Stock,kurs/technika,F5: kurs pod SMA50,https://query1.finance.yahoo.com/v8/finance/chart/ANRO?range=2y&interval=1d&includeAdjustedClose=true
AORT,Artivion Inc. Common Stock,kurs/technika,"F3: beta <= 1,2 lub brak danych; F5: kurs pod SMA50",https://query1.finance.yahoo.com/v8/finance/chart/AORT?range=2y&interval=1d&includeAdjustedClose=true
APAM,Artisan Partners Asset Management Inc. Class A Common Stock,kurs/technika,"F3: beta <= 1,2 lub brak danych; F5: kurs pod SMA50",https://query1.finance.yahoo.com/v8/finance/chart/APAM?range=2y&interval=1d&includeAdjustedClose=true
ARCO,Arcos Dorados Holdings Inc. Class A Shares,kurs/technika,"F3: beta <= 1,2 lub brak danych; F4: kurs mniej niż 25% pod 52-tyg. szczytem",https://query1.finance.yahoo.com/v8/finance/chart/ARCO?range=2y&interval=1d&includeAdjustedClose=true
ARDT,Ardent Health Inc. Common Stock,kurs/technika,"F3: beta <= 1,2 lub brak danych; F5: kurs pod SMA50",https://query1.finance.yahoo.com/v8/finance/chart/ARDT?range=2y&interval=1d&includeAdjustedClose=true
ARLO,Arlo Technologies Inc. Common Stock,kurs/technika,F5: kurs pod SMA50,https://query1.finance.yahoo.com/v8/finance/chart/ARLO?range=2y&interval=1d&includeAdjustedClose=true
ASA,ASA  Gold and Precious Metals Limited,kurs/technika,"F3: beta <= 1,2 lub brak danych; F5: kurs pod SMA50",https://query1.finance.yahoo.com/v8/finance/chart/ASA?range=2y&interval=1d&includeAdjustedClose=true
ASC,Ardmore Shipping Corporation Common Stock,kurs/technika,"F3: beta <= 1,2 lub brak danych; F4: kurs mniej niż 25% pod 52-tyg. szczytem",https://query1.finance.yahoo.com/v8/finance/chart/ASC?range=2y&interval=1d&includeAdjustedClose=true
ASH,Ashland Inc. Common Stock,kurs/technika,"F3: beta <= 1,2 lub brak danych; F4: kurs mniej niż 25% pod 52-tyg. szczytem; F5: kurs pod SMA50",https://query1.finance.yahoo.com/v8/finance/chart/ASH?range=2y&interval=1d&includeAdjustedClose=true
ASIC,Ategrity Specialty Insurance Company Holdings Common Stock,kurs/technika,"średni obrót < 2 mln USD; F3: beta <= 1,2 lub brak danych; F4: kurs mniej niż 25% pod 52-tyg. szczytem; F5: kurs pod SMA50",https://query1.finance.yahoo.com/v8/finance/chart/ASIC?range=2y&interval=1d&includeAdjustedClose=true
ASIX,AdvanSix Inc. Common Stock,kurs/technika,"F3: beta <= 1,2 lub brak danych; F5: kurs pod SMA50",https://query1.finance.yahoo.com/v8/finance/chart/ASIX?range=2y&interval=1d&includeAdjustedClose=true
ATEN,A10 Networks Inc. Common Stock,kurs/technika,"F3: beta <= 1,2 lub brak danych",https://query1.finance.yahoo.com/v8/finance/chart/ATEN?range=2y&interval=1d&includeAdjustedClose=true
ATKR,Atkore Inc. Common Stock,kurs/technika,F4: kurs mniej niż 25% pod 52-tyg. szczytem,https://query1.finance.yahoo.com/v8/finance/chart/ATKR?range=2y&interval=1d&includeAdjustedClose=true
ATS,ATS Corporation Common Shares,kurs/technika,"F3: beta <= 1,2 lub brak danych; F5: kurs pod SMA50",https://query1.finance.yahoo.com/v8/finance/chart/ATS?range=2y&interval=1d&includeAdjustedClose=true
AUNA,Auna SA Class A Ordinary Shares,kurs/technika,"średni obrót < 2 mln USD; F3: beta <= 1,2 lub brak danych; F4: kurs mniej niż 25% pod 52-tyg. szczytem; F5: kurs pod SMA50",https://query1.finance.yahoo.com/v8/finance/chart/AUNA?range=2y&interval=1d&includeAdjustedClose=true
AVA,Avista Corporation Common Stock,kurs/technika,"F3: beta <= 1,2 lub brak danych; F4: kurs mniej niż 25% pod 52-tyg. szczytem; F5: kurs pod SMA50",https://query1.finance.yahoo.com/v8/finance/chart/AVA?range=2y&interval=1d&includeAdjustedClose=true
AVBC,Avidia Bancorp Inc. Common Stock,kurs/technika,"F3: beta <= 1,2 lub brak danych; F4: kurs mniej niż 25% pod 52-tyg. szczytem",https://query1.finance.yahoo.com/v8/finance/chart/AVBC?range=2y&interval=1d&includeAdjustedClose=true
AVEX,AEVEX Corp. Class A Common Stock,kurs/technika,"F3: beta <= 1,2 lub brak danych; F5: kurs pod SMA50",https://query1.finance.yahoo.com/v8/finance/chart/AVEX?range=2y&interval=1d&includeAdjustedClose=true
AWR,American States Water Company Common Stock,kurs/technika,"F3: beta <= 1,2 lub brak danych; F4: kurs mniej niż 25% pod 52-tyg. szczytem; F5: kurs pod SMA50",https://query1.finance.yahoo.com/v8/finance/chart/AWR?range=2y&interval=1d&includeAdjustedClose=true
AZUL,Azul S.A. American Depositary Shares each representing two (2) Common Shares,kurs,za krótka historia notowań (93 sesji),
BAK,Braskem SA ADR,kurs/technika,"F3: beta <= 1,2 lub brak danych; F5: kurs pod SMA50",https://query1.finance.yahoo.com/v8/finance/chart/BAK?range=2y&interval=1d&includeAdjustedClose=true
BALY,Bally's Corporation Common Stock,kurs/technika,średni obrót < 2 mln USD,https://query1.finance.yahoo.com/v8/finance/chart/BALY?range=2y&interval=1d&includeAdjustedClose=true
BANC,Banc of California Inc. Common Stock,kurs/technika,"F3: beta <= 1,2 lub brak danych; F4: kurs mniej niż 25% pod 52-tyg. szczytem; F5: kurs pod SMA50",https://query1.finance.yahoo.com/v8/finance/chart/BANC?range=2y&interval=1d&includeAdjustedClose=true
BBAI,BigBear.ai Inc. Common Stock,kurs/technika,F5: kurs pod SMA50,https://query1.finance.yahoo.com/v8/finance/chart/BBAI?range=2y&interval=1d&includeAdjustedClose=true
BBAR,Banco BBVA Argentina S.A. ADS,kurs/technika,"F3: beta <= 1,2 lub brak danych; F5: kurs pod SMA50",https://query1.finance.yahoo.com/v8/finance/chart/BBAR?range=2y&interval=1d&includeAdjustedClose=true
BBDC,Barings BDC Inc. Common Stock,kurs/technika,"F3: beta <= 1,2 lub brak danych; F4: kurs mniej niż 25% pod 52-tyg. szczytem; F5: kurs pod SMA50",https://query1.finance.yahoo.com/v8/finance/chart/BBDC?range=2y&interval=1d&includeAdjustedClose=true
BBT,Beacon Financial Corporation Common stock,kurs/technika,"F3: beta <= 1,2 lub brak danych; F4: kurs mniej niż 25% pod 52-tyg. szczytem; F5: kurs pod SMA50",https://query1.finance.yahoo.com/v8/finance/chart/BBT?range=2y&interval=1d&includeAdjustedClose=true
BBW,Build-A-Bear Workshop Inc. Common Stock,kurs/technika,"F3: beta <= 1,2 lub brak danych; F5: kurs pod SMA50",https://query1.finance.yahoo.com/v8/finance/chart/BBW?range=2y&interval=1d&includeAdjustedClose=true
BCAT,BlackRock Capital Allocation Term Trust Common Shares of Beneficial Interest,kurs/technika,"F3: beta <= 1,2 lub brak danych; F4: kurs mniej niż 25% pod 52-tyg. szczytem; F5: kurs pod SMA50",https://query1.finance.yahoo.com/v8/finance/chart/BCAT?range=2y&interval=1d&includeAdjustedClose=true
BCC,Boise Cascade L.L.C. Common Stock,kurs/technika,"F3: beta <= 1,2 lub brak danych; F4: kurs mniej niż 25% pod 52-tyg. szczytem; F5: kurs pod SMA50",https://query1.finance.yahoo.com/v8/finance/chart/BCC?range=2y&interval=1d&includeAdjustedClose=true
BCSF,Bain Capital Specialty Finance Inc. Common Stock,kurs/technika,"F3: beta <= 1,2 lub brak danych; F5: kurs pod SMA50",https://query1.finance.yahoo.com/v8/finance/chart/BCSF?range=2y&interval=1d&includeAdjustedClose=true
BCX,BlackRock Resources Common Shares of Beneficial Interest,kurs/technika,"średni obrót < 2 mln USD; F3: beta <= 1,2 lub brak danych; F4: kurs mniej niż 25% pod 52-tyg. szczytem; F5: kurs pod SMA50",https://query1.finance.yahoo.com/v8/finance/chart/BCX?range=2y&interval=1d&includeAdjustedClose=true
BDJ,Blackrock Enhanced Equity Dividend Trust,kurs/technika,"F3: beta <= 1,2 lub brak danych; F4: kurs mniej niż 25% pod 52-tyg. szczytem; F5: kurs pod SMA50",https://query1.finance.yahoo.com/v8/finance/chart/BDJ?range=2y&interval=1d&includeAdjustedClose=true
BFAM,Bright Horizons Family Solutions Inc. Common Stock,kurs/technika,"F3: beta <= 1,2 lub brak danych; F5: kurs pod SMA50",https://query1.finance.yahoo.com/v8/finance/chart/BFAM?range=2y&interval=1d&includeAdjustedClose=true
BFLY,Butterfly Network Inc. Class A Common Stock,kurs/technika,F4: kurs mniej niż 25% pod 52-tyg. szczytem; F5: kurs pod SMA50,https://query1.finance.yahoo.com/v8/finance/chart/BFLY?range=2y&interval=1d&includeAdjustedClose=true
BGR,BlackRock Energy and Resources Trust,kurs/technika,"średni obrót < 2 mln USD; F3: beta <= 1,2 lub brak danych; F4: kurs mniej niż 25% pod 52-tyg. szczytem",https://query1.finance.yahoo.com/v8/finance/chart/BGR?range=2y&interval=1d&includeAdjustedClose=true
BGSI,Boyd Group Services Inc. Common Shares,kurs/technika,"F3: beta <= 1,2 lub brak danych; F5: kurs pod SMA50",https://query1.finance.yahoo.com/v8/finance/chart/BGSI?range=2y&interval=1d&includeAdjustedClose=true
BH,Biglari Holdings Inc. Class B Common Stock,kurs/technika,"F3: beta <= 1,2 lub brak danych; F4: kurs mniej niż 25% pod 52-tyg. szczytem; F5: kurs pod SMA50",https://query1.finance.yahoo.com/v8/finance/chart/BH?range=2y&interval=1d&includeAdjustedClose=true
BHC,Bausch Health Companies Inc. Common Stock,kurs/technika,"F3: beta <= 1,2 lub brak danych; F4: kurs mniej niż 25% pod 52-tyg. szczytem; F5: kurs pod SMA50",https://query1.finance.yahoo.com/v8/finance/chart/BHC?range=2y&interval=1d&includeAdjustedClose=true
BHE,Benchmark Electronics Inc. Common Stock,kurs/technika,F4: kurs mniej niż 25% pod 52-tyg. szczytem,https://query1.finance.yahoo.com/v8/finance/chart/BHE?range=2y&interval=1d&includeAdjustedClose=true
BHVN,Biohaven Ltd. Common Shares,kurs/technika,F5: kurs pod SMA50,https://query1.finance.yahoo.com/v8/finance/chart/BHVN?range=2y&interval=1d&includeAdjustedClose=true
BKD,Brookdale Senior Living Inc. Common Stock,kurs/technika,"F3: beta <= 1,2 lub brak danych; F5: kurs pod SMA50",https://query1.finance.yahoo.com/v8/finance/chart/BKD?range=2y&interval=1d&includeAdjustedClose=true
BKE,Buckle Inc. (The) Common Stock,kurs/technika,"F3: beta <= 1,2 lub brak danych",https://query1.finance.yahoo.com/v8/finance/chart/BKE?range=2y&interval=1d&includeAdjustedClose=true
BKKT,Bakkt Inc. Class A Common Stock,kurs/technika,F5: kurs pod SMA50,https://query1.finance.yahoo.com/v8/finance/chart/BKKT?range=2y&interval=1d&includeAdjustedClose=true
BKSY,BlackSky Technology Inc. Class A Common Stock,kurs/technika,F5: kurs pod SMA50,https://query1.finance.yahoo.com/v8/finance/chart/BKSY?range=2y&interval=1d&includeAdjustedClose=true
BKT,BlackRock Income Trust Inc. (The),kurs/technika,"średni obrót < 2 mln USD; F3: beta <= 1,2 lub brak danych; F4: kurs mniej niż 25% pod 52-tyg. szczytem; F5: kurs pod SMA50",https://query1.finance.yahoo.com/v8/finance/chart/BKT?range=2y&interval=1d&includeAdjustedClose=true
BKU,BankUnited Inc. Common Stock,kurs/technika,"F3: beta <= 1,2 lub brak danych; F4: kurs mniej niż 25% pod 52-tyg. szczytem; F5: kurs pod SMA50",https://query1.finance.yahoo.com/v8/finance/chart/BKU?range=2y&interval=1d&includeAdjustedClose=true
BKV,BKV Corporation Common Stock,kurs/technika,"F3: beta <= 1,2 lub brak danych; F5: kurs pod SMA50",https://query1.finance.yahoo.com/v8/finance/chart/BKV?range=2y&interval=1d&includeAdjustedClose=true
BLW,Blackrock Limited Duration Income Trust,kurs/technika,"F3: beta <= 1,2 lub brak danych; F4: kurs mniej niż 25% pod 52-tyg. szczytem; F5: kurs pod SMA50",https://query1.finance.yahoo.com/v8/finance/chart/BLW?range=2y&interval=1d&includeAdjustedClose=true
BLX,Bladex Inc. Class E Common Stock,kurs/technika,"F3: beta <= 1,2 lub brak danych; F4: kurs mniej niż 25% pod 52-tyg. szczytem; F5: kurs pod SMA50",https://query1.finance.yahoo.com/v8/finance/chart/BLX?range=2y&interval=1d&includeAdjustedClose=true
BME,Blackrock Health Sciences Trust,kurs/technika,"średni obrót < 2 mln USD; F3: beta <= 1,2 lub brak danych; F4: kurs mniej niż 25% pod 52-tyg. szczytem; F5: kurs pod SMA50",https://query1.finance.yahoo.com/v8/finance/chart/BME?range=2y&interval=1d&includeAdjustedClose=true
BNED,Barnes & Noble Education Inc Common Stock,kurs/technika,F4: kurs mniej niż 25% pod 52-tyg. szczytem; F5: kurs pod SMA50,https://query1.finance.yahoo.com/v8/finance/chart/BNED?range=2y&interval=1d&includeAdjustedClose=true
BOBS,Bob's Discount Furniture Inc. Common Stock,kurs/technika,"F3: beta <= 1,2 lub brak danych; F5: kurs pod SMA50",https://query1.finance.yahoo.com/v8/finance/chart/BOBS?range=2y&interval=1d&includeAdjustedClose=true
BOC,Boston Omaha Corporation Class A Common Stock,kurs/technika,"średni obrót < 2 mln USD; F3: beta <= 1,2 lub brak danych; F4: kurs mniej niż 25% pod 52-tyg. szczytem; F5: kurs pod SMA50",https://query1.finance.yahoo.com/v8/finance/chart/BOC?range=2y&interval=1d&includeAdjustedClose=true
BOH,Bank of Hawaii Corporation Common Stock,kurs/technika,"F3: beta <= 1,2 lub brak danych; F4: kurs mniej niż 25% pod 52-tyg. szczytem; F5: kurs pod SMA50",https://query1.finance.yahoo.com/v8/finance/chart/BOH?range=2y&interval=1d&includeAdjustedClose=true
BORR,Borr Drilling Limited Common Shares,kurs/technika,"F3: beta <= 1,2 lub brak danych",https://query1.finance.yahoo.com/v8/finance/chart/BORR?range=2y&interval=1d&includeAdjustedClose=true
BOW,Bowhead Specialty Holdings Inc. Common Stock,kurs/technika,"F3: beta <= 1,2 lub brak danych; F4: kurs mniej niż 25% pod 52-tyg. szczytem",https://query1.finance.yahoo.com/v8/finance/chart/BOW?range=2y&interval=1d&includeAdjustedClose=true
BRBR,BellRing Brands Inc. Common Stock,kurs/technika,"F3: beta <= 1,2 lub brak danych; F5: kurs pod SMA50",https://query1.finance.yahoo.com/v8/finance/chart/BRBR?range=2y&interval=1d&includeAdjustedClose=true
BRSL,Brightstar Lottery PLC Trading under the Legal Name to begin at the market open on July 21 2025. Ordinary Shares,kurs/technika,"F3: beta <= 1,2 lub brak danych; F5: kurs pod SMA50",https://query1.finance.yahoo.com/v8/finance/chart/BRSL?range=2y&interval=1d&includeAdjustedClose=true
BST,BlackRock Science and Technology Trust Common Shares of Beneficial Interest,kurs/technika,F4: kurs mniej niż 25% pod 52-tyg. szczytem,https://query1.finance.yahoo.com/v8/finance/chart/BST?range=2y&interval=1d&includeAdjustedClose=true
BSTZ,BlackRock Science and Technology Term Trust Common Shares of Beneficial Interest,kurs/technika,"F3: beta <= 1,2 lub brak danych; F4: kurs mniej niż 25% pod 52-tyg. szczytem",https://query1.finance.yahoo.com/v8/finance/chart/BSTZ?range=2y&interval=1d&includeAdjustedClose=true
BTE,Baytex Energy Corp Common Shares,kurs/technika,"F3: beta <= 1,2 lub brak danych; F4: kurs mniej niż 25% pod 52-tyg. szczytem",https://query1.finance.yahoo.com/v8/finance/chart/BTE?range=2y&interval=1d&includeAdjustedClose=true
BTGO,BitGo Holdings Inc. Class A Common Stock,kurs/technika,"F3: beta <= 1,2 lub brak danych",https://query1.finance.yahoo.com/v8/finance/chart/BTGO?range=2y&interval=1d&includeAdjustedClose=true
BTU,Peabody Energy Corporation Common Stock,kurs/technika,"F3: beta <= 1,2 lub brak danych; F5: kurs pod SMA50",https://query1.finance.yahoo.com/v8/finance/chart/BTU?range=2y&interval=1d&includeAdjustedClose=true
BTX,BlackRock Technology and Private Equity Term Trust Common Shares of Beneficial Interest,kurs/technika,F4: kurs mniej niż 25% pod 52-tyg. szczytem,https://query1.finance.yahoo.com/v8/finance/chart/BTX?range=2y&interval=1d&includeAdjustedClose=true
BTZ,BlackRock Credit Allocation Income Trust,kurs/technika,"F3: beta <= 1,2 lub brak danych; F4: kurs mniej niż 25% pod 52-tyg. szczytem; F5: kurs pod SMA50",https://query1.finance.yahoo.com/v8/finance/chart/BTZ?range=2y&interval=1d&includeAdjustedClose=true
BUR,Burford Capital Limited Ordinary Shares,kurs/technika,F5: kurs pod SMA50,https://query1.finance.yahoo.com/v8/finance/chart/BUR?range=2y&interval=1d&includeAdjustedClose=true
BV,BrightView Holdings Inc. Common Stock,kurs/technika,"F3: beta <= 1,2 lub brak danych; F5: kurs pod SMA50",https://query1.finance.yahoo.com/v8/finance/chart/BV?range=2y&interval=1d&includeAdjustedClose=true
BW,Babcock & Wilcox Enterprises Inc. Common Stock,kurs/technika,F5: kurs pod SMA50,https://query1.finance.yahoo.com/v8/finance/chart/BW?range=2y&interval=1d&includeAdjustedClose=true
BWMX,Betterware de Mexico S.A.P.I. de C.V. Ordinary Shares,kurs/technika,"średni obrót < 2 mln USD; F3: beta <= 1,2 lub brak danych; F4: kurs mniej niż 25% pod 52-tyg. szczytem; F5: kurs pod SMA50",https://query1.finance.yahoo.com/v8/finance/chart/BWMX?range=2y&interval=1d&includeAdjustedClose=true
BXC,Bluelinx Holdings Inc. Common Stock,kurs/technika,F4: kurs mniej niż 25% pod 52-tyg. szczytem; F5: kurs pod SMA50,https://query1.finance.yahoo.com/v8/finance/chart/BXC?range=2y&interval=1d&includeAdjustedClose=true
BXDC,Blackstone Digital Infrastructure Trust Inc. Common Stock,kurs,za krótka historia notowań (102 sesji),
BY,Byline Bancorp Inc. Common Stock,kurs/technika,"F3: beta <= 1,2 lub brak danych; F4: kurs mniej niż 25% pod 52-tyg. szczytem; F5: kurs pod SMA50",https://query1.finance.yahoo.com/v8/finance/chart/BY?range=2y&interval=1d&includeAdjustedClose=true
BZH,Beazer Homes USA Inc. Common Stock,kurs/technika,"F3: beta <= 1,2 lub brak danych; F4: kurs mniej niż 25% pod 52-tyg. szczytem",https://query1.finance.yahoo.com/v8/finance/chart/BZH?range=2y&interval=1d&includeAdjustedClose=true
CAL,Caleres Inc. Common Stock,kurs/technika,F4: kurs mniej niż 25% pod 52-tyg. szczytem; F5: kurs pod SMA50,https://query1.finance.yahoo.com/v8/finance/chart/CAL?range=2y&interval=1d&includeAdjustedClose=true
CALX,Calix Inc Common Stock,kurs/technika,"F3: beta <= 1,2 lub brak danych; F5: kurs pod SMA50",https://query1.finance.yahoo.com/v8/finance/chart/CALX?range=2y&interval=1d&includeAdjustedClose=true
CALY,Callaway Golf Company Common Stock,kurs/technika,"F3: beta <= 1,2 lub brak danych; F5: kurs pod SMA50",https://query1.finance.yahoo.com/v8/finance/chart/CALY?range=2y&interval=1d&includeAdjustedClose=true
CARS,Cars.com Inc. Common Stock,kurs/technika,F5: kurs pod SMA50,https://query1.finance.yahoo.com/v8/finance/chart/CARS?range=2y&interval=1d&includeAdjustedClose=true
CBAN,Colony Bankcorp Inc. Common Stock,kurs/technika,"F3: beta <= 1,2 lub brak danych; F4: kurs mniej niż 25% pod 52-tyg. szczytem; F5: kurs pod SMA50",https://query1.finance.yahoo.com/v8/finance/chart/CBAN?range=2y&interval=1d&includeAdjustedClose=true
CBNA,Chain Bridge Bancorp Inc. Class A Common Stock,kurs/technika,"średni obrót < 2 mln USD; F3: beta <= 1,2 lub brak danych; F4: kurs mniej niż 25% pod 52-tyg. szczytem",https://query1.finance.yahoo.com/v8/finance/chart/CBNA?range=2y&interval=1d&includeAdjustedClose=true
CBU,Community Financial System Inc. Common Stock,kurs/technika,"F3: beta <= 1,2 lub brak danych; F4: kurs mniej niż 25% pod 52-tyg. szczytem; F5: kurs pod SMA50",https://query1.finance.yahoo.com/v8/finance/chart/CBU?range=2y&interval=1d&includeAdjustedClose=true
CBZ,CBIZ Inc. Common Stock,kurs/technika,"F3: beta <= 1,2 lub brak danych; F4: kurs mniej niż 25% pod 52-tyg. szczytem",https://query1.finance.yahoo.com/v8/finance/chart/CBZ?range=2y&interval=1d&includeAdjustedClose=true
CC,Chemours Company (The) Common Stock,kurs/technika,F5: kurs pod SMA50,https://query1.finance.yahoo.com/v8/finance/chart/CC?range=2y&interval=1d&includeAdjustedClose=true
CCO,Clear Channel Outdoor Holdings Inc. Common Stock,kurs/technika,F4: kurs mniej niż 25% pod 52-tyg. szczytem,https://query1.finance.yahoo.com/v8/finance/chart/CCO?range=2y&interval=1d&includeAdjustedClose=true
CCS,Century Communities Inc. Common Stock,kurs/technika,"F3: beta <= 1,2 lub brak danych; F5: kurs pod SMA50",https://query1.finance.yahoo.com/v8/finance/chart/CCS?range=2y&interval=1d&includeAdjustedClose=true
CCU,Compania Cervecerias Unidas S.A. Common Stock,kurs/technika,"średni obrót < 2 mln USD; F3: beta <= 1,2 lub brak danych; F5: kurs pod SMA50",https://query1.finance.yahoo.com/v8/finance/chart/CCU?range=2y&interval=1d&includeAdjustedClose=true
CDLR,Cadeler A/S American Depositary Share (each representing four (4) Ordinary Shares),kurs/technika,"średni obrót < 2 mln USD; F3: beta <= 1,2 lub brak danych; F5: kurs pod SMA50",https://query1.finance.yahoo.com/v8/finance/chart/CDLR?range=2y&interval=1d&includeAdjustedClose=true
CDRE,Cadre Holdings Inc. Common Stock,kurs/technika,"F3: beta <= 1,2 lub brak danych; F5: kurs pod SMA50",https://query1.finance.yahoo.com/v8/finance/chart/CDRE?range=2y&interval=1d&includeAdjustedClose=true
CEPU,Central Puerto S.A. American Depositary Shares (each represents ten Common Shares),kurs/technika,"F3: beta <= 1,2 lub brak danych; F5: kurs pod SMA50",https://query1.finance.yahoo.com/v8/finance/chart/CEPU?range=2y&interval=1d&includeAdjustedClose=true
CINT,CI&T Inc Class A Common Shares,kurs/technika,"średni obrót < 2 mln USD; F3: beta <= 1,2 lub brak danych; F5: kurs pod SMA50",https://query1.finance.yahoo.com/v8/finance/chart/CINT?range=2y&interval=1d&includeAdjustedClose=true
CION,CION Investment Corporation Common Stock,kurs/technika,"F3: beta <= 1,2 lub brak danych; F5: kurs pod SMA50",https://query1.finance.yahoo.com/v8/finance/chart/CION?range=2y&interval=1d&includeAdjustedClose=true
CLB,Core Laboratories Inc. Common Stock,kurs/technika,F5: kurs pod SMA50,https://query1.finance.yahoo.com/v8/finance/chart/CLB?range=2y&interval=1d&includeAdjustedClose=true
CLVT,Clarivate Plc Ordinary Shares,kurs/technika,"F3: beta <= 1,2 lub brak danych; F5: kurs pod SMA50",https://query1.finance.yahoo.com/v8/finance/chart/CLVT?range=2y&interval=1d&includeAdjustedClose=true
CLW,Clearwater Paper Corporation Common Stock,kurs/technika,"F3: beta <= 1,2 lub brak danych; F4: kurs mniej niż 25% pod 52-tyg. szczytem; F5: kurs pod SMA50",https://query1.finance.yahoo.com/v8/finance/chart/CLW?range=2y&interval=1d&includeAdjustedClose=true
CMDB,Costamare Bulkers Holdings Limited Common Stock,kurs/technika,"średni obrót < 2 mln USD; F3: beta <= 1,2 lub brak danych; F4: kurs mniej niż 25% pod 52-tyg. szczytem",https://query1.finance.yahoo.com/v8/finance/chart/CMDB?range=2y&interval=1d&includeAdjustedClose=true
CMP,Compass Minerals Intl Inc Common Stock,kurs/technika,"F3: beta <= 1,2 lub brak danych; F5: kurs pod SMA50",https://query1.finance.yahoo.com/v8/finance/chart/CMP?range=2y&interval=1d&includeAdjustedClose=true
CMRE,Costamare Inc. Common Stock $0.0001 par value,kurs/technika,"F3: beta <= 1,2 lub brak danych; F4: kurs mniej niż 25% pod 52-tyg. szczytem",https://query1.finance.yahoo.com/v8/finance/chart/CMRE?range=2y&interval=1d&includeAdjustedClose=true
CNMD,CONMED Corporation Common Stock,kurs/technika,"F3: beta <= 1,2 lub brak danych; F4: kurs mniej niż 25% pod 52-tyg. szczytem; F5: kurs pod SMA50",https://query1.finance.yahoo.com/v8/finance/chart/CNMD?range=2y&interval=1d&includeAdjustedClose=true
CNNE,Cannae Holdings Inc. Common Stock,kurs/technika,"F3: beta <= 1,2 lub brak danych; F4: kurs mniej niż 25% pod 52-tyg. szczytem",https://query1.finance.yahoo.com/v8/finance/chart/CNNE?range=2y&interval=1d&includeAdjustedClose=true
CODI,D/B/A Compass Diversified Holdings Shares of Beneficial Interest,kurs/technika,F4: kurs mniej niż 25% pod 52-tyg. szczytem; F5: kurs pod SMA50,https://query1.finance.yahoo.com/v8/finance/chart/CODI?range=2y&interval=1d&includeAdjustedClose=true
COSO,CoastalSouth Bancshares Inc. Common Stock,kurs/technika,"F3: beta <= 1,2 lub brak danych; F4: kurs mniej niż 25% pod 52-tyg. szczytem; F5: kurs pod SMA50",https://query1.finance.yahoo.com/v8/finance/chart/COSO?range=2y&interval=1d&includeAdjustedClose=true
COTY,Coty Inc. Class A Common Stock,kurs/technika,"F3: beta <= 1,2 lub brak danych",https://query1.finance.yahoo.com/v8/finance/chart/COTY?range=2y&interval=1d&includeAdjustedClose=true
COUR,Coursera Inc. Common Stock,kurs/technika,F5: kurs pod SMA50,https://query1.finance.yahoo.com/v8/finance/chart/COUR?range=2y&interval=1d&includeAdjustedClose=true
CPAC,Cementos Pacasmayo S.A.A. American Depositary Shares (Each representing five Common Shares),kurs/technika,"średni obrót < 2 mln USD; F3: beta <= 1,2 lub brak danych; F4: kurs mniej niż 25% pod 52-tyg. szczytem",https://query1.finance.yahoo.com/v8/finance/chart/CPAC?range=2y&interval=1d&includeAdjustedClose=true
CPF,Central Pacific Financial Corp New,kurs/technika,"F3: beta <= 1,2 lub brak danych; F4: kurs mniej niż 25% pod 52-tyg. szczytem; F5: kurs pod SMA50",https://query1.finance.yahoo.com/v8/finance/chart/CPF?range=2y&interval=1d&includeAdjustedClose=true
CPK,Chesapeake Utilities Corporation Common Stock,kurs/technika,"F3: beta <= 1,2 lub brak danych; F4: kurs mniej niż 25% pod 52-tyg. szczytem; F5: kurs pod SMA50",https://query1.finance.yahoo.com/v8/finance/chart/CPK?range=2y&interval=1d&includeAdjustedClose=true
CPS,Cooper-Standard Holdings Inc. Common Stock,kurs/technika,F5: kurs pod SMA50,https://query1.finance.yahoo.com/v8/finance/chart/CPS?range=2y&interval=1d&includeAdjustedClose=true
CRI,Carter's Inc. Common Stock,kurs/technika,"F3: beta <= 1,2 lub brak danych; F5: kurs pod SMA50",https://query1.finance.yahoo.com/v8/finance/chart/CRI?range=2y&interval=1d&includeAdjustedClose=true
CSQR,Csquare Inc. Common Stock,kurs,za krótka historia notowań (60 sesji),
CSV,Carriage Services Inc. Common Stock,kurs/technika,"F3: beta <= 1,2 lub brak danych; F5: kurs pod SMA50",https://query1.finance.yahoo.com/v8/finance/chart/CSV?range=2y&interval=1d&includeAdjustedClose=true
CTEV,Claritev Corporation Class A Common Stock,kurs/technika,F5: kurs pod SMA50,https://query1.finance.yahoo.com/v8/finance/chart/CTEV?range=2y&interval=1d&includeAdjustedClose=true
CTOS,Custom Truck One Source Inc. Common Stock,kurs/technika,F4: kurs mniej niż 25% pod 52-tyg. szczytem; F5: kurs pod SMA50,https://query1.finance.yahoo.com/v8/finance/chart/CTOS?range=2y&interval=1d&includeAdjustedClose=true
CTRI,Centuri Holdings Inc. Common Stock,kurs/technika,"F3: beta <= 1,2 lub brak danych; F5: kurs pod SMA50",https://query1.finance.yahoo.com/v8/finance/chart/CTRI?range=2y&interval=1d&includeAdjustedClose=true
CTS,CTS Corporation Common Stock,kurs/technika,F4: kurs mniej niż 25% pod 52-tyg. szczytem; F5: kurs pod SMA50,https://query1.finance.yahoo.com/v8/finance/chart/CTS?range=2y&interval=1d&includeAdjustedClose=true
CUBI,Customers Bancorp Inc Common Stock,kurs/technika,F4: kurs mniej niż 25% pod 52-tyg. szczytem; F5: kurs pod SMA50,https://query1.finance.yahoo.com/v8/finance/chart/CUBI?range=2y&interval=1d&includeAdjustedClose=true
CURB,Curbline Properties Corp. Common Stock,kurs/technika,"F3: beta <= 1,2 lub brak danych; F4: kurs mniej niż 25% pod 52-tyg. szczytem; F5: kurs pod SMA50",https://query1.finance.yahoo.com/v8/finance/chart/CURB?range=2y&interval=1d&includeAdjustedClose=true
CVEO,Civeo Corporation (Canada) Common Shares,kurs/technika,"F3: beta <= 1,2 lub brak danych; F4: kurs mniej niż 25% pod 52-tyg. szczytem; F5: kurs pod SMA50",https://query1.finance.yahoo.com/v8/finance/chart/CVEO?range=2y&interval=1d&includeAdjustedClose=true
CVLG,Covenant Logistics Group Inc. Class A Common Stock,kurs/technika,"F3: beta <= 1,2 lub brak danych; F5: kurs pod SMA50",https://query1.finance.yahoo.com/v8/finance/chart/CVLG?range=2y&interval=1d&includeAdjustedClose=true
CWH,Camping World Holdings Inc. Class A Common Stock,kurs/technika,F5: kurs pod SMA50,https://query1.finance.yahoo.com/v8/finance/chart/CWH?range=2y&interval=1d&includeAdjustedClose=true
CWK,Cushman & Wakefield Ltd. Common Shares,kurs/technika,F5: kurs pod SMA50,https://query1.finance.yahoo.com/v8/finance/chart/CWK?range=2y&interval=1d&includeAdjustedClose=true
CWT,California Water Service Group Common Stock,kurs/technika,"F3: beta <= 1,2 lub brak danych; F4: kurs mniej niż 25% pod 52-tyg. szczytem; F5: kurs pod SMA50",https://query1.finance.yahoo.com/v8/finance/chart/CWT?range=2y&interval=1d&includeAdjustedClose=true
CXM,Sprinklr Inc. Class A Common Stock,kurs/technika,"F3: beta <= 1,2 lub brak danych; F5: kurs pod SMA50",https://query1.finance.yahoo.com/v8/finance/chart/CXM?range=2y&interval=1d&includeAdjustedClose=true
CXT,Crane NXT Co. Common Stock,kurs/technika,"F3: beta <= 1,2 lub brak danych; F5: kurs pod SMA50",https://query1.finance.yahoo.com/v8/finance/chart/CXT?range=2y&interval=1d&includeAdjustedClose=true
CYD,China Yuchai International Limited Common Stock,kurs/technika,"F3: beta <= 1,2 lub brak danych; F5: kurs pod SMA50",https://query1.finance.yahoo.com/v8/finance/chart/CYD?range=2y&interval=1d&includeAdjustedClose=true
CYH,Community Health Systems Inc. Common Stock,kurs/technika,F5: kurs pod SMA50,https://query1.finance.yahoo.com/v8/finance/chart/CYH?range=2y&interval=1d&includeAdjustedClose=true
DAC,Danaos Corporation Common Stock,kurs/technika,"F3: beta <= 1,2 lub brak danych; F4: kurs mniej niż 25% pod 52-tyg. szczytem",https://query1.finance.yahoo.com/v8/finance/chart/DAC?range=2y&interval=1d&includeAdjustedClose=true
DAN,Dana Incorporated Common Stock,kurs/technika,F5: kurs pod SMA50,https://query1.finance.yahoo.com/v8/finance/chart/DAN?range=2y&interval=1d&includeAdjustedClose=true
DBD,Diebold Nixdorf Incorporated Common stock,kurs/technika,"F3: beta <= 1,2 lub brak danych; F5: kurs pod SMA50",https://query1.finance.yahoo.com/v8/finance/chart/DBD?range=2y&interval=1d&includeAdjustedClose=true
DBI,Designer Brands Inc. Class A Common Stock,kurs/technika,F5: kurs pod SMA50,https://query1.finance.yahoo.com/v8/finance/chart/DBI?range=2y&interval=1d&includeAdjustedClose=true
DCH,Dauch Corporation Common Stock,kurs/technika,F5: kurs pod SMA50,https://query1.finance.yahoo.com/v8/finance/chart/DCH?range=2y&interval=1d&includeAdjustedClose=true
DCO,Ducommun Incorporated Common Stock,kurs/technika,"F3: beta <= 1,2 lub brak danych; F4: kurs mniej niż 25% pod 52-tyg. szczytem; F5: kurs pod SMA50",https://query1.finance.yahoo.com/v8/finance/chart/DCO?range=2y&interval=1d&includeAdjustedClose=true
DCOM,Dime Commercial Bancshares Inc. Common Stock,kurs/technika,"F3: beta <= 1,2 lub brak danych; F4: kurs mniej niż 25% pod 52-tyg. szczytem; F5: kurs pod SMA50",https://query1.finance.yahoo.com/v8/finance/chart/DCOM?range=2y&interval=1d&includeAdjustedClose=true
DDD,3D Systems Corporation Common Stock,kurs/technika,F4: kurs mniej niż 25% pod 52-tyg. szczytem; F5: kurs pod SMA50,https://query1.finance.yahoo.com/v8/finance/chart/DDD?range=2y&interval=1d&includeAdjustedClose=true
DDL,Dingdong (Cayman) Limited American Depositary Shares (each two representing three Ordinary Shares),kurs/technika,"średni obrót < 2 mln USD; F3: beta <= 1,2 lub brak danych; F5: kurs pod SMA50",https://query1.finance.yahoo.com/v8/finance/chart/DDL?range=2y&interval=1d&includeAdjustedClose=true
DEC,Diversified Energy Company Common Stock,kurs/technika,"F3: beta <= 1,2 lub brak danych; F5: kurs pod SMA50",https://query1.finance.yahoo.com/v8/finance/chart/DEC?range=2y&interval=1d&includeAdjustedClose=true
DFH,Dream Finders Homes Inc. Class A Common Stock,kurs/technika,F5: kurs pod SMA50,https://query1.finance.yahoo.com/v8/finance/chart/DFH?range=2y&interval=1d&includeAdjustedClose=true
DFIN,Donnelley Financial Solutions Inc. Common Stock,kurs/technika,F4: kurs mniej niż 25% pod 52-tyg. szczytem,https://query1.finance.yahoo.com/v8/finance/chart/DFIN?range=2y&interval=1d&includeAdjustedClose=true
DIN,Dine Brands Global Inc. Common Stock,kurs/technika,"F3: beta <= 1,2 lub brak danych; F5: kurs pod SMA50",https://query1.finance.yahoo.com/v8/finance/chart/DIN?range=2y&interval=1d&includeAdjustedClose=true
DLX,Deluxe Corporation Common Stock,kurs/technika,"F3: beta <= 1,2 lub brak danych; F5: kurs pod SMA50",https://query1.finance.yahoo.com/v8/finance/chart/DLX?range=2y&interval=1d&includeAdjustedClose=true
DLY,DoubleLine Yield Opportunities Fund Common Shares of Beneficial Interest,kurs/technika,"F3: beta <= 1,2 lub brak danych; F4: kurs mniej niż 25% pod 52-tyg. szczytem; F5: kurs pod SMA50",https://query1.finance.yahoo.com/v8/finance/chart/DLY?range=2y&interval=1d&includeAdjustedClose=true
DMC,Del Monte Corporation Ordinary Shares,kurs/technika,"F3: beta <= 1,2 lub brak danych; F5: kurs pod SMA50",https://query1.finance.yahoo.com/v8/finance/chart/DMC?range=2y&interval=1d&includeAdjustedClose=true
DNOW,DNOW Inc. Common Stock,kurs/technika,"F3: beta <= 1,2 lub brak danych; F4: kurs mniej niż 25% pod 52-tyg. szczytem; F5: kurs pod SMA50",https://query1.finance.yahoo.com/v8/finance/chart/DNOW?range=2y&interval=1d&includeAdjustedClose=true
DOLE,Dole plc Ordinary Shares,kurs/technika,"F3: beta <= 1,2 lub brak danych; F4: kurs mniej niż 25% pod 52-tyg. szczytem; F5: kurs pod SMA50",https://query1.finance.yahoo.com/v8/finance/chart/DOLE?range=2y&interval=1d&includeAdjustedClose=true
DRD,DRDGOLD Limited American Depositary Shares,kurs/technika,"F3: beta <= 1,2 lub brak danych; F5: kurs pod SMA50",https://query1.finance.yahoo.com/v8/finance/chart/DRD?range=2y&interval=1d&includeAdjustedClose=true
DSL,DoubleLine Income Solutions Fund Common Shares of Beneficial Interests,kurs/technika,"F3: beta <= 1,2 lub brak danych; F4: kurs mniej niż 25% pod 52-tyg. szczytem; F5: kurs pod SMA50",https://query1.finance.yahoo.com/v8/finance/chart/DSL?range=2y&interval=1d&includeAdjustedClose=true
DSX,Diana Shipping inc. common stock,kurs/technika,"F3: beta <= 1,2 lub brak danych; F4: kurs mniej niż 25% pod 52-tyg. szczytem",https://query1.finance.yahoo.com/v8/finance/chart/DSX?range=2y&interval=1d&includeAdjustedClose=true
DV,DoubleVerify Holdings Inc. Common Stock,kurs/technika,"F3: beta <= 1,2 lub brak danych; F4: kurs mniej niż 25% pod 52-tyg. szczytem",https://query1.finance.yahoo.com/v8/finance/chart/DV?range=2y&interval=1d&includeAdjustedClose=true
DXC,DXC Technology Company Common Stock,kurs/technika,"F3: beta <= 1,2 lub brak danych; F4: kurs mniej niż 25% pod 52-tyg. szczytem",https://query1.finance.yahoo.com/v8/finance/chart/DXC?range=2y&interval=1d&includeAdjustedClose=true
EBF,Ennis Inc. Common Stock,kurs/technika,"F3: beta <= 1,2 lub brak danych; F4: kurs mniej niż 25% pod 52-tyg. szczytem",https://query1.finance.yahoo.com/v8/finance/chart/EBF?range=2y&interval=1d&includeAdjustedClose=true
ECAT,BlackRock ESG Capital Allocation Term Trust Common Shares of Beneficial Interest,kurs/technika,"F3: beta <= 1,2 lub brak danych; F4: kurs mniej niż 25% pod 52-tyg. szczytem; F5: kurs pod SMA50",https://query1.finance.yahoo.com/v8/finance/chart/ECAT?range=2y&interval=1d&includeAdjustedClose=true
ECVT,Ecovyst Inc. Common Stock,kurs/technika,"F3: beta <= 1,2 lub brak danych; F5: kurs pod SMA50",https://query1.finance.yahoo.com/v8/finance/chart/ECVT?range=2y&interval=1d&includeAdjustedClose=true
EDN,Empresa Distribuidora Y Comercializadora Norte S.A. (Edenor) American Depositary Shares,kurs/technika,"F3: beta <= 1,2 lub brak danych; F5: kurs pod SMA50",https://query1.finance.yahoo.com/v8/finance/chart/EDN?range=2y&interval=1d&includeAdjustedClose=true
EFC,Ellington Financial Inc. Common Stock,kurs/technika,"F3: beta <= 1,2 lub brak danych; F4: kurs mniej niż 25% pod 52-tyg. szczytem; F5: kurs pod SMA50",https://query1.finance.yahoo.com/v8/finance/chart/EFC?range=2y&interval=1d&includeAdjustedClose=true
EFOR,Everforth Inc. Common Stock,kurs/technika,"F3: beta <= 1,2 lub brak danych",https://query1.finance.yahoo.com/v8/finance/chart/EFOR?range=2y&interval=1d&includeAdjustedClose=true
EFT,Eaton Vance Floating Rate Income Trust Common Shares of Beneficial Interest,kurs/technika,"średni obrót < 2 mln USD; F3: beta <= 1,2 lub brak danych; F4: kurs mniej niż 25% pod 52-tyg. szczytem; F5: kurs pod SMA50",https://query1.finance.yahoo.com/v8/finance/chart/EFT?range=2y&interval=1d&includeAdjustedClose=true
EFXT,Enerflex Ltd Common Shares,kurs/technika,"F3: beta <= 1,2 lub brak danych; F4: kurs mniej niż 25% pod 52-tyg. szczytem",https://query1.finance.yahoo.com/v8/finance/chart/EFXT?range=2y&interval=1d&includeAdjustedClose=true
EGY,VAALCO Energy Inc.  Common Stock,kurs/technika,"F3: beta <= 1,2 lub brak danych; F4: kurs mniej niż 25% pod 52-tyg. szczytem",https://query1.finance.yahoo.com/v8/finance/chart/EGY?range=2y&interval=1d&includeAdjustedClose=true
EIG,Employers Holdings Inc Common Stock,kurs/technika,"F3: beta <= 1,2 lub brak danych; F4: kurs mniej niż 25% pod 52-tyg. szczytem",https://query1.finance.yahoo.com/v8/finance/chart/EIG?range=2y&interval=1d&includeAdjustedClose=true
ENHA,Enhanced Group Inc. Class A Common Stock,kurs,za krótka historia notowań (106 sesji),
ENOV,Enovis Corporation Common Stock,kurs/technika,F5: kurs pod SMA50,https://query1.finance.yahoo.com/v8/finance/chart/ENOV?range=2y&interval=1d&includeAdjustedClose=true
ENR,Energizer Holdings Inc. Common Stock,kurs/technika,"F3: beta <= 1,2 lub brak danych; F4: kurs mniej niż 25% pod 52-tyg. szczytem; F5: kurs pod SMA50",https://query1.finance.yahoo.com/v8/finance/chart/ENR?range=2y&interval=1d&includeAdjustedClose=true
EPAC,Enerpac Tool Group Corp. Common Stock,kurs/technika,"F3: beta <= 1,2 lub brak danych; F4: kurs mniej niż 25% pod 52-tyg. szczytem; F5: kurs pod SMA50",https://query1.finance.yahoo.com/v8/finance/chart/EPAC?range=2y&interval=1d&includeAdjustedClose=true
EPC,Edgewell Personal Care Company Common Stock,kurs/technika,"F3: beta <= 1,2 lub brak danych; F4: kurs mniej niż 25% pod 52-tyg. szczytem; F5: kurs pod SMA50",https://query1.finance.yahoo.com/v8/finance/chart/EPC?range=2y&interval=1d&includeAdjustedClose=true
EQBK,Equity Bancshares Inc. Class A Common Stock,kurs/technika,"F3: beta <= 1,2 lub brak danych; F4: kurs mniej niż 25% pod 52-tyg. szczytem; F5: kurs pod SMA50",https://query1.finance.yahoo.com/v8/finance/chart/EQBK?range=2y&interval=1d&includeAdjustedClose=true
EROC,ERock Inc. Class A Common Stock,kurs,za krótka historia notowań (84 sesji),
EROK,EagleRock Land LLC Class A shares representing limited liability company interests,kurs,za krótka historia notowań (102 sesji),
ETB,Eaton Vance Tax-Managed Buy-Write Income Fund Eaton Vance Tax-Managed Buy-Write Income Fund Common Shares of Beneficial Interest,kurs/technika,"średni obrót < 2 mln USD; F3: beta <= 1,2 lub brak danych; F4: kurs mniej niż 25% pod 52-tyg. szczytem; F5: kurs pod SMA50",https://query1.finance.yahoo.com/v8/finance/chart/ETB?range=2y&interval=1d&includeAdjustedClose=true
ETD,Ethan Allen Interiors Inc. Common Stock,kurs/technika,"F3: beta <= 1,2 lub brak danych; F5: kurs pod SMA50",https://query1.finance.yahoo.com/v8/finance/chart/ETD?range=2y&interval=1d&includeAdjustedClose=true
ETO,Eaton Vance Tax-Advantage Global Dividend Opp Common Stock,kurs/technika,"średni obrót < 2 mln USD; F3: beta <= 1,2 lub brak danych; F4: kurs mniej niż 25% pod 52-tyg. szczytem; F5: kurs pod SMA50",https://query1.finance.yahoo.com/v8/finance/chart/ETO?range=2y&interval=1d&includeAdjustedClose=true
ETV,Eaton Vance Corporation Eaton Vance Tax-Managed Buy-Write Opportunities Fund Common Shares of Beneficial Interest,kurs/technika,"F3: beta <= 1,2 lub brak danych; F4: kurs mniej niż 25% pod 52-tyg. szczytem; F5: kurs pod SMA50",https://query1.finance.yahoo.com/v8/finance/chart/ETV?range=2y&interval=1d&includeAdjustedClose=true
ETW,Eaton Vance Corporation Eaton Vance Tax-Managed Global Buy-Write Opportunites Fund Common Shares of Beneficial Interest,kurs/technika,"F3: beta <= 1,2 lub brak danych; F4: kurs mniej niż 25% pod 52-tyg. szczytem; F5: kurs pod SMA50",https://query1.finance.yahoo.com/v8/finance/chart/ETW?range=2y&interval=1d&includeAdjustedClose=true
EVC,Entravision Communications Corporation Common Stock,kurs/technika,"F3: beta <= 1,2 lub brak danych; F5: kurs pod SMA50",https://query1.finance.yahoo.com/v8/finance/chart/EVC?range=2y&interval=1d&includeAdjustedClose=true
EVEX,Eve Holding Inc. Common Stock,kurs/technika,F5: kurs pod SMA50,https://query1.finance.yahoo.com/v8/finance/chart/EVEX?range=2y&interval=1d&includeAdjustedClose=true
EVH,Evolent Health Inc Class A Common Stock,kurs/technika,"F3: beta <= 1,2 lub brak danych",https://query1.finance.yahoo.com/v8/finance/chart/EVH?range=2y&interval=1d&includeAdjustedClose=true
EVN,Eaton Vance Municipal Income Trust Common Stock,kurs/technika,"średni obrót < 2 mln USD; F3: beta <= 1,2 lub brak danych; F4: kurs mniej niż 25% pod 52-tyg. szczytem; F5: kurs pod SMA50",https://query1.finance.yahoo.com/v8/finance/chart/EVN?range=2y&interval=1d&includeAdjustedClose=true
EVTC,Evertec Inc. Common Stock,kurs/technika,"F3: beta <= 1,2 lub brak danych; F4: kurs mniej niż 25% pod 52-tyg. szczytem; F5: kurs pod SMA50",https://query1.finance.yahoo.com/v8/finance/chart/EVTC?range=2y&interval=1d&includeAdjustedClose=true
EXK,Endeavour Silver Corporation Ordinary Shares (Canada),kurs/technika,F5: kurs pod SMA50,https://query1.finance.yahoo.com/v8/finance/chart/EXK?range=2y&interval=1d&includeAdjustedClose=true
FBK,FB Financial Corporation Common Stock,kurs/technika,"F3: beta <= 1,2 lub brak danych; F4: kurs mniej niż 25% pod 52-tyg. szczytem; F5: kurs pod SMA50",https://query1.finance.yahoo.com/v8/finance/chart/FBK?range=2y&interval=1d&includeAdjustedClose=true
FCBM,First Carolina Financial Services Inc. Common Stock,kurs,za krótka historia notowań (78 sesji),
FCF,First Commonwealth Financial Corporation Common Stock,kurs/technika,"F3: beta <= 1,2 lub brak danych; F4: kurs mniej niż 25% pod 52-tyg. szczytem; F5: kurs pod SMA50",https://query1.finance.yahoo.com/v8/finance/chart/FCF?range=2y&interval=1d&includeAdjustedClose=true
FET,Forum Energy Technologies Inc. Common Stock,kurs/technika,"F3: beta <= 1,2 lub brak danych; F4: kurs mniej niż 25% pod 52-tyg. szczytem",https://query1.finance.yahoo.com/v8/finance/chart/FET?range=2y&interval=1d&includeAdjustedClose=true
FG,F&G Annuities & Life Inc. Common Stock,kurs/technika,"F3: beta <= 1,2 lub brak danych; F5: kurs pod SMA50",https://query1.finance.yahoo.com/v8/finance/chart/FG?range=2y&interval=1d&includeAdjustedClose=true
FIGS,FIGS Inc. Class A Common Stock,kurs/technika,"F3: beta <= 1,2 lub brak danych; F4: kurs mniej niż 25% pod 52-tyg. szczytem",https://query1.finance.yahoo.com/v8/finance/chart/FIGS?range=2y&interval=1d&includeAdjustedClose=true
FINS,Angel Oak Financial Strategies Income Term Trust Common Shares of Beneficial Interest,kurs/technika,"średni obrót < 2 mln USD; F3: beta <= 1,2 lub brak danych; F4: kurs mniej niż 25% pod 52-tyg. szczytem; F5: kurs pod SMA50",https://query1.finance.yahoo.com/v8/finance/chart/FINS?range=2y&interval=1d&includeAdjustedClose=true
FINV,FinVolution Group American Depositary Shares,kurs/technika,"F3: beta <= 1,2 lub brak danych; F5: kurs pod SMA50",https://query1.finance.yahoo.com/v8/finance/chart/FINV?range=2y&interval=1d&includeAdjustedClose=true
FLNG,FLEX LNG Ltd. Ordinary Shares,kurs/technika,"F3: beta <= 1,2 lub brak danych; F4: kurs mniej niż 25% pod 52-tyg. szczytem",https://query1.finance.yahoo.com/v8/finance/chart/FLNG?range=2y&interval=1d&includeAdjustedClose=true
FLO,Flowers Foods Inc. Common Stock,kurs/technika,"F3: beta <= 1,2 lub brak danych; F5: kurs pod SMA50",https://query1.finance.yahoo.com/v8/finance/chart/FLO?range=2y&interval=1d&includeAdjustedClose=true
FLOC,Flowco Holdings Inc. Class A Common Stock,kurs/technika,"F3: beta <= 1,2 lub brak danych; F5: kurs pod SMA50",https://query1.finance.yahoo.com/v8/finance/chart/FLOC?range=2y&interval=1d&includeAdjustedClose=true
FMC,FMC Corporation Common Stock,kurs/technika,"F3: beta <= 1,2 lub brak danych; F5: kurs pod SMA50",https://query1.finance.yahoo.com/v8/finance/chart/FMC?range=2y&interval=1d&includeAdjustedClose=true
FMN,Federated Hermes Premier Municipal Income Fund,kurs/technika,"średni obrót < 2 mln USD; F3: beta <= 1,2 lub brak danych; F4: kurs mniej niż 25% pod 52-tyg. szczytem; F5: kurs pod SMA50",https://query1.finance.yahoo.com/v8/finance/chart/FMN?range=2y&interval=1d&includeAdjustedClose=true
FOF,Cohen & Steers Closed-End Opportunity Fund Inc. Common Stock,kurs/technika,"średni obrót < 2 mln USD; F3: beta <= 1,2 lub brak danych; F4: kurs mniej niż 25% pod 52-tyg. szczytem; F5: kurs pod SMA50",https://query1.finance.yahoo.com/v8/finance/chart/FOF?range=2y&interval=1d&includeAdjustedClose=true
FOIL,Londian Wason New Energy Tech Inc. American Depositary Shares each representing five Ordinary Shares,kurs,za krótka historia notowań (41 sesji),
FOR,Forestar Group Inc Common Stock,kurs/technika,"F3: beta <= 1,2 lub brak danych; F4: kurs mniej niż 25% pod 52-tyg. szczytem; F5: kurs pod SMA50",https://query1.finance.yahoo.com/v8/finance/chart/FOR?range=2y&interval=1d&includeAdjustedClose=true
FOUR,Shift4 Payments Inc. Class A Common Stock,kurs/technika,"F3: beta <= 1,2 lub brak danych; F5: kurs pod SMA50",https://query1.finance.yahoo.com/v8/finance/chart/FOUR?range=2y&interval=1d&includeAdjustedClose=true
FPH,Five Point Holdings LLC Class A Common Shares,kurs/technika,"średni obrót < 2 mln USD; F3: beta <= 1,2 lub brak danych; F5: kurs pod SMA50",https://query1.finance.yahoo.com/v8/finance/chart/FPH?range=2y&interval=1d&includeAdjustedClose=true
FRA,Blackrock Floating Rate Income Strategies Fund Inc  Common Stock,kurs/technika,"średni obrót < 2 mln USD; F3: beta <= 1,2 lub brak danych; F4: kurs mniej niż 25% pod 52-tyg. szczytem; F5: kurs pod SMA50",https://query1.finance.yahoo.com/v8/finance/chart/FRA?range=2y&interval=1d&includeAdjustedClose=true
FSCO,FS Credit Opportunities Corp. Common Stock,kurs/technika,"F3: beta <= 1,2 lub brak danych; F5: kurs pod SMA50",https://query1.finance.yahoo.com/v8/finance/chart/FSCO?range=2y&interval=1d&includeAdjustedClose=true
FSK,FS KKR Capital Corp. Common Stock,kurs/technika,"F3: beta <= 1,2 lub brak danych; F5: kurs pod SMA50",https://query1.finance.yahoo.com/v8/finance/chart/FSK?range=2y&interval=1d&includeAdjustedClose=true
FSM,Fortuna Mining Corp. Common Shares,kurs/technika,"F3: beta <= 1,2 lub brak danych; F4: kurs mniej niż 25% pod 52-tyg. szczytem; F5: kurs pod SMA50",https://query1.finance.yahoo.com/v8/finance/chart/FSM?range=2y&interval=1d&includeAdjustedClose=true
FTHY,First Trust High Yield Opportunities 2027 Term Fund Common Stock,kurs/technika,"średni obrót < 2 mln USD; F3: beta <= 1,2 lub brak danych; F4: kurs mniej niż 25% pod 52-tyg. szczytem; F5: kurs pod SMA50",https://query1.finance.yahoo.com/v8/finance/chart/FTHY?range=2y&interval=1d&includeAdjustedClose=true
FTK,Flotek Industries Inc. Common Stock,kurs/technika,F5: kurs pod SMA50,https://query1.finance.yahoo.com/v8/finance/chart/FTK?range=2y&interval=1d&includeAdjustedClose=true
FTW,Presidio Production Company Class A Common Stock,kurs/technika,"średni obrót < 2 mln USD; F3: beta <= 1,2 lub brak danych; F5: kurs pod SMA50",https://query1.finance.yahoo.com/v8/finance/chart/FTW?range=2y&interval=1d&includeAdjustedClose=true
FUBO,FuboTV Inc. Class A Common Stock,kurs/technika,"F3: beta <= 1,2 lub brak danych; F5: kurs pod SMA50",https://query1.finance.yahoo.com/v8/finance/chart/FUBO?range=2y&interval=1d&includeAdjustedClose=true
FUL,H. B. Fuller Company Common Stock,kurs/technika,"F3: beta <= 1,2 lub brak danych; F5: kurs pod SMA50",https://query1.finance.yahoo.com/v8/finance/chart/FUL?range=2y&interval=1d&includeAdjustedClose=true
FUN,Six Flags Entertainment Corporation Common Stock New,kurs/technika,F5: kurs pod SMA50,https://query1.finance.yahoo.com/v8/finance/chart/FUN?range=2y&interval=1d&includeAdjustedClose=true
FVRR,Fiverr International Ltd. Ordinary Shares no par value,kurs/technika,"F3: beta <= 1,2 lub brak danych; F5: kurs pod SMA50",https://query1.finance.yahoo.com/v8/finance/chart/FVRR?range=2y&interval=1d&includeAdjustedClose=true
GAB,Gabelli Equity Trust Inc. (The) Common Stock,kurs/technika,"F3: beta <= 1,2 lub brak danych; F4: kurs mniej niż 25% pod 52-tyg. szczytem; F5: kurs pod SMA50",https://query1.finance.yahoo.com/v8/finance/chart/GAB?range=2y&interval=1d&includeAdjustedClose=true
GAM,General American Investors Inc. Common Stock,kurs/technika,"średni obrót < 2 mln USD; F3: beta <= 1,2 lub brak danych; F4: kurs mniej niż 25% pod 52-tyg. szczytem; F5: kurs pod SMA50",https://query1.finance.yahoo.com/v8/finance/chart/GAM?range=2y&interval=1d&includeAdjustedClose=true
GBAB,Guggenheim Taxable Municipal Bond & Investment Grade Debt Trust Common Shares of Beneficial Interest,kurs/technika,"średni obrót < 2 mln USD; F3: beta <= 1,2 lub brak danych; F4: kurs mniej niż 25% pod 52-tyg. szczytem; F5: kurs pod SMA50",https://query1.finance.yahoo.com/v8/finance/chart/GBAB?range=2y&interval=1d&includeAdjustedClose=true
GBX,Greenbrier Companies Inc. (The) Common Stock,kurs/technika,"F3: beta <= 1,2 lub brak danych; F5: kurs pod SMA50",https://query1.finance.yahoo.com/v8/finance/chart/GBX?range=2y&interval=1d&includeAdjustedClose=true
GCO,Genesco Inc. Common Stock,kurs/technika,F4: kurs mniej niż 25% pod 52-tyg. szczytem,https://query1.finance.yahoo.com/v8/finance/chart/GCO?range=2y&interval=1d&includeAdjustedClose=true
GDOT,Green Dot Corporation Class A Common Stock $0.001 par value,kurs/technika,"F3: beta <= 1,2 lub brak danych; F4: kurs mniej niż 25% pod 52-tyg. szczytem; F5: kurs pod SMA50",https://query1.finance.yahoo.com/v8/finance/chart/GDOT?range=2y&interval=1d&includeAdjustedClose=true
GDV,Gabelli Dividend & Income Trust Common Shares of Beneficial Interest,kurs/technika,"F3: beta <= 1,2 lub brak danych; F4: kurs mniej niż 25% pod 52-tyg. szczytem; F5: kurs pod SMA50",https://query1.finance.yahoo.com/v8/finance/chart/GDV?range=2y&interval=1d&includeAdjustedClose=true
GENI,Genius Sports Limited Ordinary Shares,kurs/technika,F5: kurs pod SMA50,https://query1.finance.yahoo.com/v8/finance/chart/GENI?range=2y&interval=1d&includeAdjustedClose=true
GFR,Greenfire Resources Ltd. Common Shares,kurs/technika,"F3: beta <= 1,2 lub brak danych; F4: kurs mniej niż 25% pod 52-tyg. szczytem; F5: kurs pod SMA50",https://query1.finance.yahoo.com/v8/finance/chart/GFR?range=2y&interval=1d&includeAdjustedClose=true
GHM,Graham Corporation Common Stock,kurs/technika,F5: kurs pod SMA50,https://query1.finance.yahoo.com/v8/finance/chart/GHM?range=2y&interval=1d&includeAdjustedClose=true
GIC,Global Industrial Company Common Stock,kurs/technika,"F3: beta <= 1,2 lub brak danych; F4: kurs mniej niż 25% pod 52-tyg. szczytem",https://query1.finance.yahoo.com/v8/finance/chart/GIC?range=2y&interval=1d&includeAdjustedClose=true
GLAS,Glass House Brands Inc. Subordinate Voting Shares,kurs/technika,"F3: beta <= 1,2 lub brak danych; F5: kurs pod SMA50",https://query1.finance.yahoo.com/v8/finance/chart/GLAS?range=2y&interval=1d&includeAdjustedClose=true
GLOB,Globant S.A. Common Shares,kurs/technika,F5: kurs pod SMA50,https://query1.finance.yahoo.com/v8/finance/chart/GLOB?range=2y&interval=1d&includeAdjustedClose=true
GMRS,GMR Solutions Inc. Class A Common Stock,kurs,za krótka historia notowań (103 sesji),
GNE,Genie Energy Ltd. Class B Common Stock Stock,kurs/technika,"średni obrót < 2 mln USD; F3: beta <= 1,2 lub brak danych; F4: kurs mniej niż 25% pod 52-tyg. szczytem",https://query1.finance.yahoo.com/v8/finance/chart/GNE?range=2y&interval=1d&includeAdjustedClose=true
GNK,Genco Shipping & Trading Limited Ordinary Shares New (Marshall Islands),kurs/technika,"F3: beta <= 1,2 lub brak danych; F4: kurs mniej niż 25% pod 52-tyg. szczytem",https://query1.finance.yahoo.com/v8/finance/chart/GNK?range=2y&interval=1d&includeAdjustedClose=true
GOLD,Gold.com Inc. Common Stock,kurs/technika,"F3: beta <= 1,2 lub brak danych; F5: kurs pod SMA50",https://query1.finance.yahoo.com/v8/finance/chart/GOLD?range=2y&interval=1d&includeAdjustedClose=true
GOOS,Canada Goose Holdings Inc. Subordinate Voting Shares,kurs/technika,"F3: beta <= 1,2 lub brak danych; F5: kurs pod SMA50",https://query1.finance.yahoo.com/v8/finance/chart/GOOS?range=2y&interval=1d&includeAdjustedClose=true
GPI,Group 1 Automotive Inc. Common Stock,kurs/technika,"F3: beta <= 1,2 lub brak danych; F5: kurs pod SMA50",https://query1.finance.yahoo.com/v8/finance/chart/GPI?range=2y&interval=1d&includeAdjustedClose=true
GPK,Graphic Packaging Holding Company,kurs/technika,"F3: beta <= 1,2 lub brak danych; F5: kurs pod SMA50",https://query1.finance.yahoo.com/v8/finance/chart/GPK?range=2y&interval=1d&includeAdjustedClose=true
GPOR,Gulfport Energy Corporation Common Shares,kurs/technika,"F3: beta <= 1,2 lub brak danych; F5: kurs pod SMA50",https://query1.finance.yahoo.com/v8/finance/chart/GPOR?range=2y&interval=1d&includeAdjustedClose=true
GPRK,Geopark Ltd Common Shares,kurs/technika,"F3: beta <= 1,2 lub brak danych; F4: kurs mniej niż 25% pod 52-tyg. szczytem",https://query1.finance.yahoo.com/v8/finance/chart/GPRK?range=2y&interval=1d&includeAdjustedClose=true
GRBK,Green Brick Partners Inc. Common Stock,kurs/technika,"F3: beta <= 1,2 lub brak danych; F4: kurs mniej niż 25% pod 52-tyg. szczytem; F5: kurs pod SMA50",https://query1.finance.yahoo.com/v8/finance/chart/GRBK?range=2y&interval=1d&includeAdjustedClose=true
GRC,Gorman-Rupp Company (The) Common Stock,kurs/technika,"F3: beta <= 1,2 lub brak danych; F4: kurs mniej niż 25% pod 52-tyg. szczytem; F5: kurs pod SMA50",https://query1.finance.yahoo.com/v8/finance/chart/GRC?range=2y&interval=1d&includeAdjustedClose=true
GRDN,Guardian Pharmacy Services Inc. Class A Common Stock,kurs/technika,"F3: beta <= 1,2 lub brak danych; F4: kurs mniej niż 25% pod 52-tyg. szczytem",https://query1.finance.yahoo.com/v8/finance/chart/GRDN?range=2y&interval=1d&includeAdjustedClose=true
GRND,Grindr Inc. Common Stock,kurs/technika,"F3: beta <= 1,2 lub brak danych; F4: kurs mniej niż 25% pod 52-tyg. szczytem; F5: kurs pod SMA50",https://query1.finance.yahoo.com/v8/finance/chart/GRND?range=2y&interval=1d&includeAdjustedClose=true
GRNT,Granite Ridge Resources Inc. Common Stock,kurs/technika,"F3: beta <= 1,2 lub brak danych; F4: kurs mniej niż 25% pod 52-tyg. szczytem; F5: kurs pod SMA50",https://query1.finance.yahoo.com/v8/finance/chart/GRNT?range=2y&interval=1d&includeAdjustedClose=true
GSBD,Goldman Sachs BDC Inc. Common Stock,kurs/technika,"F3: beta <= 1,2 lub brak danych; F4: kurs mniej niż 25% pod 52-tyg. szczytem; F5: kurs pod SMA50",https://query1.finance.yahoo.com/v8/finance/chart/GSBD?range=2y&interval=1d&includeAdjustedClose=true
GSL,Global Ship Lease Inc New Class A Common Shares,kurs/technika,"F3: beta <= 1,2 lub brak danych; F4: kurs mniej niż 25% pod 52-tyg. szczytem",https://query1.finance.yahoo.com/v8/finance/chart/GSL?range=2y&interval=1d&includeAdjustedClose=true
GTN,Gray Media Inc. Common Stock,kurs/technika,"F3: beta <= 1,2 lub brak danych; F4: kurs mniej niż 25% pod 52-tyg. szczytem",https://query1.finance.yahoo.com/v8/finance/chart/GTN?range=2y&interval=1d&includeAdjustedClose=true
GTY,Getty Realty Corporation Common Stock,kurs/technika,"F3: beta <= 1,2 lub brak danych; F5: kurs pod SMA50",https://query1.finance.yahoo.com/v8/finance/chart/GTY?range=2y&interval=1d&includeAdjustedClose=true
GUT,Gabelli Utility Trust (The) Common Stock,kurs/technika,"średni obrót < 2 mln USD; F3: beta <= 1,2 lub brak danych; F4: kurs mniej niż 25% pod 52-tyg. szczytem; F5: kurs pod SMA50",https://query1.finance.yahoo.com/v8/finance/chart/GUT?range=2y&interval=1d&includeAdjustedClose=true
HAWK,HawkEye 360 Inc. Common Stock,kurs,za krótka historia notowań (107 sesji),
HAYW,Hayward Holdings Inc. Common Stock,kurs/technika,"F3: beta <= 1,2 lub brak danych; F5: kurs pod SMA50",https://query1.finance.yahoo.com/v8/finance/chart/HAYW?range=2y&interval=1d&includeAdjustedClose=true
HBB,Hamilton Beach Brands Holding Company Class A Common Stock,kurs/technika,"F3: beta <= 1,2 lub brak danych; F4: kurs mniej niż 25% pod 52-tyg. szczytem",https://query1.finance.yahoo.com/v8/finance/chart/HBB?range=2y&interval=1d&includeAdjustedClose=true
HCI,HCI Group Inc. Common Stock,kurs/technika,"F3: beta <= 1,2 lub brak danych; F4: kurs mniej niż 25% pod 52-tyg. szczytem",https://query1.finance.yahoo.com/v8/finance/chart/HCI?range=2y&interval=1d&includeAdjustedClose=true
HE,Hawaiian Electric Industries Inc. Common Stock,kurs/technika,"F3: beta <= 1,2 lub brak danych; F5: kurs pod SMA50",https://query1.finance.yahoo.com/v8/finance/chart/HE?range=2y&interval=1d&includeAdjustedClose=true
HG,Hamilton Insurance Group Ltd. Class B Common Shares,kurs/technika,"F3: beta <= 1,2 lub brak danych; F4: kurs mniej niż 25% pod 52-tyg. szczytem; F5: kurs pod SMA50",https://query1.finance.yahoo.com/v8/finance/chart/HG?range=2y&interval=1d&includeAdjustedClose=true
HGV,Hilton Grand Vacations Inc. Common Stock,kurs/technika,F5: kurs pod SMA50,https://query1.finance.yahoo.com/v8/finance/chart/HGV?range=2y&interval=1d&includeAdjustedClose=true
HIPO,Hippo Holdings Inc. Common Stock,kurs/technika,F4: kurs mniej niż 25% pod 52-tyg. szczytem,https://query1.finance.yahoo.com/v8/finance/chart/HIPO?range=2y&interval=1d&includeAdjustedClose=true
HLF,Herbalife Ltd. Common Shares,kurs/technika,"F3: beta <= 1,2 lub brak danych",https://query1.finance.yahoo.com/v8/finance/chart/HLF?range=2y&interval=1d&includeAdjustedClose=true
HLIO,Helios Technologies Inc. Common Stock,kurs/technika,F5: kurs pod SMA50,https://query1.finance.yahoo.com/v8/finance/chart/HLIO?range=2y&interval=1d&includeAdjustedClose=true
HLLY,Holley Inc. Common Stock,kurs/technika,F5: kurs pod SMA50,https://query1.finance.yahoo.com/v8/finance/chart/HLLY?range=2y&interval=1d&includeAdjustedClose=true
HMN,Horace Mann Educators Corporation Common Stock,kurs/technika,"F3: beta <= 1,2 lub brak danych; F4: kurs mniej niż 25% pod 52-tyg. szczytem; F5: kurs pod SMA50",https://query1.finance.yahoo.com/v8/finance/chart/HMN?range=2y&interval=1d&includeAdjustedClose=true
HOG,Harley-Davidson Inc. Common Stock,kurs/technika,"F3: beta <= 1,2 lub brak danych; F4: kurs mniej niż 25% pod 52-tyg. szczytem",https://query1.finance.yahoo.com/v8/finance/chart/HOG?range=2y&interval=1d&includeAdjustedClose=true
HOS,Hornbeck Offshore Services Inc. Common Stock,kurs/technika,"F3: beta <= 1,2 lub brak danych; F5: kurs pod SMA50",https://query1.finance.yahoo.com/v8/finance/chart/HOS?range=2y&interval=1d&includeAdjustedClose=true
HOV,Hovnanian Enterprises Inc. Class A Common Stock,kurs/technika,"F3: beta <= 1,2 lub brak danych; F5: kurs pod SMA50",https://query1.finance.yahoo.com/v8/finance/chart/HOV?range=2y&interval=1d&includeAdjustedClose=true
HPP,Hudson Pacific Properties Inc. Common Stock,kurs/technika,F5: kurs pod SMA50,https://query1.finance.yahoo.com/v8/finance/chart/HPP?range=2y&interval=1d&includeAdjustedClose=true
HQH,abrdn Healthcare Investors Shares of Beneficial Interest,kurs/technika,"F3: beta <= 1,2 lub brak danych; F4: kurs mniej niż 25% pod 52-tyg. szczytem; F5: kurs pod SMA50",https://query1.finance.yahoo.com/v8/finance/chart/HQH?range=2y&interval=1d&includeAdjustedClose=true
HQL,abrdn Life Sciences Investors Shares of Beneficial Interest,kurs/technika,"F3: beta <= 1,2 lub brak danych; F4: kurs mniej niż 25% pod 52-tyg. szczytem; F5: kurs pod SMA50",https://query1.finance.yahoo.com/v8/finance/chart/HQL?range=2y&interval=1d&includeAdjustedClose=true
HRTG,Heritage Insurance Holdings Inc. Common Stock,kurs/technika,"F3: beta <= 1,2 lub brak danych; F4: kurs mniej niż 25% pod 52-tyg. szczytem",https://query1.finance.yahoo.com/v8/finance/chart/HRTG?range=2y&interval=1d&includeAdjustedClose=true
HSHP,Himalaya Shipping Ltd. Common Shares,kurs/technika,"F3: beta <= 1,2 lub brak danych; F4: kurs mniej niż 25% pod 52-tyg. szczytem",https://query1.finance.yahoo.com/v8/finance/chart/HSHP?range=2y&interval=1d&includeAdjustedClose=true
HTB,HomeTrust Bancshares Inc. Common Stock,kurs/technika,"F3: beta <= 1,2 lub brak danych; F4: kurs mniej niż 25% pod 52-tyg. szczytem; F5: kurs pod SMA50",https://query1.finance.yahoo.com/v8/finance/chart/HTB?range=2y&interval=1d&includeAdjustedClose=true
HTGC,Hercules Capital Inc. Common Stock,kurs/technika,"F3: beta <= 1,2 lub brak danych; F4: kurs mniej niż 25% pod 52-tyg. szczytem; F5: kurs pod SMA50",https://query1.finance.yahoo.com/v8/finance/chart/HTGC?range=2y&interval=1d&includeAdjustedClose=true
HTH,Hilltop Holdings Inc.,kurs/technika,"F3: beta <= 1,2 lub brak danych; F4: kurs mniej niż 25% pod 52-tyg. szczytem; F5: kurs pod SMA50",https://query1.finance.yahoo.com/v8/finance/chart/HTH?range=2y&interval=1d&includeAdjustedClose=true
HUN,Huntsman Corporation Common Stock,kurs/technika,"F3: beta <= 1,2 lub brak danych; F5: kurs pod SMA50",https://query1.finance.yahoo.com/v8/finance/chart/HUN?range=2y&interval=1d&includeAdjustedClose=true
HUYA,HUYA Inc. American depositary shares each  representing one Class A ordinary share,kurs/technika,"F3: beta <= 1,2 lub brak danych; F5: kurs pod SMA50",https://query1.finance.yahoo.com/v8/finance/chart/HUYA?range=2y&interval=1d&includeAdjustedClose=true
HVT,Haverty Furniture Companies Inc. Common Stock,kurs/technika,"F3: beta <= 1,2 lub brak danych; F4: kurs mniej niż 25% pod 52-tyg. szczytem; F5: kurs pod SMA50",https://query1.finance.yahoo.com/v8/finance/chart/HVT?range=2y&interval=1d&includeAdjustedClose=true
HY,Hyster-Yale Inc. Class A common stock,kurs/technika,"F3: beta <= 1,2 lub brak danych; F4: kurs mniej niż 25% pod 52-tyg. szczytem; F5: kurs pod SMA50",https://query1.finance.yahoo.com/v8/finance/chart/HY?range=2y&interval=1d&includeAdjustedClose=true
HZO,MarineMax Inc.  (FL) Common Stock,kurs/technika,F4: kurs mniej niż 25% pod 52-tyg. szczytem,https://query1.finance.yahoo.com/v8/finance/chart/HZO?range=2y&interval=1d&includeAdjustedClose=true
IBTA,Ibotta Inc. Class A Common Stock,kurs/technika,F4: kurs mniej niż 25% pod 52-tyg. szczytem,https://query1.finance.yahoo.com/v8/finance/chart/IBTA?range=2y&interval=1d&includeAdjustedClose=true
IDT,IDT Corporation Class B Common Stock,kurs/technika,"F3: beta <= 1,2 lub brak danych; F4: kurs mniej niż 25% pod 52-tyg. szczytem",https://query1.finance.yahoo.com/v8/finance/chart/IDT?range=2y&interval=1d&includeAdjustedClose=true
IHS,IHS Holding Limited Ordinary Shares,kurs/technika,"F3: beta <= 1,2 lub brak danych; F4: kurs mniej niż 25% pod 52-tyg. szczytem",https://query1.finance.yahoo.com/v8/finance/chart/IHS?range=2y&interval=1d&includeAdjustedClose=true
IIIN,Insteel Industries Inc. Common Stock,kurs/technika,"F3: beta <= 1,2 lub brak danych; F4: kurs mniej niż 25% pod 52-tyg. szczytem; F5: kurs pod SMA50",https://query1.finance.yahoo.com/v8/finance/chart/IIIN?range=2y&interval=1d&includeAdjustedClose=true
IIM,Invesco Value Municipal Income Trust Common Stock,kurs/technika,"średni obrót < 2 mln USD; F3: beta <= 1,2 lub brak danych; F4: kurs mniej niż 25% pod 52-tyg. szczytem; F5: kurs pod SMA50",https://query1.finance.yahoo.com/v8/finance/chart/IIM?range=2y&interval=1d&includeAdjustedClose=true
IIPR,Innovative Industrial Properties Inc. Common Stock,kurs/technika,"F3: beta <= 1,2 lub brak danych; F4: kurs mniej niż 25% pod 52-tyg. szczytem; F5: kurs pod SMA50",https://query1.finance.yahoo.com/v8/finance/chart/IIPR?range=2y&interval=1d&includeAdjustedClose=true
IMAX,Imax Corporation Common Stock,kurs/technika,"F3: beta <= 1,2 lub brak danych; F4: kurs mniej niż 25% pod 52-tyg. szczytem",https://query1.finance.yahoo.com/v8/finance/chart/IMAX?range=2y&interval=1d&includeAdjustedClose=true
INFQ,Infleqtion Inc. Common Stock,kurs/technika,"F3: beta <= 1,2 lub brak danych; F5: kurs pod SMA50",https://query1.finance.yahoo.com/v8/finance/chart/INFQ?range=2y&interval=1d&includeAdjustedClose=true
INR,Infinity Natural Resources Inc. Class A Common Stock,kurs/technika,"F3: beta <= 1,2 lub brak danych; F5: kurs pod SMA50",https://query1.finance.yahoo.com/v8/finance/chart/INR?range=2y&interval=1d&includeAdjustedClose=true
INSP,Inspire Medical Systems Inc. Common Stock,kurs/technika,"F3: beta <= 1,2 lub brak danych",https://query1.finance.yahoo.com/v8/finance/chart/INSP?range=2y&interval=1d&includeAdjustedClose=true
INVX,Innovex International Inc. Common Stock,kurs/technika,"F3: beta <= 1,2 lub brak danych; F4: kurs mniej niż 25% pod 52-tyg. szczytem; F5: kurs pod SMA50",https://query1.finance.yahoo.com/v8/finance/chart/INVX?range=2y&interval=1d&includeAdjustedClose=true
IPI,Intrepid Potash Inc Common Stock,kurs/technika,"F3: beta <= 1,2 lub brak danych; F5: kurs pod SMA50",https://query1.finance.yahoo.com/v8/finance/chart/IPI?range=2y&interval=1d&includeAdjustedClose=true
IQI,Invesco Quality Municipal Income Trust Common Stock,kurs/technika,"F3: beta <= 1,2 lub brak danych; F4: kurs mniej niż 25% pod 52-tyg. szczytem; F5: kurs pod SMA50",https://query1.finance.yahoo.com/v8/finance/chart/IQI?range=2y&interval=1d&includeAdjustedClose=true
IRS,IRSA Inversiones Y Representaciones S.A. Global Depositary Shares (Each representing ten shares of Common Stock),kurs/technika,"F3: beta <= 1,2 lub brak danych; F5: kurs pod SMA50",https://query1.finance.yahoo.com/v8/finance/chart/IRS?range=2y&interval=1d&includeAdjustedClose=true
JBI,Janus International Group Inc. Common Stock,kurs/technika,F5: kurs pod SMA50,https://query1.finance.yahoo.com/v8/finance/chart/JBI?range=2y&interval=1d&includeAdjustedClose=true
JILL,J. Jill Inc. Common Stock,kurs/technika,"F3: beta <= 1,2 lub brak danych; F4: kurs mniej niż 25% pod 52-tyg. szczytem",https://query1.finance.yahoo.com/v8/finance/chart/JILL?range=2y&interval=1d&includeAdjustedClose=true
JMIA,Jumia Technologies AG American Depositary Shares each representing two Ordinary Shares,kurs/technika,F5: kurs pod SMA50,https://query1.finance.yahoo.com/v8/finance/chart/JMIA?range=2y&interval=1d&includeAdjustedClose=true
KAI,Kadant Inc Common Stock,kurs/technika,F5: kurs pod SMA50,https://query1.finance.yahoo.com/v8/finance/chart/KAI?range=2y&interval=1d&includeAdjustedClose=true
KBDC,Kayne Anderson BDC Inc. Common Stock,kurs/technika,"F3: beta <= 1,2 lub brak danych; F4: kurs mniej niż 25% pod 52-tyg. szczytem; F5: kurs pod SMA50",https://query1.finance.yahoo.com/v8/finance/chart/KBDC?range=2y&interval=1d&includeAdjustedClose=true
KBH,KB Home Common Stock,kurs/technika,"F3: beta <= 1,2 lub brak danych; F5: kurs pod SMA50",https://query1.finance.yahoo.com/v8/finance/chart/KBH?range=2y&interval=1d&includeAdjustedClose=true
KD,Kyndryl Holdings Inc. Common Stock,kurs/technika,F5: kurs pod SMA50,https://query1.finance.yahoo.com/v8/finance/chart/KD?range=2y&interval=1d&includeAdjustedClose=true
KEN,Kenon Holdings Ltd. Ordinary Shares,kurs/technika,"średni obrót < 2 mln USD; F3: beta <= 1,2 lub brak danych; F5: kurs pod SMA50",https://query1.finance.yahoo.com/v8/finance/chart/KEN?range=2y&interval=1d&includeAdjustedClose=true
KFRC,Kforce Inc. Common Stock,kurs/technika,"F3: beta <= 1,2 lub brak danych; F4: kurs mniej niż 25% pod 52-tyg. szczytem; F5: kurs pod SMA50",https://query1.finance.yahoo.com/v8/finance/chart/KFRC?range=2y&interval=1d&includeAdjustedClose=true
KMPR,Kemper Corporation,kurs/technika,"F3: beta <= 1,2 lub brak danych; F5: kurs pod SMA50",https://query1.finance.yahoo.com/v8/finance/chart/KMPR?range=2y&interval=1d&includeAdjustedClose=true
KMT,Kennametal Inc. Common Stock,kurs/technika,"F3: beta <= 1,2 lub brak danych",https://query1.finance.yahoo.com/v8/finance/chart/KMT?range=2y&interval=1d&includeAdjustedClose=true
KN,Knowles Corporation Common Stock,kurs/technika,F4: kurs mniej niż 25% pod 52-tyg. szczytem,https://query1.finance.yahoo.com/v8/finance/chart/KN?range=2y&interval=1d&includeAdjustedClose=true
KNF,Knife Riv Holding Co. Common Stock,kurs/technika,"F3: beta <= 1,2 lub brak danych; F5: kurs pod SMA50",https://query1.finance.yahoo.com/v8/finance/chart/KNF?range=2y&interval=1d&includeAdjustedClose=true
KOP,Koppers Holdings Inc. Common Stock,kurs/technika,"F3: beta <= 1,2 lub brak danych; F4: kurs mniej niż 25% pod 52-tyg. szczytem; F5: kurs pod SMA50",https://query1.finance.yahoo.com/v8/finance/chart/KOP?range=2y&interval=1d&includeAdjustedClose=true
KOS,Kosmos Energy Ltd. Common Shares (DE),kurs/technika,"F3: beta <= 1,2 lub brak danych; F4: kurs mniej niż 25% pod 52-tyg. szczytem; F5: kurs pod SMA50",https://query1.finance.yahoo.com/v8/finance/chart/KOS?range=2y&interval=1d&includeAdjustedClose=true
KRO,Kronos Worldwide Inc Common Stock,kurs/technika,F4: kurs mniej niż 25% pod 52-tyg. szczytem; F5: kurs pod SMA50,https://query1.finance.yahoo.com/v8/finance/chart/KRO?range=2y&interval=1d&includeAdjustedClose=true
KSS,Kohl's Corporation Common Stock,kurs/technika,F4: kurs mniej niż 25% pod 52-tyg. szczytem,https://query1.finance.yahoo.com/v8/finance/chart/KSS?range=2y&interval=1d&includeAdjustedClose=true
KTF,DWS Municipal Income Trust,kurs/technika,"F3: beta <= 1,2 lub brak danych; F4: kurs mniej niż 25% pod 52-tyg. szczytem; F5: kurs pod SMA50",https://query1.finance.yahoo.com/v8/finance/chart/KTF?range=2y&interval=1d&includeAdjustedClose=true
KWR,Quaker Houghton Common Stock,kurs/technika,"F3: beta <= 1,2 lub brak danych; F4: kurs mniej niż 25% pod 52-tyg. szczytem; F5: kurs pod SMA50",https://query1.finance.yahoo.com/v8/finance/chart/KWR?range=2y&interval=1d&includeAdjustedClose=true
KWY,Kingsway Corporation Common Stock,kurs/technika,"średni obrót < 2 mln USD; F3: beta <= 1,2 lub brak danych; F5: kurs pod SMA50",https://query1.finance.yahoo.com/v8/finance/chart/KWY?range=2y&interval=1d&includeAdjustedClose=true
KYN,Kayne Anderson Energy Infrastructure Fund Inc.,kurs/technika,"F3: beta <= 1,2 lub brak danych; F4: kurs mniej niż 25% pod 52-tyg. szczytem; F5: kurs pod SMA50",https://query1.finance.yahoo.com/v8/finance/chart/KYN?range=2y&interval=1d&includeAdjustedClose=true
LAC,Lithium Americas Corp. Common Shares,kurs/technika,"F3: beta <= 1,2 lub brak danych; F5: kurs pod SMA50",https://query1.finance.yahoo.com/v8/finance/chart/LAC?range=2y&interval=1d&includeAdjustedClose=true
LAR,Lithium Argentina AG Common Shares,kurs/technika,F5: kurs pod SMA50,https://query1.finance.yahoo.com/v8/finance/chart/LAR?range=2y&interval=1d&includeAdjustedClose=true
LAW,CS Disco Inc. Common Stock,kurs/technika,"średni obrót < 2 mln USD; F3: beta <= 1,2 lub brak danych",https://query1.finance.yahoo.com/v8/finance/chart/LAW?range=2y&interval=1d&includeAdjustedClose=true
LBRT,Liberty Energy Inc. Class A common stock,kurs/technika,F5: kurs pod SMA50,https://query1.finance.yahoo.com/v8/finance/chart/LBRT?range=2y&interval=1d&includeAdjustedClose=true
LCII,LCI Industries,kurs/technika,"F3: beta <= 1,2 lub brak danych; F5: kurs pod SMA50",https://query1.finance.yahoo.com/v8/finance/chart/LCII?range=2y&interval=1d&includeAdjustedClose=true
LCLN,Lincoln International Inc. Class A Common Stock,kurs,za krótka historia notowań (98 sesji),
LEO,BNY Mellon Strategic Municipals Inc. Common Stock,kurs/technika,"średni obrót < 2 mln USD; F3: beta <= 1,2 lub brak danych; F4: kurs mniej niż 25% pod 52-tyg. szczytem; F5: kurs pod SMA50",https://query1.finance.yahoo.com/v8/finance/chart/LEO?range=2y&interval=1d&includeAdjustedClose=true
LEU,Centrus Energy Corp. Class A Common Stock,kurs/technika,F5: kurs pod SMA50,https://query1.finance.yahoo.com/v8/finance/chart/LEU?range=2y&interval=1d&includeAdjustedClose=true
LND,Brasilagro Brazilian Agric Real Estate Co Sponsored ADR (Brazil),kurs/technika,"średni obrót < 2 mln USD; F3: beta <= 1,2 lub brak danych; F4: kurs mniej niż 25% pod 52-tyg. szczytem",https://query1.finance.yahoo.com/v8/finance/chart/LND?range=2y&interval=1d&includeAdjustedClose=true
LNN,Lindsay Corporation Common Stock,kurs/technika,"F3: beta <= 1,2 lub brak danych; F4: kurs mniej niż 25% pod 52-tyg. szczytem; F5: kurs pod SMA50",https://query1.finance.yahoo.com/v8/finance/chart/LNN?range=2y&interval=1d&includeAdjustedClose=true
LOB,Live Oak Bancshares Inc. Common Stock,kurs/technika,"F3: beta <= 1,2 lub brak danych; F4: kurs mniej niż 25% pod 52-tyg. szczytem; F5: kurs pod SMA50",https://query1.finance.yahoo.com/v8/finance/chart/LOB?range=2y&interval=1d&includeAdjustedClose=true
LOMA,Loma Negra Compania Industrial Argentina Sociedad Anonima ADS,kurs/technika,"F3: beta <= 1,2 lub brak danych",https://query1.finance.yahoo.com/v8/finance/chart/LOMA?range=2y&interval=1d&includeAdjustedClose=true
LPG,Dorian LPG Ltd. Common Stock,kurs/technika,"F3: beta <= 1,2 lub brak danych; F4: kurs mniej niż 25% pod 52-tyg. szczytem",https://query1.finance.yahoo.com/v8/finance/chart/LPG?range=2y&interval=1d&includeAdjustedClose=true
LPL,LG Display Co Ltd AMERICAN DEPOSITORY SHARES,kurs/technika,F5: kurs pod SMA50,https://query1.finance.yahoo.com/v8/finance/chart/LPL?range=2y&interval=1d&includeAdjustedClose=true
LUCK,Lucky Strike Entertainment Corporation Class A Common Stock,kurs/technika,średni obrót < 2 mln USD; F5: kurs pod SMA50,https://query1.finance.yahoo.com/v8/finance/chart/LUCK?range=2y&interval=1d&includeAdjustedClose=true
LUXE,LuxExperience B.V. American Depositary Shares each representing one Ordinary Share,kurs/technika,średni obrót < 2 mln USD; F4: kurs mniej niż 25% pod 52-tyg. szczytem,https://query1.finance.yahoo.com/v8/finance/chart/LUXE?range=2y&interval=1d&includeAdjustedClose=true
LVWR,LiveWire Group Inc. Common Stock,kurs/technika,średni obrót < 2 mln USD,https://query1.finance.yahoo.com/v8/finance/chart/LVWR?range=2y&interval=1d&includeAdjustedClose=true
LXU,LSB Industries Inc. Common Stock,kurs/technika,"F3: beta <= 1,2 lub brak danych; F5: kurs pod SMA50",https://query1.finance.yahoo.com/v8/finance/chart/LXU?range=2y&interval=1d&includeAdjustedClose=true
LYNX,Lyntris Inc. Common Stock,kurs,za krótka historia notowań (36 sesji),
LZB,La-Z-Boy Incorporated Common Stock,kurs/technika,"F3: beta <= 1,2 lub brak danych; F5: kurs pod SMA50",https://query1.finance.yahoo.com/v8/finance/chart/LZB?range=2y&interval=1d&includeAdjustedClose=true
LZM,Lifezone Metals Limited Ordinary Shares,kurs/technika,średni obrót < 2 mln USD; F5: kurs pod SMA50,https://query1.finance.yahoo.com/v8/finance/chart/LZM?range=2y&interval=1d&includeAdjustedClose=true
MAGN,Magnera Corporation Common Stock,kurs/technika,"F3: beta <= 1,2 lub brak danych; F5: kurs pod SMA50",https://query1.finance.yahoo.com/v8/finance/chart/MAGN?range=2y&interval=1d&includeAdjustedClose=true
MAN,ManpowerGroup Common Stock,kurs/technika,"F3: beta <= 1,2 lub brak danych; F4: kurs mniej niż 25% pod 52-tyg. szczytem; F5: kurs pod SMA50",https://query1.finance.yahoo.com/v8/finance/chart/MAN?range=2y&interval=1d&includeAdjustedClose=true
MATV,Mativ Holdings Inc. Common Stock,kurs/technika,F4: kurs mniej niż 25% pod 52-tyg. szczytem; F5: kurs pod SMA50,https://query1.finance.yahoo.com/v8/finance/chart/MATV?range=2y&interval=1d&includeAdjustedClose=true
MAX,MediaAlpha Inc. Class A Common Stock,kurs/technika,"F3: beta <= 1,2 lub brak danych; F5: kurs pod SMA50",https://query1.finance.yahoo.com/v8/finance/chart/MAX?range=2y&interval=1d&includeAdjustedClose=true
MBC,MasterBrand Inc. Common Stock,kurs/technika,F5: kurs pod SMA50,https://query1.finance.yahoo.com/v8/finance/chart/MBC?range=2y&interval=1d&includeAdjustedClose=true
MCB,Metropolitan Bank Holding Corp. Common Stock,kurs/technika,"F3: beta <= 1,2 lub brak danych; F4: kurs mniej niż 25% pod 52-tyg. szczytem; F5: kurs pod SMA50",https://query1.finance.yahoo.com/v8/finance/chart/MCB?range=2y&interval=1d&includeAdjustedClose=true
MCI,Barings Corporate Investors Common Stock,kurs/technika,"średni obrót < 2 mln USD; F3: beta <= 1,2 lub brak danych; F4: kurs mniej niż 25% pod 52-tyg. szczytem",https://query1.finance.yahoo.com/v8/finance/chart/MCI?range=2y&interval=1d&includeAdjustedClose=true
MCS,Marcus Corporation (The) Common Stock,kurs/technika,"F3: beta <= 1,2 lub brak danych; F4: kurs mniej niż 25% pod 52-tyg. szczytem; F5: kurs pod SMA50",https://query1.finance.yahoo.com/v8/finance/chart/MCS?range=2y&interval=1d&includeAdjustedClose=true
MD,Pediatrix Medical Group Inc. Common Stock,kurs/technika,"F3: beta <= 1,2 lub brak danych; F4: kurs mniej niż 25% pod 52-tyg. szczytem; F5: kurs pod SMA50",https://query1.finance.yahoo.com/v8/finance/chart/MD?range=2y&interval=1d&includeAdjustedClose=true
MEC,Mayville Engineering Company Inc. Common Stock,kurs/technika,"F3: beta <= 1,2 lub brak danych; F5: kurs pod SMA50",https://query1.finance.yahoo.com/v8/finance/chart/MEC?range=2y&interval=1d&includeAdjustedClose=true
MEI,Methode Electronics Inc. Common Stock,kurs/technika,F4: kurs mniej niż 25% pod 52-tyg. szczytem,https://query1.finance.yahoo.com/v8/finance/chart/MEI?range=2y&interval=1d&includeAdjustedClose=true
MG,Mistras Group Inc Common Stock,kurs/technika,"F3: beta <= 1,2 lub brak danych; F4: kurs mniej niż 25% pod 52-tyg. szczytem",https://query1.finance.yahoo.com/v8/finance/chart/MG?range=2y&interval=1d&includeAdjustedClose=true
MH,McGraw Hill Inc. Common Stock,kurs/technika,"F3: beta <= 1,2 lub brak danych",https://query1.finance.yahoo.com/v8/finance/chart/MH?range=2y&interval=1d&includeAdjustedClose=true
MHD,Blackrock MuniHoldings Fund Inc. Common Stock,kurs/technika,"F3: beta <= 1,2 lub brak danych; F4: kurs mniej niż 25% pod 52-tyg. szczytem; F5: kurs pod SMA50",https://query1.finance.yahoo.com/v8/finance/chart/MHD?range=2y&interval=1d&includeAdjustedClose=true
MHO,M/I Homes Inc. Common Stock,kurs/technika,"F3: beta <= 1,2 lub brak danych; F4: kurs mniej niż 25% pod 52-tyg. szczytem; F5: kurs pod SMA50",https://query1.finance.yahoo.com/v8/finance/chart/MHO?range=2y&interval=1d&includeAdjustedClose=true
MIAX,Miami International Holdings Inc. Common Stock,kurs/technika,"F3: beta <= 1,2 lub brak danych; F5: kurs pod SMA50",https://query1.finance.yahoo.com/v8/finance/chart/MIAX?range=2y&interval=1d&includeAdjustedClose=true
MIY,Blackrock MuniYield Michigan Quality Fund Inc. Common Stock,kurs/technika,"średni obrót < 2 mln USD; F3: beta <= 1,2 lub brak danych; F4: kurs mniej niż 25% pod 52-tyg. szczytem; F5: kurs pod SMA50",https://query1.finance.yahoo.com/v8/finance/chart/MIY?range=2y&interval=1d&includeAdjustedClose=true
MLP,Maui Land & Pineapple Company Inc. Common Stock,kurs/technika,"średni obrót < 2 mln USD; F3: beta <= 1,2 lub brak danych; F5: kurs pod SMA50",https://query1.finance.yahoo.com/v8/finance/chart/MLP?range=2y&interval=1d&includeAdjustedClose=true
MLR,Miller Industries Inc. Common Stock,kurs/technika,"F3: beta <= 1,2 lub brak danych; F4: kurs mniej niż 25% pod 52-tyg. szczytem; F5: kurs pod SMA50",https://query1.finance.yahoo.com/v8/finance/chart/MLR?range=2y&interval=1d&includeAdjustedClose=true
MMI,Marcus & Millichap Inc. Common Stock,kurs/technika,"F3: beta <= 1,2 lub brak danych; F4: kurs mniej niż 25% pod 52-tyg. szczytem; F5: kurs pod SMA50",https://query1.finance.yahoo.com/v8/finance/chart/MMI?range=2y&interval=1d&includeAdjustedClose=true
MMS,Maximus Inc. Common Stock,kurs/technika,"F3: beta <= 1,2 lub brak danych",https://query1.finance.yahoo.com/v8/finance/chart/MMS?range=2y&interval=1d&includeAdjustedClose=true
MNTN,MNTN Inc. Class A Common Stock,kurs/technika,F5: kurs pod SMA50,https://query1.finance.yahoo.com/v8/finance/chart/MNTN?range=2y&interval=1d&includeAdjustedClose=true
MOV,Movado Group Inc. Common Stock,kurs/technika,F4: kurs mniej niż 25% pod 52-tyg. szczytem; F5: kurs pod SMA50,https://query1.finance.yahoo.com/v8/finance/chart/MOV?range=2y&interval=1d&includeAdjustedClose=true
MQY,Blackrock MuniYield Quality Fund Inc. Common Stock,kurs/technika,"F3: beta <= 1,2 lub brak danych; F4: kurs mniej niż 25% pod 52-tyg. szczytem; F5: kurs pod SMA50",https://query1.finance.yahoo.com/v8/finance/chart/MQY?range=2y&interval=1d&includeAdjustedClose=true
MSIF,MSC Income Fund Inc. Common Stock,kurs/technika,"F3: beta <= 1,2 lub brak danych; F4: kurs mniej niż 25% pod 52-tyg. szczytem; F5: kurs pod SMA50",https://query1.finance.yahoo.com/v8/finance/chart/MSIF?range=2y&interval=1d&includeAdjustedClose=true
MTUS,Metallus Inc. Common Shares,kurs/technika,F4: kurs mniej niż 25% pod 52-tyg. szczytem; F5: kurs pod SMA50,https://query1.finance.yahoo.com/v8/finance/chart/MTUS?range=2y&interval=1d&includeAdjustedClose=true
MTW,Manitowoc Company Inc. (The) Common Stock,kurs/technika,F4: kurs mniej niż 25% pod 52-tyg. szczytem,https://query1.finance.yahoo.com/v8/finance/chart/MTW?range=2y&interval=1d&includeAdjustedClose=true
MTX,Minerals Technologies Inc. Common Stock,kurs/technika,"F3: beta <= 1,2 lub brak danych; F4: kurs mniej niż 25% pod 52-tyg. szczytem; F5: kurs pod SMA50",https://query1.finance.yahoo.com/v8/finance/chart/MTX?range=2y&interval=1d&includeAdjustedClose=true
MUA,Blackrock MuniAssets Fund Inc Common Stock,kurs/technika,"F3: beta <= 1,2 lub brak danych; F4: kurs mniej niż 25% pod 52-tyg. szczytem; F5: kurs pod SMA50",https://query1.finance.yahoo.com/v8/finance/chart/MUA?range=2y&interval=1d&includeAdjustedClose=true
MUC,Blackrock MuniHoldings California Quality Fund Inc.  Common Stock,kurs/technika,"F3: beta <= 1,2 lub brak danych; F4: kurs mniej niż 25% pod 52-tyg. szczytem; F5: kurs pod SMA50",https://query1.finance.yahoo.com/v8/finance/chart/MUC?range=2y&interval=1d&includeAdjustedClose=true
MUJ,Blackrock MuniHoldings New Jersey Quality Fund Inc. Common Stock,kurs/technika,"średni obrót < 2 mln USD; F3: beta <= 1,2 lub brak danych; F4: kurs mniej niż 25% pod 52-tyg. szczytem; F5: kurs pod SMA50",https://query1.finance.yahoo.com/v8/finance/chart/MUJ?range=2y&interval=1d&includeAdjustedClose=true
MUX,McEwen Inc. Common Stock,kurs/technika,F5: kurs pod SMA50,https://query1.finance.yahoo.com/v8/finance/chart/MUX?range=2y&interval=1d&includeAdjustedClose=true
MYE,Myers Industries Inc. Common Stock,kurs/technika,"F3: beta <= 1,2 lub brak danych; F4: kurs mniej niż 25% pod 52-tyg. szczytem; F5: kurs pod SMA50",https://query1.finance.yahoo.com/v8/finance/chart/MYE?range=2y&interval=1d&includeAdjustedClose=true
MYI,Blackrock MuniYield Quality Fund III Inc Common Stock,kurs/technika,"F3: beta <= 1,2 lub brak danych; F4: kurs mniej niż 25% pod 52-tyg. szczytem; F5: kurs pod SMA50",https://query1.finance.yahoo.com/v8/finance/chart/MYI?range=2y&interval=1d&includeAdjustedClose=true
NABL,N-able Inc. Common Stock,kurs/technika,"F3: beta <= 1,2 lub brak danych",https://query1.finance.yahoo.com/v8/finance/chart/NABL?range=2y&interval=1d&includeAdjustedClose=true
NAN,Nuveen New York Quality Municipal Income Fund Common Stock,kurs/technika,"średni obrót < 2 mln USD; F3: beta <= 1,2 lub brak danych; F4: kurs mniej niż 25% pod 52-tyg. szczytem; F5: kurs pod SMA50",https://query1.finance.yahoo.com/v8/finance/chart/NAN?range=2y&interval=1d&includeAdjustedClose=true
NAT,Nordic American Tankers Limited Common Stock,kurs/technika,"F3: beta <= 1,2 lub brak danych; F4: kurs mniej niż 25% pod 52-tyg. szczytem",https://query1.finance.yahoo.com/v8/finance/chart/NAT?range=2y&interval=1d&includeAdjustedClose=true
NBHC,National Bank Holdings Corporation Common Stock,kurs/technika,"F3: beta <= 1,2 lub brak danych; F4: kurs mniej niż 25% pod 52-tyg. szczytem; F5: kurs pod SMA50",https://query1.finance.yahoo.com/v8/finance/chart/NBHC?range=2y&interval=1d&includeAdjustedClose=true
NBR,Nabors Industries Ltd.,kurs/technika,"F3: beta <= 1,2 lub brak danych; F5: kurs pod SMA50",https://query1.finance.yahoo.com/v8/finance/chart/NBR?range=2y&interval=1d&includeAdjustedClose=true
NC,NACCO Industries Inc. Common Stock,kurs/technika,"średni obrót < 2 mln USD; F3: beta <= 1,2 lub brak danych; F5: kurs pod SMA50",https://query1.finance.yahoo.com/v8/finance/chart/NC?range=2y&interval=1d&includeAdjustedClose=true
NCDL,Nuveen Churchill Direct Lending Corp. Common Stock,kurs/technika,"F3: beta <= 1,2 lub brak danych; F5: kurs pod SMA50",https://query1.finance.yahoo.com/v8/finance/chart/NCDL?range=2y&interval=1d&includeAdjustedClose=true
NCV,Virtus Convertible & Income Fund Common Shares of Beneficial Interest,kurs/technika,"średni obrót < 2 mln USD; F3: beta <= 1,2 lub brak danych; F4: kurs mniej niż 25% pod 52-tyg. szczytem; F5: kurs pod SMA50",https://query1.finance.yahoo.com/v8/finance/chart/NCV?range=2y&interval=1d&includeAdjustedClose=true
NCZ,Virtus Convertible & Income Fund II Common Shares of Beneficial Interest,kurs/technika,"średni obrót < 2 mln USD; F3: beta <= 1,2 lub brak danych; F4: kurs mniej niż 25% pod 52-tyg. szczytem; F5: kurs pod SMA50",https://query1.finance.yahoo.com/v8/finance/chart/NCZ?range=2y&interval=1d&includeAdjustedClose=true
NDMO,Nuveen Dynamic Municipal Opportunities Fund Common Shares of Beneficial Interest,kurs/technika,"F3: beta <= 1,2 lub brak danych; F4: kurs mniej niż 25% pod 52-tyg. szczytem; F5: kurs pod SMA50",https://query1.finance.yahoo.com/v8/finance/chart/NDMO?range=2y&interval=1d&includeAdjustedClose=true
NEXA,Nexa Resources S.A. Common Shares,kurs/technika,"F3: beta <= 1,2 lub brak danych; F5: kurs pod SMA50",https://query1.finance.yahoo.com/v8/finance/chart/NEXA?range=2y&interval=1d&includeAdjustedClose=true
NGS,Natural Gas Services Group Inc. Common Stock,kurs/technika,"F3: beta <= 1,2 lub brak danych; F5: kurs pod SMA50",https://query1.finance.yahoo.com/v8/finance/chart/NGS?range=2y&interval=1d&includeAdjustedClose=true
NGVC,Natural Grocers by Vitamin Cottage Inc. Common Stock,kurs/technika,"F3: beta <= 1,2 lub brak danych",https://query1.finance.yahoo.com/v8/finance/chart/NGVC?range=2y&interval=1d&includeAdjustedClose=true
NGVT,Ingevity Corporation Common Stock,kurs/technika,F4: kurs mniej niż 25% pod 52-tyg. szczytem,https://query1.finance.yahoo.com/v8/finance/chart/NGVT?range=2y&interval=1d&includeAdjustedClose=true
NIE,Virtus Equity & Convertible Income Fund Common Shares of Beneficial Interest,kurs/technika,"średni obrót < 2 mln USD; F3: beta <= 1,2 lub brak danych; F4: kurs mniej niż 25% pod 52-tyg. szczytem; F5: kurs pod SMA50",https://query1.finance.yahoo.com/v8/finance/chart/NIE?range=2y&interval=1d&includeAdjustedClose=true
NL,NLI Holdings Inc. Common Stock,kurs/technika,"średni obrót < 2 mln USD; F3: beta <= 1,2 lub brak danych; F4: kurs mniej niż 25% pod 52-tyg. szczytem",https://query1.finance.yahoo.com/v8/finance/chart/NL?range=2y&interval=1d&includeAdjustedClose=true
NMAX,Newsmax Inc. Class B Common Stock,kurs/technika,"F3: beta <= 1,2 lub brak danych; F4: kurs mniej niż 25% pod 52-tyg. szczytem",https://query1.finance.yahoo.com/v8/finance/chart/NMAX?range=2y&interval=1d&includeAdjustedClose=true
NMCO,Nuveen Municipal Credit Opportunities Fund Common Shares,kurs/technika,"F3: beta <= 1,2 lub brak danych; F4: kurs mniej niż 25% pod 52-tyg. szczytem; F5: kurs pod SMA50",https://query1.finance.yahoo.com/v8/finance/chart/NMCO?range=2y&interval=1d&includeAdjustedClose=true
NMG,Nouveau Monde Graphite Inc. Common Shares,kurs/technika,"średni obrót < 2 mln USD; F3: beta <= 1,2 lub brak danych; F5: kurs pod SMA50",https://query1.finance.yahoo.com/v8/finance/chart/NMG?range=2y&interval=1d&includeAdjustedClose=true
NOA,North American Construction Group Ltd. Common Shares (no par),kurs/technika,"średni obrót < 2 mln USD; F3: beta <= 1,2 lub brak danych; F5: kurs pod SMA50",https://query1.finance.yahoo.com/v8/finance/chart/NOA?range=2y&interval=1d&includeAdjustedClose=true
NOG,Northern Oil and Gas Inc. Common Stock,kurs/technika,"F3: beta <= 1,2 lub brak danych; F4: kurs mniej niż 25% pod 52-tyg. szczytem",https://query1.finance.yahoo.com/v8/finance/chart/NOG?range=2y&interval=1d&includeAdjustedClose=true
NOMD,Nomad Foods Limited Ordinary Shares,kurs/technika,"F3: beta <= 1,2 lub brak danych; F4: kurs mniej niż 25% pod 52-tyg. szczytem; F5: kurs pod SMA50",https://query1.finance.yahoo.com/v8/finance/chart/NOMD?range=2y&interval=1d&includeAdjustedClose=true
NPB,Northpointe Bancshares Inc. Common Stock,kurs/technika,"F3: beta <= 1,2 lub brak danych; F4: kurs mniej niż 25% pod 52-tyg. szczytem; F5: kurs pod SMA50",https://query1.finance.yahoo.com/v8/finance/chart/NPB?range=2y&interval=1d&includeAdjustedClose=true
NPK,National Presto Industries Inc. Common Stock,kurs/technika,"F3: beta <= 1,2 lub brak danych; F4: kurs mniej niż 25% pod 52-tyg. szczytem",https://query1.finance.yahoo.com/v8/finance/chart/NPK?range=2y&interval=1d&includeAdjustedClose=true
NPKI,NPK International Inc. Common Stock,kurs/technika,"F3: beta <= 1,2 lub brak danych; F5: kurs pod SMA50",https://query1.finance.yahoo.com/v8/finance/chart/NPKI?range=2y&interval=1d&includeAdjustedClose=true
NPWR,NET Power Inc. Class A Common Stock,kurs/technika,średni obrót < 2 mln USD; F5: kurs pod SMA50,https://query1.finance.yahoo.com/v8/finance/chart/NPWR?range=2y&interval=1d&includeAdjustedClose=true
NRGV,Energy Vault Holdings Inc. Common Stock,kurs/technika,F5: kurs pod SMA50,https://query1.finance.yahoo.com/v8/finance/chart/NRGV?range=2y&interval=1d&includeAdjustedClose=true
NRP,Natural Resource Partners LP Limited Partnership,kurs/technika,"F3: beta <= 1,2 lub brak danych; F4: kurs mniej niż 25% pod 52-tyg. szczytem",https://query1.finance.yahoo.com/v8/finance/chart/NRP?range=2y&interval=1d&includeAdjustedClose=true
NSP,Insperity Inc. Common Stock,kurs/technika,"F3: beta <= 1,2 lub brak danych; F4: kurs mniej niż 25% pod 52-tyg. szczytem; F5: kurs pod SMA50",https://query1.finance.yahoo.com/v8/finance/chart/NSP?range=2y&interval=1d&includeAdjustedClose=true
NTB,Bank of N.T. Butterfield & Son Limited (The) Voting Ordinary Shares,kurs/technika,"F3: beta <= 1,2 lub brak danych; F4: kurs mniej niż 25% pod 52-tyg. szczytem; F5: kurs pod SMA50",https://query1.finance.yahoo.com/v8/finance/chart/NTB?range=2y&interval=1d&includeAdjustedClose=true
NUVB,Nuvation Bio Inc. Class A Common Stock,kurs/technika,F5: kurs pod SMA50,https://query1.finance.yahoo.com/v8/finance/chart/NUVB?range=2y&interval=1d&includeAdjustedClose=true
NVGS,Navigator Holdings Ltd. Ordinary Shares (Marshall Islands),kurs/technika,"F3: beta <= 1,2 lub brak danych; F4: kurs mniej niż 25% pod 52-tyg. szczytem",https://query1.finance.yahoo.com/v8/finance/chart/NVGS?range=2y&interval=1d&includeAdjustedClose=true
NVRI,Enviri Corporation Common Stock,kurs/technika,"F3: beta <= 1,2 lub brak danych; F4: kurs mniej niż 25% pod 52-tyg. szczytem; F5: kurs pod SMA50",https://query1.finance.yahoo.com/v8/finance/chart/NVRI?range=2y&interval=1d&includeAdjustedClose=true
NWN,Northwest Natural Holding Company Common Stock,kurs/technika,"F3: beta <= 1,2 lub brak danych; F4: kurs mniej niż 25% pod 52-tyg. szczytem; F5: kurs pod SMA50",https://query1.finance.yahoo.com/v8/finance/chart/NWN?range=2y&interval=1d&includeAdjustedClose=true
NX,Quanex Building Products Corporation Common Stock,kurs/technika,F4: kurs mniej niż 25% pod 52-tyg. szczytem; F5: kurs pod SMA50,https://query1.finance.yahoo.com/v8/finance/chart/NX?range=2y&interval=1d&includeAdjustedClose=true
NXP,Nuveen Select Tax Free Income Portfolio Common Stock,kurs/technika,"F3: beta <= 1,2 lub brak danych; F4: kurs mniej niż 25% pod 52-tyg. szczytem; F5: kurs pod SMA50",https://query1.finance.yahoo.com/v8/finance/chart/NXP?range=2y&interval=1d&includeAdjustedClose=true
OBK,Origin Bancorp Inc. Common Stock,kurs/technika,"F3: beta <= 1,2 lub brak danych; F4: kurs mniej niż 25% pod 52-tyg. szczytem; F5: kurs pod SMA50",https://query1.finance.yahoo.com/v8/finance/chart/OBK?range=2y&interval=1d&includeAdjustedClose=true
ODC,Oil-Dri Corporation Of America Common Stock,kurs/technika,"F3: beta <= 1,2 lub brak danych; F4: kurs mniej niż 25% pod 52-tyg. szczytem; F5: kurs pod SMA50",https://query1.finance.yahoo.com/v8/finance/chart/ODC?range=2y&interval=1d&includeAdjustedClose=true
OEC,Orion S.A. Common Shares,kurs/technika,"F3: beta <= 1,2 lub brak danych; F5: kurs pod SMA50",https://query1.finance.yahoo.com/v8/finance/chart/OEC?range=2y&interval=1d&includeAdjustedClose=true
OFG,OFG Bancorp Common Stock,kurs/technika,"F3: beta <= 1,2 lub brak danych; F4: kurs mniej niż 25% pod 52-tyg. szczytem; F5: kurs pod SMA50",https://query1.finance.yahoo.com/v8/finance/chart/OFG?range=2y&interval=1d&includeAdjustedClose=true
OFRM,Once Upon a Farm PBC Common Stock,kurs/technika,"F3: beta <= 1,2 lub brak danych; F5: kurs pod SMA50",https://query1.finance.yahoo.com/v8/finance/chart/OFRM?range=2y&interval=1d&includeAdjustedClose=true
OGG,Osisko Gold Group Inc. Common Shares,kurs/technika,"F3: beta <= 1,2 lub brak danych; F5: kurs pod SMA50",https://query1.finance.yahoo.com/v8/finance/chart/OGG?range=2y&interval=1d&includeAdjustedClose=true
OI,O-I Glass Inc. Common Stock,kurs/technika,"F3: beta <= 1,2 lub brak danych; F5: kurs pod SMA50",https://query1.finance.yahoo.com/v8/finance/chart/OI?range=2y&interval=1d&includeAdjustedClose=true
OIA,Invesco Municipal Income Opportunities Trust Common Stock,kurs/technika,"średni obrót < 2 mln USD; F3: beta <= 1,2 lub brak danych; F4: kurs mniej niż 25% pod 52-tyg. szczytem; F5: kurs pod SMA50",https://query1.finance.yahoo.com/v8/finance/chart/OIA?range=2y&interval=1d&includeAdjustedClose=true
OIS,Oil States International Inc. Common Stock,kurs/technika,F5: kurs pod SMA50,https://query1.finance.yahoo.com/v8/finance/chart/OIS?range=2y&interval=1d&includeAdjustedClose=true
OLN,Olin Corporation Common Stock,kurs/technika,"F3: beta <= 1,2 lub brak danych; F5: kurs pod SMA50",https://query1.finance.yahoo.com/v8/finance/chart/OLN?range=2y&interval=1d&includeAdjustedClose=true
ONT,Onterris Inc. Common Stock,kurs/technika,"F3: beta <= 1,2 lub brak danych; F5: kurs pod SMA50",https://query1.finance.yahoo.com/v8/finance/chart/ONT?range=2y&interval=1d&includeAdjustedClose=true
OOMA,Ooma Inc. Common Stock,kurs/technika,"F3: beta <= 1,2 lub brak danych; F4: kurs mniej niż 25% pod 52-tyg. szczytem; F5: kurs pod SMA50",https://query1.finance.yahoo.com/v8/finance/chart/OOMA?range=2y&interval=1d&includeAdjustedClose=true
OPFI,OppFi Inc. Class A Common Stock,kurs/technika,F5: kurs pod SMA50,https://query1.finance.yahoo.com/v8/finance/chart/OPFI?range=2y&interval=1d&includeAdjustedClose=true
OPTU,Optimum Communications Inc. Class A common stock,kurs/technika,"średni obrót < 2 mln USD; F3: beta <= 1,2 lub brak danych",https://query1.finance.yahoo.com/v8/finance/chart/OPTU?range=2y&interval=1d&includeAdjustedClose=true
OPY,Oppenheimer Holdings Inc. Class A Common Stock (DE),kurs/technika,"F3: beta <= 1,2 lub brak danych; F4: kurs mniej niż 25% pod 52-tyg. szczytem; F5: kurs pod SMA50",https://query1.finance.yahoo.com/v8/finance/chart/OPY?range=2y&interval=1d&includeAdjustedClose=true
ORN,Orion Group Holdings Inc. Common,kurs/technika,F5: kurs pod SMA50,https://query1.finance.yahoo.com/v8/finance/chart/ORN?range=2y&interval=1d&includeAdjustedClose=true
OXM,Oxford Industries Inc. Common Stock,kurs/technika,"F3: beta <= 1,2 lub brak danych; F5: kurs pod SMA50",https://query1.finance.yahoo.com/v8/finance/chart/OXM?range=2y&interval=1d&includeAdjustedClose=true
PACK,Ranpak Holdings Corp Class A Common Stock,kurs/technika,F5: kurs pod SMA50,https://query1.finance.yahoo.com/v8/finance/chart/PACK?range=2y&interval=1d&includeAdjustedClose=true
PAGS,PagSeguro Digital Ltd. Class A Common Shares,kurs/technika,"F3: beta <= 1,2 lub brak danych; F4: kurs mniej niż 25% pod 52-tyg. szczytem",https://query1.finance.yahoo.com/v8/finance/chart/PAGS?range=2y&interval=1d&includeAdjustedClose=true
PAR,PAR Technology Corporation Common Stock,kurs/technika,F5: kurs pod SMA50,https://query1.finance.yahoo.com/v8/finance/chart/PAR?range=2y&interval=1d&includeAdjustedClose=true
PBH,Prestige Consumer Healthcare Inc. Common Stock,kurs/technika,"F3: beta <= 1,2 lub brak danych; F5: kurs pod SMA50",https://query1.finance.yahoo.com/v8/finance/chart/PBH?range=2y&interval=1d&includeAdjustedClose=true
PBI,Pitney Bowes Inc. Common Stock,kurs/technika,"F3: beta <= 1,2 lub brak danych; F4: kurs mniej niż 25% pod 52-tyg. szczytem; F5: kurs pod SMA50",https://query1.finance.yahoo.com/v8/finance/chart/PBI?range=2y&interval=1d&includeAdjustedClose=true
PBT,Permian Basin Royalty Trust Common Stock,kurs/technika,"F3: beta <= 1,2 lub brak danych; F4: kurs mniej niż 25% pod 52-tyg. szczytem",https://query1.finance.yahoo.com/v8/finance/chart/PBT?range=2y&interval=1d&includeAdjustedClose=true
PD,PagerDuty Inc. Common Stock,kurs/technika,F4: kurs mniej niż 25% pod 52-tyg. szczytem,https://query1.finance.yahoo.com/v8/finance/chart/PD?range=2y&interval=1d&includeAdjustedClose=true
PDM,Piedmont Realty Trust Inc. Class A Common Stock,kurs/technika,"F3: beta <= 1,2 lub brak danych; F4: kurs mniej niż 25% pod 52-tyg. szczytem; F5: kurs pod SMA50",https://query1.finance.yahoo.com/v8/finance/chart/PDM?range=2y&interval=1d&includeAdjustedClose=true
PDO,PIMCO Dynamic Income Opportunities Fund Common Shares of Beneficial Interest,kurs/technika,"F3: beta <= 1,2 lub brak danych; F4: kurs mniej niż 25% pod 52-tyg. szczytem; F5: kurs pod SMA50",https://query1.finance.yahoo.com/v8/finance/chart/PDO?range=2y&interval=1d&includeAdjustedClose=true
PDS,Precision Drilling Corporation Common Stock,kurs/technika,"F3: beta <= 1,2 lub brak danych; F4: kurs mniej niż 25% pod 52-tyg. szczytem; F5: kurs pod SMA50",https://query1.finance.yahoo.com/v8/finance/chart/PDS?range=2y&interval=1d&includeAdjustedClose=true
PDX,PIMCO Dynamic Income Strategy Fund Common Shares of Beneficial Interest,kurs/technika,"F3: beta <= 1,2 lub brak danych; F4: kurs mniej niż 25% pod 52-tyg. szczytem; F5: kurs pod SMA50",https://query1.finance.yahoo.com/v8/finance/chart/PDX?range=2y&interval=1d&includeAdjustedClose=true
PFLT,PennantPark Floating Rate Capital Ltd. Common Stock,kurs/technika,"F3: beta <= 1,2 lub brak danych; F5: kurs pod SMA50",https://query1.finance.yahoo.com/v8/finance/chart/PFLT?range=2y&interval=1d&includeAdjustedClose=true
PFS,Provident Financial Services Inc Common Stock,kurs/technika,"F3: beta <= 1,2 lub brak danych; F4: kurs mniej niż 25% pod 52-tyg. szczytem; F5: kurs pod SMA50",https://query1.finance.yahoo.com/v8/finance/chart/PFS?range=2y&interval=1d&includeAdjustedClose=true
PFSI,PennyMac Financial Services Inc. Common Stock,kurs/technika,"F3: beta <= 1,2 lub brak danych; F5: kurs pod SMA50",https://query1.finance.yahoo.com/v8/finance/chart/PFSI?range=2y&interval=1d&includeAdjustedClose=true
PHIN,PHINIA Inc. Common Stock,kurs/technika,"F3: beta <= 1,2 lub brak danych; F5: kurs pod SMA50",https://query1.finance.yahoo.com/v8/finance/chart/PHIN?range=2y&interval=1d&includeAdjustedClose=true
PHR,Phreesia Inc. Common Stock,kurs/technika,"F3: beta <= 1,2 lub brak danych; F5: kurs pod SMA50",https://query1.finance.yahoo.com/v8/finance/chart/PHR?range=2y&interval=1d&includeAdjustedClose=true
PII,Polaris Inc. Common Stock,kurs/technika,"F3: beta <= 1,2 lub brak danych; F5: kurs pod SMA50",https://query1.finance.yahoo.com/v8/finance/chart/PII?range=2y&interval=1d&includeAdjustedClose=true
PK,Park Hotels & Resorts Inc. Common Stock,kurs/technika,"F3: beta <= 1,2 lub brak danych; F4: kurs mniej niż 25% pod 52-tyg. szczytem; F5: kurs pod SMA50",https://query1.finance.yahoo.com/v8/finance/chart/PK?range=2y&interval=1d&includeAdjustedClose=true
PKE,Park Aerospace Corp. Common Stock,kurs/technika,"F3: beta <= 1,2 lub brak danych; F4: kurs mniej niż 25% pod 52-tyg. szczytem; F5: kurs pod SMA50",https://query1.finance.yahoo.com/v8/finance/chart/PKE?range=2y&interval=1d&includeAdjustedClose=true
PLGO,Pelagos Insurance Capital Limited Common Shares,kurs/technika,"F3: beta <= 1,2 lub brak danych; F4: kurs mniej niż 25% pod 52-tyg. szczytem; F5: kurs pod SMA50",https://query1.finance.yahoo.com/v8/finance/chart/PLGO?range=2y&interval=1d&includeAdjustedClose=true
PLNT,Planet Fitness Inc. Common Stock,kurs/technika,"F3: beta <= 1,2 lub brak danych; F5: kurs pod SMA50",https://query1.finance.yahoo.com/v8/finance/chart/PLNT?range=2y&interval=1d&includeAdjustedClose=true
PLOW,Douglas Dynamics Inc. Common Stock,kurs/technika,"F3: beta <= 1,2 lub brak danych; F5: kurs pod SMA50",https://query1.finance.yahoo.com/v8/finance/chart/PLOW?range=2y&interval=1d&includeAdjustedClose=true
PMM,Franklin Managed Municipal Income Trust Shares of Beneficial Interest,kurs/technika,"średni obrót < 2 mln USD; F3: beta <= 1,2 lub brak danych; F4: kurs mniej niż 25% pod 52-tyg. szczytem; F5: kurs pod SMA50",https://query1.finance.yahoo.com/v8/finance/chart/PMM?range=2y&interval=1d&includeAdjustedClose=true
PMO,Franklin Municipal Opportunities Trust Shares of Beneficial Interest,kurs/technika,"średni obrót < 2 mln USD; F3: beta <= 1,2 lub brak danych; F4: kurs mniej niż 25% pod 52-tyg. szczytem; F5: kurs pod SMA50",https://query1.finance.yahoo.com/v8/finance/chart/PMO?range=2y&interval=1d&includeAdjustedClose=true
POST,Post Holdings Inc. Common Stock,kurs/technika,"F3: beta <= 1,2 lub brak danych; F5: kurs pod SMA50",https://query1.finance.yahoo.com/v8/finance/chart/POST?range=2y&interval=1d&includeAdjustedClose=true
PPT,Franklin Premier Income Trust Shares of Beneficial Interest,kurs/technika,"średni obrót < 2 mln USD; F3: beta <= 1,2 lub brak danych; F4: kurs mniej niż 25% pod 52-tyg. szczytem; F5: kurs pod SMA50",https://query1.finance.yahoo.com/v8/finance/chart/PPT?range=2y&interval=1d&includeAdjustedClose=true
PRG,PROG Holdings Inc. Common Stock,kurs/technika,"F3: beta <= 1,2 lub brak danych; F5: kurs pod SMA50",https://query1.finance.yahoo.com/v8/finance/chart/PRG?range=2y&interval=1d&includeAdjustedClose=true
PRGO,Perrigo Company plc Ordinary Shares,kurs/technika,"F3: beta <= 1,2 lub brak danych",https://query1.finance.yahoo.com/v8/finance/chart/PRGO?range=2y&interval=1d&includeAdjustedClose=true
PRLB,Proto Labs Inc. Common stock,kurs/technika,F4: kurs mniej niż 25% pod 52-tyg. szczytem,https://query1.finance.yahoo.com/v8/finance/chart/PRLB?range=2y&interval=1d&includeAdjustedClose=true
PRSU,Pursuit Attractions and Hospitality Inc. Common Stock,kurs/technika,"F3: beta <= 1,2 lub brak danych; F4: kurs mniej niż 25% pod 52-tyg. szczytem",https://query1.finance.yahoo.com/v8/finance/chart/PRSU?range=2y&interval=1d&includeAdjustedClose=true
PSFE,Paysafe Limited Common Shares,kurs/technika,F5: kurs pod SMA50,https://query1.finance.yahoo.com/v8/finance/chart/PSFE?range=2y&interval=1d&includeAdjustedClose=true
PSUS,Pershing Square USA Ltd. Common Shares,kurs,za krótka historia notowań (113 sesji),
PUMP,ProPetro Holding Corp. Common Stock,kurs/technika,"F3: beta <= 1,2 lub brak danych; F5: kurs pod SMA50",https://query1.finance.yahoo.com/v8/finance/chart/PUMP?range=2y&interval=1d&includeAdjustedClose=true
PXED,Phoenix Education Partners Inc. Common Stock,kurs/technika,"F3: beta <= 1,2 lub brak danych; F5: kurs pod SMA50",https://query1.finance.yahoo.com/v8/finance/chart/PXED?range=2y&interval=1d&includeAdjustedClose=true
QUAD,Quad Graphics Inc Class A Common Stock,kurs/technika,"F3: beta <= 1,2 lub brak danych; F4: kurs mniej niż 25% pod 52-tyg. szczytem; F5: kurs pod SMA50",https://query1.finance.yahoo.com/v8/finance/chart/QUAD?range=2y&interval=1d&includeAdjustedClose=true
RAMP,LiveRamp Holdings Inc. Common Stock,kurs/technika,"F3: beta <= 1,2 lub brak danych; F4: kurs mniej niż 25% pod 52-tyg. szczytem; F5: kurs pod SMA50",https://query1.finance.yahoo.com/v8/finance/chart/RAMP?range=2y&interval=1d&includeAdjustedClose=true
RCUS,Arcus Biosciences Inc. Common Stock,kurs/technika,F5: kurs pod SMA50,https://query1.finance.yahoo.com/v8/finance/chart/RCUS?range=2y&interval=1d&includeAdjustedClose=true
RDW,Redwire Corporation Common Stock,kurs/technika,F5: kurs pod SMA50,https://query1.finance.yahoo.com/v8/finance/chart/RDW?range=2y&interval=1d&includeAdjustedClose=true
REF,Reformation Inc. Common Stock,kurs,za krótka historia notowań (50 sesji),
RERE,ATRenew Inc. American Depositary Shares (every three of which representing two Class A ordinary shares),kurs/technika,F5: kurs pod SMA50,https://query1.finance.yahoo.com/v8/finance/chart/RERE?range=2y&interval=1d&includeAdjustedClose=true
RES,RPC Inc. Common Stock,kurs/technika,"F3: beta <= 1,2 lub brak danych; F5: kurs pod SMA50",https://query1.finance.yahoo.com/v8/finance/chart/RES?range=2y&interval=1d&includeAdjustedClose=true
REX,REX American Resources Corporation,kurs/technika,"F3: beta <= 1,2 lub brak danych; F4: kurs mniej niż 25% pod 52-tyg. szczytem",https://query1.finance.yahoo.com/v8/finance/chart/REX?range=2y&interval=1d&includeAdjustedClose=true
REZI,Resideo Technologies Inc. Common Stock,kurs/technika,F5: kurs pod SMA50,https://query1.finance.yahoo.com/v8/finance/chart/REZI?range=2y&interval=1d&includeAdjustedClose=true
RFI,Cohen & Steers Total Return Realty Fund Inc. Common Stock,kurs/technika,"średni obrót < 2 mln USD; F3: beta <= 1,2 lub brak danych; F4: kurs mniej niż 25% pod 52-tyg. szczytem; F5: kurs pod SMA50",https://query1.finance.yahoo.com/v8/finance/chart/RFI?range=2y&interval=1d&includeAdjustedClose=true
RFMZ,RiverNorth Flexible Municipal Income Fund II Inc. Common Stock,kurs/technika,"średni obrót < 2 mln USD; F3: beta <= 1,2 lub brak danych; F4: kurs mniej niż 25% pod 52-tyg. szczytem; F5: kurs pod SMA50",https://query1.finance.yahoo.com/v8/finance/chart/RFMZ?range=2y&interval=1d&includeAdjustedClose=true
RGR,Sturm Ruger & Company Inc. Common Stock,kurs/technika,"F3: beta <= 1,2 lub brak danych; F4: kurs mniej niż 25% pod 52-tyg. szczytem",https://query1.finance.yahoo.com/v8/finance/chart/RGR?range=2y&interval=1d&includeAdjustedClose=true
RH,RH Common Stock,kurs/technika,F5: kurs pod SMA50,https://query1.finance.yahoo.com/v8/finance/chart/RH?range=2y&interval=1d&includeAdjustedClose=true
RHLD,Resolute Holdings Management Common Stock,kurs/technika,"F3: beta <= 1,2 lub brak danych; F5: kurs pod SMA50",https://query1.finance.yahoo.com/v8/finance/chart/RHLD?range=2y&interval=1d&includeAdjustedClose=true
RM,Regional Management Corp. Common Stock,kurs/technika,"F3: beta <= 1,2 lub brak danych; F4: kurs mniej niż 25% pod 52-tyg. szczytem",https://query1.finance.yahoo.com/v8/finance/chart/RM?range=2y&interval=1d&includeAdjustedClose=true
RMT,Royce Micro-Cap Trust Inc. Common Stock,kurs/technika,"średni obrót < 2 mln USD; F3: beta <= 1,2 lub brak danych; F4: kurs mniej niż 25% pod 52-tyg. szczytem; F5: kurs pod SMA50",https://query1.finance.yahoo.com/v8/finance/chart/RMT?range=2y&interval=1d&includeAdjustedClose=true
RNGR,Ranger Energy Services Inc. Class A Common Stock,kurs/technika,"F3: beta <= 1,2 lub brak danych; F4: kurs mniej niż 25% pod 52-tyg. szczytem; F5: kurs pod SMA50",https://query1.finance.yahoo.com/v8/finance/chart/RNGR?range=2y&interval=1d&includeAdjustedClose=true
ROG,Rogers Corporation Common Stock,kurs/technika,"F3: beta <= 1,2 lub brak danych; F4: kurs mniej niż 25% pod 52-tyg. szczytem",https://query1.finance.yahoo.com/v8/finance/chart/ROG?range=2y&interval=1d&includeAdjustedClose=true
RPC,Ridgepost Capital Inc. Class A Common Stock,kurs/technika,F5: kurs pod SMA50,https://query1.finance.yahoo.com/v8/finance/chart/RPC?range=2y&interval=1d&includeAdjustedClose=true
RQI,Cohen & Steers Quality Income Realty Fund Inc Common Shares,kurs/technika,"F3: beta <= 1,2 lub brak danych; F4: kurs mniej niż 25% pod 52-tyg. szczytem; F5: kurs pod SMA50",https://query1.finance.yahoo.com/v8/finance/chart/RQI?range=2y&interval=1d&includeAdjustedClose=true
RSKD,Riskified Ltd. Class A Ordinary Shares,kurs/technika,F4: kurs mniej niż 25% pod 52-tyg. szczytem,https://query1.finance.yahoo.com/v8/finance/chart/RSKD?range=2y&interval=1d&includeAdjustedClose=true
RVLV,Revolve Group Inc. Class A Common Stock,kurs/technika,F5: kurs pod SMA50,https://query1.finance.yahoo.com/v8/finance/chart/RVLV?range=2y&interval=1d&includeAdjustedClose=true
RVT,Royce Small-Cap Trust Inc. Common Stock,kurs/technika,"F3: beta <= 1,2 lub brak danych; F4: kurs mniej niż 25% pod 52-tyg. szczytem; F5: kurs pod SMA50",https://query1.finance.yahoo.com/v8/finance/chart/RVT?range=2y&interval=1d&includeAdjustedClose=true
RYAM,Rayonier Advanced Materials Inc. Common Stock,kurs/technika,F5: kurs pod SMA50,https://query1.finance.yahoo.com/v8/finance/chart/RYAM?range=2y&interval=1d&includeAdjustedClose=true
RYZ,Ryerson Holding Corporation Common Stock,kurs/technika,F4: kurs mniej niż 25% pod 52-tyg. szczytem,https://query1.finance.yahoo.com/v8/finance/chart/RYZ?range=2y&interval=1d&includeAdjustedClose=true
SA,Seabridge Gold Inc. Common Shares New,kurs/technika,F5: kurs pod SMA50,https://query1.finance.yahoo.com/v8/finance/chart/SA?range=2y&interval=1d&includeAdjustedClose=true
SAH,Sonic Automotive Inc. Common Stock,kurs/technika,"F3: beta <= 1,2 lub brak danych; F5: kurs pod SMA50",https://query1.finance.yahoo.com/v8/finance/chart/SAH?range=2y&interval=1d&includeAdjustedClose=true
SAM,Boston Beer Company Inc. (The) Common Stock,kurs/technika,"F3: beta <= 1,2 lub brak danych; F5: kurs pod SMA50",https://query1.finance.yahoo.com/v8/finance/chart/SAM?range=2y&interval=1d&includeAdjustedClose=true
SB,Safe Bulkers Inc Common Stock ($0.001 par value),kurs/technika,"F3: beta <= 1,2 lub brak danych; F4: kurs mniej niż 25% pod 52-tyg. szczytem",https://query1.finance.yahoo.com/v8/finance/chart/SB?range=2y&interval=1d&includeAdjustedClose=true
SBH,Sally Beauty Holdings Inc. (Name to be changed from Sally Holdings Inc.) Common Stock,kurs/technika,"F3: beta <= 1,2 lub brak danych; F4: kurs mniej niż 25% pod 52-tyg. szczytem; F5: kurs pod SMA50",https://query1.finance.yahoo.com/v8/finance/chart/SBH?range=2y&interval=1d&includeAdjustedClose=true
SBR,Sabine Royalty Trust Common Stock,kurs/technika,"F3: beta <= 1,2 lub brak danych; F4: kurs mniej niż 25% pod 52-tyg. szczytem",https://query1.finance.yahoo.com/v8/finance/chart/SBR?range=2y&interval=1d&includeAdjustedClose=true
SBSI,Southside Bancshares Inc. Common Stock,kurs/technika,"F3: beta <= 1,2 lub brak danych; F4: kurs mniej niż 25% pod 52-tyg. szczytem; F5: kurs pod SMA50",https://query1.finance.yahoo.com/v8/finance/chart/SBSI?range=2y&interval=1d&includeAdjustedClose=true
SCL,Stepan Company Common Stock,kurs/technika,"F3: beta <= 1,2 lub brak danych; F4: kurs mniej niż 25% pod 52-tyg. szczytem; F5: kurs pod SMA50",https://query1.finance.yahoo.com/v8/finance/chart/SCL?range=2y&interval=1d&includeAdjustedClose=true
SD,SandRidge Energy Inc. Common Stock,kurs/technika,"F3: beta <= 1,2 lub brak danych; F4: kurs mniej niż 25% pod 52-tyg. szczytem; F5: kurs pod SMA50",https://query1.finance.yahoo.com/v8/finance/chart/SD?range=2y&interval=1d&includeAdjustedClose=true
SDHC,Smith Douglas Homes Corp. Class A Common Stock,kurs/technika,"średni obrót < 2 mln USD; F3: beta <= 1,2 lub brak danych; F5: kurs pod SMA50",https://query1.finance.yahoo.com/v8/finance/chart/SDHC?range=2y&interval=1d&includeAdjustedClose=true
SDHY,PGIM Short Duration High Yield Opportunities Fund Common Shares,kurs/technika,"średni obrót < 2 mln USD; F3: beta <= 1,2 lub brak danych; F4: kurs mniej niż 25% pod 52-tyg. szczytem; F5: kurs pod SMA50",https://query1.finance.yahoo.com/v8/finance/chart/SDHY?range=2y&interval=1d&includeAdjustedClose=true
SDRL,Seadrill Limited Common Shares,kurs/technika,"F3: beta <= 1,2 lub brak danych; F4: kurs mniej niż 25% pod 52-tyg. szczytem; F5: kurs pod SMA50",https://query1.finance.yahoo.com/v8/finance/chart/SDRL?range=2y&interval=1d&includeAdjustedClose=true
SECZ,Securitize Corp. Common Stock,kurs,za krótka historia notowań (69 sesji),
SEG,Seaport Entertainment Group Inc. Common Stock,kurs/technika,"średni obrót < 2 mln USD; F3: beta <= 1,2 lub brak danych; F4: kurs mniej niż 25% pod 52-tyg. szczytem; F5: kurs pod SMA50",https://query1.finance.yahoo.com/v8/finance/chart/SEG?range=2y&interval=1d&includeAdjustedClose=true
SFL,SFL Corporation Ltd,kurs/technika,"F3: beta <= 1,2 lub brak danych; F4: kurs mniej niż 25% pod 52-tyg. szczytem",https://query1.finance.yahoo.com/v8/finance/chart/SFL?range=2y&interval=1d&includeAdjustedClose=true
SG,Sweetgreen Inc. Class A Common Stock,kurs/technika,F4: kurs mniej niż 25% pod 52-tyg. szczytem,https://query1.finance.yahoo.com/v8/finance/chart/SG?range=2y&interval=1d&includeAdjustedClose=true
SGU,Star Group L.P. Common Stock,kurs/technika,"średni obrót < 2 mln USD; F3: beta <= 1,2 lub brak danych; F4: kurs mniej niż 25% pod 52-tyg. szczytem",https://query1.finance.yahoo.com/v8/finance/chart/SGU?range=2y&interval=1d&includeAdjustedClose=true
SHO,Sunstone Hotel Investors Inc. Sunstone Hotel Investors Inc. Common Shares,kurs/technika,"F3: beta <= 1,2 lub brak danych; F4: kurs mniej niż 25% pod 52-tyg. szczytem",https://query1.finance.yahoo.com/v8/finance/chart/SHO?range=2y&interval=1d&includeAdjustedClose=true
SI,Shoulder Innovations Inc. Common Stock,kurs/technika,"F3: beta <= 1,2 lub brak danych; F5: kurs pod SMA50",https://query1.finance.yahoo.com/v8/finance/chart/SI?range=2y&interval=1d&includeAdjustedClose=true
SII,Sprott Inc. Common Shares,kurs/technika,"F3: beta <= 1,2 lub brak danych; F5: kurs pod SMA50",https://query1.finance.yahoo.com/v8/finance/chart/SII?range=2y&interval=1d&includeAdjustedClose=true
SIND,Sinda Ltd. Common Stock,kurs,za krótka historia notowań (73 sesji),
SKYH,Sky Harbour Group Corporation Class A Common Stock,kurs/technika,"średni obrót < 2 mln USD; F3: beta <= 1,2 lub brak danych; F4: kurs mniej niż 25% pod 52-tyg. szczytem; F5: kurs pod SMA50",https://query1.finance.yahoo.com/v8/finance/chart/SKYH?range=2y&interval=1d&includeAdjustedClose=true
SLVM,Sylvamo Corporation Common Stock,kurs/technika,"F3: beta <= 1,2 lub brak danych; F5: kurs pod SMA50",https://query1.finance.yahoo.com/v8/finance/chart/SLVM?range=2y&interval=1d&includeAdjustedClose=true
SMBK,SmartFinancial Inc. Common Stock,kurs/technika,"F3: beta <= 1,2 lub brak danych; F4: kurs mniej niż 25% pod 52-tyg. szczytem; F5: kurs pod SMA50",https://query1.finance.yahoo.com/v8/finance/chart/SMBK?range=2y&interval=1d&includeAdjustedClose=true
SMC,Summit Midstream Corporation Common Stock,kurs/technika,"F3: beta <= 1,2 lub brak danych; F4: kurs mniej niż 25% pod 52-tyg. szczytem; F5: kurs pod SMA50",https://query1.finance.yahoo.com/v8/finance/chart/SMC?range=2y&interval=1d&includeAdjustedClose=true
SMG,Scotts Miracle-Gro Company (The) Common Stock,kurs/technika,"F3: beta <= 1,2 lub brak danych; F5: kurs pod SMA50",https://query1.finance.yahoo.com/v8/finance/chart/SMG?range=2y&interval=1d&includeAdjustedClose=true
SMP,Standard Motor Products Inc. Common Stock,kurs/technika,"F3: beta <= 1,2 lub brak danych; F4: kurs mniej niż 25% pod 52-tyg. szczytem; F5: kurs pod SMA50",https://query1.finance.yahoo.com/v8/finance/chart/SMP?range=2y&interval=1d&includeAdjustedClose=true
SMR,NuScale Power Corporation Class A Common Stock,kurs/technika,F5: kurs pod SMA50,https://query1.finance.yahoo.com/v8/finance/chart/SMR?range=2y&interval=1d&includeAdjustedClose=true
SMWB,Similarweb Ltd. Ordinary Shares,kurs/technika,"F3: beta <= 1,2 lub brak danych; F4: kurs mniej niż 25% pod 52-tyg. szczytem; F5: kurs pod SMA50",https://query1.finance.yahoo.com/v8/finance/chart/SMWB?range=2y&interval=1d&includeAdjustedClose=true
SNDA,Sonida Senior Living Inc. Common Stock,kurs/technika,"F3: beta <= 1,2 lub brak danych; F4: kurs mniej niż 25% pod 52-tyg. szczytem; F5: kurs pod SMA50",https://query1.finance.yahoo.com/v8/finance/chart/SNDA?range=2y&interval=1d&includeAdjustedClose=true
SOC,Sable Offshore Corp. Common Stock,kurs/technika,"F3: beta <= 1,2 lub brak danych; F5: kurs pod SMA50",https://query1.finance.yahoo.com/v8/finance/chart/SOC?range=2y&interval=1d&includeAdjustedClose=true
SOR,Source Capital Inc. Cmn Shs of BI,kurs/technika,"średni obrót < 2 mln USD; F3: beta <= 1,2 lub brak danych; F4: kurs mniej niż 25% pod 52-tyg. szczytem; F5: kurs pod SMA50",https://query1.finance.yahoo.com/v8/finance/chart/SOR?range=2y&interval=1d&includeAdjustedClose=true
SPB,Spectrum Brands Holdings Inc. Common Stock,kurs/technika,"F3: beta <= 1,2 lub brak danych; F4: kurs mniej niż 25% pod 52-tyg. szczytem; F5: kurs pod SMA50",https://query1.finance.yahoo.com/v8/finance/chart/SPB?range=2y&interval=1d&includeAdjustedClose=true
SPCE,Virgin Galactic Holdings Inc. Common Stock,kurs/technika,F5: kurs pod SMA50,https://query1.finance.yahoo.com/v8/finance/chart/SPCE?range=2y&interval=1d&includeAdjustedClose=true
SPH,Suburban Propane Partners L.P. Common Stock,kurs/technika,"F3: beta <= 1,2 lub brak danych; F4: kurs mniej niż 25% pod 52-tyg. szczytem; F5: kurs pod SMA50",https://query1.finance.yahoo.com/v8/finance/chart/SPH?range=2y&interval=1d&includeAdjustedClose=true
SPIR,Spire Global Inc. Class A Common Stock,kurs/technika,F5: kurs pod SMA50,https://query1.finance.yahoo.com/v8/finance/chart/SPIR?range=2y&interval=1d&includeAdjustedClose=true
SPNT,SiriusPoint Ltd. Common Shares,kurs/technika,"F3: beta <= 1,2 lub brak danych; F4: kurs mniej niż 25% pod 52-tyg. szczytem",https://query1.finance.yahoo.com/v8/finance/chart/SPNT?range=2y&interval=1d&includeAdjustedClose=true
SSMR,Sunshine Silver Mining & Refining Company Common Stock,kurs,za krótka historia notowań (88 sesji),
STC,Stewart Information Services Corporation Common Stock,kurs/technika,"F3: beta <= 1,2 lub brak danych; F5: kurs pod SMA50",https://query1.finance.yahoo.com/v8/finance/chart/STC?range=2y&interval=1d&includeAdjustedClose=true
STDN,Standard Nuclear Inc. Class A Common Stock,kurs,za krótka historia notowań (60 sesji),
STUB,StubHub Holdings Inc. Class A Common Stock,kurs/technika,F5: kurs pod SMA50,https://query1.finance.yahoo.com/v8/finance/chart/STUB?range=2y&interval=1d&includeAdjustedClose=true
SUPV,Grupo Supervielle S.A. American Depositary Shares each Representing five Class B shares,kurs/technika,"F3: beta <= 1,2 lub brak danych; F5: kurs pod SMA50",https://query1.finance.yahoo.com/v8/finance/chart/SUPV?range=2y&interval=1d&includeAdjustedClose=true
SVV,Savers Value Village Inc. Common Stock,kurs/technika,"F3: beta <= 1,2 lub brak danych; F5: kurs pod SMA50",https://query1.finance.yahoo.com/v8/finance/chart/SVV?range=2y&interval=1d&includeAdjustedClose=true
SXC,SunCoke Energy Inc. Common Stock,kurs/technika,"F3: beta <= 1,2 lub brak danych; F4: kurs mniej niż 25% pod 52-tyg. szczytem",https://query1.finance.yahoo.com/v8/finance/chart/SXC?range=2y&interval=1d&includeAdjustedClose=true
TALO,Talos Energy Inc. Common Stock,kurs/technika,"F3: beta <= 1,2 lub brak danych; F4: kurs mniej niż 25% pod 52-tyg. szczytem",https://query1.finance.yahoo.com/v8/finance/chart/TALO?range=2y&interval=1d&includeAdjustedClose=true
TBI,TrueBlue Inc. Common Stock,kurs/technika,F4: kurs mniej niż 25% pod 52-tyg. szczytem; F5: kurs pod SMA50,https://query1.finance.yahoo.com/v8/finance/chart/TBI?range=2y&interval=1d&includeAdjustedClose=true
TBN,Tamboran Resources Corporation Common stock,kurs/technika,"F3: beta <= 1,2 lub brak danych; F5: kurs pod SMA50",https://query1.finance.yahoo.com/v8/finance/chart/TBN?range=2y&interval=1d&includeAdjustedClose=true
TCBX,Third Coast Bancshares Inc. Common Stock,kurs/technika,"F3: beta <= 1,2 lub brak danych; F4: kurs mniej niż 25% pod 52-tyg. szczytem; F5: kurs pod SMA50",https://query1.finance.yahoo.com/v8/finance/chart/TCBX?range=2y&interval=1d&includeAdjustedClose=true
TDAY,USA TODAY Co. Inc. Common Stock,kurs/technika,"F3: beta <= 1,2 lub brak danych; F4: kurs mniej niż 25% pod 52-tyg. szczytem",https://query1.finance.yahoo.com/v8/finance/chart/TDAY?range=2y&interval=1d&includeAdjustedClose=true
TDC,Teradata Corporation Common Stock,kurs/technika,"F3: beta <= 1,2 lub brak danych",https://query1.finance.yahoo.com/v8/finance/chart/TDC?range=2y&interval=1d&includeAdjustedClose=true
TDOC,Teladoc Health Inc. Common Stock,kurs/technika,F5: kurs pod SMA50,https://query1.finance.yahoo.com/v8/finance/chart/TDOC?range=2y&interval=1d&includeAdjustedClose=true
TE,T1 Energy Inc. Common Stock,kurs/technika,F5: kurs pod SMA50,https://query1.finance.yahoo.com/v8/finance/chart/TE?range=2y&interval=1d&includeAdjustedClose=true
TEN,Tsakos Energy Navigation Ltd Common Shares,kurs/technika,"F3: beta <= 1,2 lub brak danych; F4: kurs mniej niż 25% pod 52-tyg. szczytem",https://query1.finance.yahoo.com/v8/finance/chart/TEN?range=2y&interval=1d&includeAdjustedClose=true
TFIN,Triumph Financial Inc. Common Stock,kurs/technika,F5: kurs pod SMA50,https://query1.finance.yahoo.com/v8/finance/chart/TFIN?range=2y&interval=1d&includeAdjustedClose=true
TGLS,Tecnoglass Holdings Inc. Common Stock,kurs/technika,F5: kurs pod SMA50,https://query1.finance.yahoo.com/v8/finance/chart/TGLS?range=2y&interval=1d&includeAdjustedClose=true
TIC,TIC Solutions Inc. Common Stock,kurs/technika,F5: kurs pod SMA50,https://query1.finance.yahoo.com/v8/finance/chart/TIC?range=2y&interval=1d&includeAdjustedClose=true
TK,Teekay Corporation Ltd. Common Stock,kurs/technika,"F3: beta <= 1,2 lub brak danych; F4: kurs mniej niż 25% pod 52-tyg. szczytem",https://query1.finance.yahoo.com/v8/finance/chart/TK?range=2y&interval=1d&includeAdjustedClose=true
TNC,Tennant Company Common Stock,kurs/technika,"F3: beta <= 1,2 lub brak danych; F5: kurs pod SMA50",https://query1.finance.yahoo.com/v8/finance/chart/TNC?range=2y&interval=1d&includeAdjustedClose=true
TNET,TriNet Group Inc. Common Stock,kurs/technika,"F3: beta <= 1,2 lub brak danych; F4: kurs mniej niż 25% pod 52-tyg. szczytem; F5: kurs pod SMA50",https://query1.finance.yahoo.com/v8/finance/chart/TNET?range=2y&interval=1d&includeAdjustedClose=true
TPB,Turning Point Brands Inc. Common Stock,kurs/technika,"F3: beta <= 1,2 lub brak danych; F5: kurs pod SMA50",https://query1.finance.yahoo.com/v8/finance/chart/TPB?range=2y&interval=1d&includeAdjustedClose=true
TR,Tootsie Roll Industries Inc. Common Stock,kurs/technika,"F3: beta <= 1,2 lub brak danych; F4: kurs mniej niż 25% pod 52-tyg. szczytem; F5: kurs pod SMA50",https://query1.finance.yahoo.com/v8/finance/chart/TR?range=2y&interval=1d&includeAdjustedClose=true
TRC,Tejon Ranch Co Common Stock,kurs/technika,"F3: beta <= 1,2 lub brak danych; F4: kurs mniej niż 25% pod 52-tyg. szczytem; F5: kurs pod SMA50",https://query1.finance.yahoo.com/v8/finance/chart/TRC?range=2y&interval=1d&includeAdjustedClose=true
TRIN,Trinity Capital Inc. Common Stock,kurs/technika,"F3: beta <= 1,2 lub brak danych; F4: kurs mniej niż 25% pod 52-tyg. szczytem; F5: kurs pod SMA50",https://query1.finance.yahoo.com/v8/finance/chart/TRIN?range=2y&interval=1d&includeAdjustedClose=true
TRLV,Trulieve Cannabis Corp. Subordinate Voting Shares,kurs/technika,"F3: beta <= 1,2 lub brak danych; F4: kurs mniej niż 25% pod 52-tyg. szczytem; F5: kurs pod SMA50",https://query1.finance.yahoo.com/v8/finance/chart/TRLV?range=2y&interval=1d&includeAdjustedClose=true
TRN,Trinity Industries Inc. Common Stock,kurs/technika,"F3: beta <= 1,2 lub brak danych; F5: kurs pod SMA50",https://query1.finance.yahoo.com/v8/finance/chart/TRN?range=2y&interval=1d&includeAdjustedClose=true
TROX,Tronox Holdings plc Ordinary Shares (UK),kurs/technika,F5: kurs pod SMA50,https://query1.finance.yahoo.com/v8/finance/chart/TROX?range=2y&interval=1d&includeAdjustedClose=true
TSLX,Sixth Street Specialty Lending Inc. Common Stock,kurs/technika,"F3: beta <= 1,2 lub brak danych; F5: kurs pod SMA50",https://query1.finance.yahoo.com/v8/finance/chart/TSLX?range=2y&interval=1d&includeAdjustedClose=true
TTAM,Titan America SA Common Shares,kurs/technika,"F3: beta <= 1,2 lub brak danych; F5: kurs pod SMA50",https://query1.finance.yahoo.com/v8/finance/chart/TTAM?range=2y&interval=1d&includeAdjustedClose=true
TTI,Tetra Technologies Inc. Common Stock,kurs/technika,F5: kurs pod SMA50,https://query1.finance.yahoo.com/v8/finance/chart/TTI?range=2y&interval=1d&includeAdjustedClose=true
TV,Grupo Televisa S.A.B. Common Stock,kurs/technika,"F3: beta <= 1,2 lub brak danych; F5: kurs pod SMA50",https://query1.finance.yahoo.com/v8/finance/chart/TV?range=2y&interval=1d&includeAdjustedClose=true
TWI,Titan International Inc. (DE) Common Stock,kurs/technika,F5: kurs pod SMA50,https://query1.finance.yahoo.com/v8/finance/chart/TWI?range=2y&interval=1d&includeAdjustedClose=true
TY,Tri Continental Corporation Common Stock,kurs/technika,"średni obrót < 2 mln USD; F3: beta <= 1,2 lub brak danych; F4: kurs mniej niż 25% pod 52-tyg. szczytem; F5: kurs pod SMA50",https://query1.finance.yahoo.com/v8/finance/chart/TY?range=2y&interval=1d&includeAdjustedClose=true
TYG,Tortoise Energy Infrastructure Corporation Common Stock,kurs/technika,"F3: beta <= 1,2 lub brak danych; F4: kurs mniej niż 25% pod 52-tyg. szczytem; F5: kurs pod SMA50",https://query1.finance.yahoo.com/v8/finance/chart/TYG?range=2y&interval=1d&includeAdjustedClose=true
UA,Under Armour Inc. Class C Common Stock,kurs/technika,"F3: beta <= 1,2 lub brak danych; F5: kurs pod SMA50",https://query1.finance.yahoo.com/v8/finance/chart/UA?range=2y&interval=1d&includeAdjustedClose=true
UAA,Under Armour Inc. Class A Common Stock,kurs/technika,"F3: beta <= 1,2 lub brak danych; F5: kurs pod SMA50",https://query1.finance.yahoo.com/v8/finance/chart/UAA?range=2y&interval=1d&includeAdjustedClose=true
UE,Urban Edge Properties Common Shares of Beneficial Interest,kurs/technika,"F3: beta <= 1,2 lub brak danych; F4: kurs mniej niż 25% pod 52-tyg. szczytem; F5: kurs pod SMA50",https://query1.finance.yahoo.com/v8/finance/chart/UE?range=2y&interval=1d&includeAdjustedClose=true
USNA,USANA Health Sciences Inc. Common Stock,kurs/technika,"F3: beta <= 1,2 lub brak danych; F5: kurs pod SMA50",https://query1.finance.yahoo.com/v8/finance/chart/USNA?range=2y&interval=1d&includeAdjustedClose=true
USPH,U.S. Physical Therapy Inc. Common Stock,kurs/technika,"F3: beta <= 1,2 lub brak danych; F4: kurs mniej niż 25% pod 52-tyg. szczytem",https://query1.finance.yahoo.com/v8/finance/chart/USPH?range=2y&interval=1d&includeAdjustedClose=true
UTI,Universal Technical Institute Inc Common Stock,kurs/technika,"F3: beta <= 1,2 lub brak danych; F5: kurs pod SMA50",https://query1.finance.yahoo.com/v8/finance/chart/UTI?range=2y&interval=1d&includeAdjustedClose=true
UTZ,Utz Brands Inc Class A Common Stock,kurs/technika,"F3: beta <= 1,2 lub brak danych; F4: kurs mniej niż 25% pod 52-tyg. szczytem",https://query1.finance.yahoo.com/v8/finance/chart/UTZ?range=2y&interval=1d&includeAdjustedClose=true
UVE,UNIVERSAL INSURANCE HOLDINGS INC Common Stock,kurs/technika,"F3: beta <= 1,2 lub brak danych; F4: kurs mniej niż 25% pod 52-tyg. szczytem",https://query1.finance.yahoo.com/v8/finance/chart/UVE?range=2y&interval=1d&includeAdjustedClose=true
UVV,Universal Corporation Common Stock,kurs/technika,"F3: beta <= 1,2 lub brak danych; F5: kurs pod SMA50",https://query1.finance.yahoo.com/v8/finance/chart/UVV?range=2y&interval=1d&includeAdjustedClose=true
UWMC,UWM Holdings Corporation Class A Common Stock,kurs/technika,"F3: beta <= 1,2 lub brak danych; F5: kurs pod SMA50",https://query1.finance.yahoo.com/v8/finance/chart/UWMC?range=2y&interval=1d&includeAdjustedClose=true
VCV,Invesco California Value Municipal Income Trust Common Stock,kurs/technika,"średni obrót < 2 mln USD; F3: beta <= 1,2 lub brak danych; F4: kurs mniej niż 25% pod 52-tyg. szczytem; F5: kurs pod SMA50",https://query1.finance.yahoo.com/v8/finance/chart/VCV?range=2y&interval=1d&includeAdjustedClose=true
VEL,Velocity Financial Inc. Common Stock,kurs/technika,"F3: beta <= 1,2 lub brak danych; F5: kurs pod SMA50",https://query1.finance.yahoo.com/v8/finance/chart/VEL?range=2y&interval=1d&includeAdjustedClose=true
VET,Vermilion Energy Inc. Common (Canada),kurs/technika,"F3: beta <= 1,2 lub brak danych; F4: kurs mniej niż 25% pod 52-tyg. szczytem; F5: kurs pod SMA50",https://query1.finance.yahoo.com/v8/finance/chart/VET?range=2y&interval=1d&includeAdjustedClose=true
VGM,Invesco Trust for Investment Grade Municipals Common Stock (DE),kurs/technika,"F3: beta <= 1,2 lub brak danych; F4: kurs mniej niż 25% pod 52-tyg. szczytem; F5: kurs pod SMA50",https://query1.finance.yahoo.com/v8/finance/chart/VGM?range=2y&interval=1d&includeAdjustedClose=true
VGNT,Versigent PLC Ordinary Shares,kurs/technika,"F3: beta <= 1,2 lub brak danych; F4: kurs mniej niż 25% pod 52-tyg. szczytem; F5: kurs pod SMA50",https://query1.finance.yahoo.com/v8/finance/chart/VGNT?range=2y&interval=1d&includeAdjustedClose=true
VHI,Valhi Inc. Common Stock,kurs/technika,"średni obrót < 2 mln USD; F3: beta <= 1,2 lub brak danych; F4: kurs mniej niż 25% pod 52-tyg. szczytem; F5: kurs pod SMA50",https://query1.finance.yahoo.com/v8/finance/chart/VHI?range=2y&interval=1d&includeAdjustedClose=true
VKQ,Invesco Municipal Trust Common Stock,kurs/technika,"F3: beta <= 1,2 lub brak danych; F4: kurs mniej niż 25% pod 52-tyg. szczytem; F5: kurs pod SMA50",https://query1.finance.yahoo.com/v8/finance/chart/VKQ?range=2y&interval=1d&includeAdjustedClose=true
VLRS,Controladora Vuela Compania de Aviacion S.A.B. de C.V. American Depositary Shares each representing ten (10) Ordinary Participation Certificates,kurs/technika,F5: kurs pod SMA50,https://query1.finance.yahoo.com/v8/finance/chart/VLRS?range=2y&interval=1d&includeAdjustedClose=true
VMO,Invesco Municipal Opportunity Trust Common Stock,kurs/technika,"F3: beta <= 1,2 lub brak danych; F4: kurs mniej niż 25% pod 52-tyg. szczytem; F5: kurs pod SMA50",https://query1.finance.yahoo.com/v8/finance/chart/VMO?range=2y&interval=1d&includeAdjustedClose=true
VOYG,Voyager Technologies Inc. Class A Common Stock,kurs/technika,F5: kurs pod SMA50,https://query1.finance.yahoo.com/v8/finance/chart/VOYG?range=2y&interval=1d&includeAdjustedClose=true
VRTS,Virtus Investment Partners Inc. Common Stock,kurs/technika,"F3: beta <= 1,2 lub brak danych; F5: kurs pod SMA50",https://query1.finance.yahoo.com/v8/finance/chart/VRTS?range=2y&interval=1d&includeAdjustedClose=true
VSTS,Vestis Corporation Common Stock,kurs/technika,"F3: beta <= 1,2 lub brak danych; F4: kurs mniej niż 25% pod 52-tyg. szczytem",https://query1.finance.yahoo.com/v8/finance/chart/VSTS?range=2y&interval=1d&includeAdjustedClose=true
VTEX,VTEX Class A Common Shares,kurs/technika,"F3: beta <= 1,2 lub brak danych; F4: kurs mniej niż 25% pod 52-tyg. szczytem",https://query1.finance.yahoo.com/v8/finance/chart/VTEX?range=2y&interval=1d&includeAdjustedClose=true
VTMX,Corporacion Inmobiliaria Vesta S.A.B de C.V. American Depositary Shares each representing ten (10) Common Shares,kurs/technika,"średni obrót < 2 mln USD; F3: beta <= 1,2 lub brak danych; F4: kurs mniej niż 25% pod 52-tyg. szczytem; F5: kurs pod SMA50",https://query1.finance.yahoo.com/v8/finance/chart/VTMX?range=2y&interval=1d&includeAdjustedClose=true
VTOL,Bristow Group Inc. Common Stock,kurs/technika,"F3: beta <= 1,2 lub brak danych; F4: kurs mniej niż 25% pod 52-tyg. szczytem; F5: kurs pod SMA50",https://query1.finance.yahoo.com/v8/finance/chart/VTOL?range=2y&interval=1d&includeAdjustedClose=true
VTS,Vitesse Energy Inc. Common Stock,kurs/technika,"F3: beta <= 1,2 lub brak danych",https://query1.finance.yahoo.com/v8/finance/chart/VTS?range=2y&interval=1d&includeAdjustedClose=true
VVX,V2X Inc. Common Stock,kurs/technika,"F3: beta <= 1,2 lub brak danych; F5: kurs pod SMA50",https://query1.finance.yahoo.com/v8/finance/chart/VVX?range=2y&interval=1d&includeAdjustedClose=true
VYX,NCR Voyix Corporation Common Stock,kurs/technika,F5: kurs pod SMA50,https://query1.finance.yahoo.com/v8/finance/chart/VYX?range=2y&interval=1d&includeAdjustedClose=true
WD,Walker & Dunlop Inc Common Stock,kurs/technika,"F3: beta <= 1,2 lub brak danych; F5: kurs pod SMA50",https://query1.finance.yahoo.com/v8/finance/chart/WD?range=2y&interval=1d&includeAdjustedClose=true
WEAV,Weave Communications Inc. Common Stock,kurs/technika,F4: kurs mniej niż 25% pod 52-tyg. szczytem,https://query1.finance.yahoo.com/v8/finance/chart/WEAV?range=2y&interval=1d&includeAdjustedClose=true
WGO,Winnebago Industries Inc. Common Stock,kurs/technika,"F3: beta <= 1,2 lub brak danych; F5: kurs pod SMA50",https://query1.finance.yahoo.com/v8/finance/chart/WGO?range=2y&interval=1d&includeAdjustedClose=true
WHK,WhiteHawk Minerals Corp Class A Common Stock,kurs,za krótka historia notowań (85 sesji),
WHR,Whirlpool Corporation Common Stock,kurs/technika,"F3: beta <= 1,2 lub brak danych; F5: kurs pod SMA50",https://query1.finance.yahoo.com/v8/finance/chart/WHR?range=2y&interval=1d&includeAdjustedClose=true
WKC,World Kinect Corporation Common Stock,kurs/technika,"F3: beta <= 1,2 lub brak danych; F4: kurs mniej niż 25% pod 52-tyg. szczytem",https://query1.finance.yahoo.com/v8/finance/chart/WKC?range=2y&interval=1d&includeAdjustedClose=true
WLY,John Wiley & Sons Inc. Common Stock,kurs/technika,"F3: beta <= 1,2 lub brak danych; F4: kurs mniej niż 25% pod 52-tyg. szczytem; F5: kurs pod SMA50",https://query1.finance.yahoo.com/v8/finance/chart/WLY?range=2y&interval=1d&includeAdjustedClose=true
WLYB,John Wiley & Sons Inc. Common Stock,kurs/technika,"średni obrót < 2 mln USD; F3: beta <= 1,2 lub brak danych; F4: kurs mniej niż 25% pod 52-tyg. szczytem; F5: kurs pod SMA50",https://query1.finance.yahoo.com/v8/finance/chart/WLYB?range=2y&interval=1d&includeAdjustedClose=true
WMK,Weis Markets Inc. Common Stock,kurs/technika,"F3: beta <= 1,2 lub brak danych; F4: kurs mniej niż 25% pod 52-tyg. szczytem",https://query1.finance.yahoo.com/v8/finance/chart/WMK?range=2y&interval=1d&includeAdjustedClose=true
WNC,Wabash National Corporation Common Stock,kurs/technika,"F3: beta <= 1,2 lub brak danych; F4: kurs mniej niż 25% pod 52-tyg. szczytem",https://query1.finance.yahoo.com/v8/finance/chart/WNC?range=2y&interval=1d&includeAdjustedClose=true
WOR,Worthington Enterprises Inc. Common Shares,kurs/technika,"F3: beta <= 1,2 lub brak danych; F4: kurs mniej niż 25% pod 52-tyg. szczytem",https://query1.finance.yahoo.com/v8/finance/chart/WOR?range=2y&interval=1d&includeAdjustedClose=true
WRBY,Warby Parker Inc. Class A Common Stock,kurs/technika,F4: kurs mniej niż 25% pod 52-tyg. szczytem; F5: kurs pod SMA50,https://query1.finance.yahoo.com/v8/finance/chart/WRBY?range=2y&interval=1d&includeAdjustedClose=true
WS,Worthington Steel Inc. Common Shares,kurs/technika,F5: kurs pod SMA50,https://query1.finance.yahoo.com/v8/finance/chart/WS?range=2y&interval=1d&includeAdjustedClose=true
WTI,W&T Offshore Inc. Common Stock,kurs/technika,"F3: beta <= 1,2 lub brak danych; F5: kurs pod SMA50",https://query1.finance.yahoo.com/v8/finance/chart/WTI?range=2y&interval=1d&includeAdjustedClose=true
WTTR,Select Water Solutions Inc. Class A common stock,kurs/technika,"F3: beta <= 1,2 lub brak danych; F4: kurs mniej niż 25% pod 52-tyg. szczytem; F5: kurs pod SMA50",https://query1.finance.yahoo.com/v8/finance/chart/WTTR?range=2y&interval=1d&includeAdjustedClose=true
WU,Western Union Company (The) Common Stock,kurs/technika,"F3: beta <= 1,2 lub brak danych; F5: kurs pod SMA50",https://query1.finance.yahoo.com/v8/finance/chart/WU?range=2y&interval=1d&includeAdjustedClose=true
WWW,Wolverine World Wide Inc. Common Stock,kurs/technika,F5: kurs pod SMA50,https://query1.finance.yahoo.com/v8/finance/chart/WWW?range=2y&interval=1d&includeAdjustedClose=true
XFLT,XAI Floating Rate & Alternative Income Trust Common Shares of Beneficial Interest,kurs/technika,"średni obrót < 2 mln USD; F3: beta <= 1,2 lub brak danych; F5: kurs pod SMA50",https://query1.finance.yahoo.com/v8/finance/chart/XFLT?range=2y&interval=1d&includeAdjustedClose=true
XHR,Xenia Hotels & Resorts Inc. Common Stock,kurs/technika,"F3: beta <= 1,2 lub brak danych; F4: kurs mniej niż 25% pod 52-tyg. szczytem; F5: kurs pod SMA50",https://query1.finance.yahoo.com/v8/finance/chart/XHR?range=2y&interval=1d&includeAdjustedClose=true
XPRO,Expro Ltd Ordinary Shares,kurs/technika,"F3: beta <= 1,2 lub brak danych; F4: kurs mniej niż 25% pod 52-tyg. szczytem; F5: kurs pod SMA50",https://query1.finance.yahoo.com/v8/finance/chart/XPRO?range=2y&interval=1d&includeAdjustedClose=true
XTND,Xtend AI Robotics Inc. Common Stock,kurs,za krótka historia notowań (24 sesji),
XYF,X Financial American Depositary Shares each representing six Class A Ordinary Shares,kurs/technika,"średni obrót < 2 mln USD; F3: beta <= 1,2 lub brak danych; F5: kurs pod SMA50",https://query1.finance.yahoo.com/v8/finance/chart/XYF?range=2y&interval=1d&includeAdjustedClose=true
XZO,Exzeo Group Inc. Common Stock,kurs/technika,"F3: beta <= 1,2 lub brak danych; F5: kurs pod SMA50",https://query1.finance.yahoo.com/v8/finance/chart/XZO?range=2y&interval=1d&includeAdjustedClose=true
YALA,Yalla Group Limited American Depositary Shares each representing one Class A Ordinary Share,kurs/technika,średni obrót < 2 mln USD; F5: kurs pod SMA50,https://query1.finance.yahoo.com/v8/finance/chart/YALA?range=2y&interval=1d&includeAdjustedClose=true
YELP,Yelp Inc. Common Stock,kurs/technika,"F3: beta <= 1,2 lub brak danych; F5: kurs pod SMA50",https://query1.finance.yahoo.com/v8/finance/chart/YELP?range=2y&interval=1d&includeAdjustedClose=true
YETI,YETI Holdings Inc. Common Stock,kurs/technika,F5: kurs pod SMA50,https://query1.finance.yahoo.com/v8/finance/chart/YETI?range=2y&interval=1d&includeAdjustedClose=true
YEXT,Yext Inc. Common Stock,kurs/technika,"F3: beta <= 1,2 lub brak danych",https://query1.finance.yahoo.com/v8/finance/chart/YEXT?range=2y&interval=1d&includeAdjustedClose=true
YSS,York Space Systems Inc. Common Stock,kurs/technika,"F3: beta <= 1,2 lub brak danych; F5: kurs pod SMA50",https://query1.finance.yahoo.com/v8/finance/chart/YSS?range=2y&interval=1d&includeAdjustedClose=true
ZGN,Ermenegildo Zegna N.V. Ordinary Shares,kurs/technika,F4: kurs mniej niż 25% pod 52-tyg. szczytem; F5: kurs pod SMA50,https://query1.finance.yahoo.com/v8/finance/chart/ZGN?range=2y&interval=1d&includeAdjustedClose=true
ZIP,ZipRecruiter Inc. Class A Common Stock,kurs/technika,F5: kurs pod SMA50,https://query1.finance.yahoo.com/v8/finance/chart/ZIP?range=2y&interval=1d&includeAdjustedClose=true
ZKH,ZKH Group Limited American Depositary Shares each representing thirty-five (35) Class A Ordinary Shares,kurs/technika,"średni obrót < 2 mln USD; F3: beta <= 1,2 lub brak danych; F5: kurs pod SMA50",https://query1.finance.yahoo.com/v8/finance/chart/ZKH?range=2y&interval=1d&includeAdjustedClose=true
AEF,abrdn Emerging Markets ex-China Fund Inc. Common Stock,kurs/technika,"średni obrót < 2 mln USD; F3: beta <= 1,2 lub brak danych; F4: kurs mniej niż 25% pod 52-tyg. szczytem; F5: kurs pod SMA50",https://query1.finance.yahoo.com/v8/finance/chart/AEF?range=2y&interval=1d&includeAdjustedClose=true
ASM,Avino Silver & Gold Mines Ltd. Common Shares (Canada),kurs/technika,F5: kurs pod SMA50,https://query1.finance.yahoo.com/v8/finance/chart/ASM?range=2y&interval=1d&includeAdjustedClose=true
AUXX,Gold X2 Mining Inc. Common Shares,kurs,za krótka historia notowań (23 sesji),
BHB,Bar Harbor Bankshares Inc. Common Stock,kurs/technika,"F3: beta <= 1,2 lub brak danych; F4: kurs mniej niż 25% pod 52-tyg. szczytem; F5: kurs pod SMA50",https://query1.finance.yahoo.com/v8/finance/chart/BHB?range=2y&interval=1d&includeAdjustedClose=true
BKTI,BK Technologies Corporation Common Stock,kurs/technika,"F3: beta <= 1,2 lub brak danych; F5: kurs pod SMA50",https://query1.finance.yahoo.com/v8/finance/chart/BKTI?range=2y&interval=1d&includeAdjustedClose=true
BRBS,Blue Ridge Bankshares Inc. Common Stock,kurs/technika,"F3: beta <= 1,2 lub brak danych; F4: kurs mniej niż 25% pod 52-tyg. szczytem",https://query1.finance.yahoo.com/v8/finance/chart/BRBS?range=2y&interval=1d&includeAdjustedClose=true
CATX,Perspective Therapeutics Inc. Common Stock,kurs/technika,F5: kurs pod SMA50,https://query1.finance.yahoo.com/v8/finance/chart/CATX?range=2y&interval=1d&includeAdjustedClose=true
CIX,CompX International Inc. Common Stock,kurs/technika,"średni obrót < 2 mln USD; F3: beta <= 1,2 lub brak danych; F4: kurs mniej niż 25% pod 52-tyg. szczytem",https://query1.finance.yahoo.com/v8/finance/chart/CIX?range=2y&interval=1d&includeAdjustedClose=true
CMCL,Caledonia Mining Corporation Plc Common Shares,kurs/technika,"F3: beta <= 1,2 lub brak danych",https://query1.finance.yahoo.com/v8/finance/chart/CMCL?range=2y&interval=1d&includeAdjustedClose=true
CTGO,Contango Silver & Gold Inc. Common Stock,kurs/technika,F5: kurs pod SMA50,https://query1.finance.yahoo.com/v8/finance/chart/CTGO?range=2y&interval=1d&includeAdjustedClose=true
DC,Dakota Gold Corp. Common Stock,kurs/technika,F4: kurs mniej niż 25% pod 52-tyg. szczytem; F5: kurs pod SMA50,https://query1.finance.yahoo.com/v8/finance/chart/DC?range=2y&interval=1d&includeAdjustedClose=true
DNN,Denison Mines Corp Ordinary Shares (Canada),kurs/technika,F5: kurs pod SMA50,https://query1.finance.yahoo.com/v8/finance/chart/DNN?range=2y&interval=1d&includeAdjustedClose=true
ELA,Envela Corporation Common Stock,kurs/technika,"średni obrót < 2 mln USD; F3: beta <= 1,2 lub brak danych; F5: kurs pod SMA50",https://query1.finance.yahoo.com/v8/finance/chart/ELA?range=2y&interval=1d&includeAdjustedClose=true
ELLO,Ellomay Capital Ltd Ordinary Shares (Israel),kurs/technika,"średni obrót < 2 mln USD; F3: beta <= 1,2 lub brak danych",https://query1.finance.yahoo.com/v8/finance/chart/ELLO?range=2y&interval=1d&includeAdjustedClose=true
GAU,Galiano Gold Inc.,kurs/technika,"F3: beta <= 1,2 lub brak danych; F5: kurs pod SMA50",https://query1.finance.yahoo.com/v8/finance/chart/GAU?range=2y&interval=1d&includeAdjustedClose=true
GMTL,Guardian Metal Resources PLC ADS,kurs/technika,"F3: beta <= 1,2 lub brak danych; F5: kurs pod SMA50",https://query1.finance.yahoo.com/v8/finance/chart/GMTL?range=2y&interval=1d&includeAdjustedClose=true
GORO,Goldgroup Mining Inc. Common Shares,kurs/technika,"F3: beta <= 1,2 lub brak danych; F5: kurs pod SMA50",https://query1.finance.yahoo.com/v8/finance/chart/GORO?range=2y&interval=1d&includeAdjustedClose=true
GROY,Gold Royalty Corp. Common Shares,kurs/technika,"F3: beta <= 1,2 lub brak danych; F5: kurs pod SMA50",https://query1.finance.yahoo.com/v8/finance/chart/GROY?range=2y&interval=1d&includeAdjustedClose=true
GTE,Gran Tierra Energy Inc. Common Stock,kurs/technika,"F3: beta <= 1,2 lub brak danych; F4: kurs mniej niż 25% pod 52-tyg. szczytem",https://query1.finance.yahoo.com/v8/finance/chart/GTE?range=2y&interval=1d&includeAdjustedClose=true
HSLV,Highlander Silver Corp. Common Shares,kurs/technika,"F3: beta <= 1,2 lub brak danych; F5: kurs pod SMA50",https://query1.finance.yahoo.com/v8/finance/chart/HSLV?range=2y&interval=1d&includeAdjustedClose=true
HYLN,Hyliion Holdings Corp. Class A Common Stock,kurs/technika,F5: kurs pod SMA50,https://query1.finance.yahoo.com/v8/finance/chart/HYLN?range=2y&interval=1d&includeAdjustedClose=true
IAUX,i-80 Gold Corp. Common Shares,kurs/technika,F5: kurs pod SMA50,https://query1.finance.yahoo.com/v8/finance/chart/IAUX?range=2y&interval=1d&includeAdjustedClose=true
IDR,Idaho Strategic Resources Inc. Common Stock,kurs/technika,"F3: beta <= 1,2 lub brak danych; F5: kurs pod SMA50",https://query1.finance.yahoo.com/v8/finance/chart/IDR?range=2y&interval=1d&includeAdjustedClose=true
IE,Ivanhoe Electric Inc. Common Stock,kurs/technika,F5: kurs pod SMA50,https://query1.finance.yahoo.com/v8/finance/chart/IE?range=2y&interval=1d&includeAdjustedClose=true
IMC,IMC Rare Earths Ltd Ordinary Shares,kurs,za krótka historia notowań (51 sesji),
ISOU,IsoEnergy Ltd. Common Shares,kurs/technika,średni obrót < 2 mln USD; F5: kurs pod SMA50,https://query1.finance.yahoo.com/v8/finance/chart/ISOU?range=2y&interval=1d&includeAdjustedClose=true
ITRG,Integra Resources Corp. Common Shares,kurs/technika,F5: kurs pod SMA50,https://query1.finance.yahoo.com/v8/finance/chart/ITRG?range=2y&interval=1d&includeAdjustedClose=true
LEGO,Legato Merger Corp. IV Ordinary Shares,kurs/technika,"średni obrót < 2 mln USD; F3: beta <= 1,2 lub brak danych; F4: kurs mniej niż 25% pod 52-tyg. szczytem; F5: kurs pod SMA50",https://query1.finance.yahoo.com/v8/finance/chart/LEGO?range=2y&interval=1d&includeAdjustedClose=true
LXFR,Luxfer Holdings PLC Ordinary Shares,kurs/technika,"F3: beta <= 1,2 lub brak danych; F4: kurs mniej niż 25% pod 52-tyg. szczytem",https://query1.finance.yahoo.com/v8/finance/chart/LXFR?range=2y&interval=1d&includeAdjustedClose=true
MPTI,M-tron Industries Inc. Common Stock,kurs/technika,"F3: beta <= 1,2 lub brak danych; F5: kurs pod SMA50",https://query1.finance.yahoo.com/v8/finance/chart/MPTI?range=2y&interval=1d&includeAdjustedClose=true
MTA,Metalla Royalty & Streaming Ltd. Common Shares,kurs/technika,F5: kurs pod SMA50,https://query1.finance.yahoo.com/v8/finance/chart/MTA?range=2y&interval=1d&includeAdjustedClose=true
NAK,Northern Dynasty Minerals Ltd. Common Stock,kurs/technika,F5: kurs pod SMA50,https://query1.finance.yahoo.com/v8/finance/chart/NAK?range=2y&interval=1d&includeAdjustedClose=true
NEWP,New Pacific Metals Corp. Common Shares,kurs/technika,F4: kurs mniej niż 25% pod 52-tyg. szczytem; F5: kurs pod SMA50,https://query1.finance.yahoo.com/v8/finance/chart/NEWP?range=2y&interval=1d&includeAdjustedClose=true
NFGC,New Found Gold Corp Common Shares,kurs/technika,F5: kurs pod SMA50,https://query1.finance.yahoo.com/v8/finance/chart/NFGC?range=2y&interval=1d&includeAdjustedClose=true
NG,Novagold Resources Inc.,kurs/technika,F5: kurs pod SMA50,https://query1.finance.yahoo.com/v8/finance/chart/NG?range=2y&interval=1d&includeAdjustedClose=true
OBE,Obsidian Energy Ltd. Common Shares,kurs/technika,"F3: beta <= 1,2 lub brak danych; F5: kurs pod SMA50",https://query1.finance.yahoo.com/v8/finance/chart/OBE?range=2y&interval=1d&includeAdjustedClose=true
PRK,Park National Corporation Common Stock,kurs/technika,"F3: beta <= 1,2 lub brak danych; F4: kurs mniej niż 25% pod 52-tyg. szczytem; F5: kurs pod SMA50",https://query1.finance.yahoo.com/v8/finance/chart/PRK?range=2y&interval=1d&includeAdjustedClose=true
QNC,Quantum eMotion Corp. Common Shares,kurs/technika,"średni obrót < 2 mln USD; F3: beta <= 1,2 lub brak danych; F5: kurs pod SMA50",https://query1.finance.yahoo.com/v8/finance/chart/QNC?range=2y&interval=1d&includeAdjustedClose=true
REI,Ring Energy Inc. Common Stock,kurs/technika,"F3: beta <= 1,2 lub brak danych; F5: kurs pod SMA50",https://query1.finance.yahoo.com/v8/finance/chart/REI?range=2y&interval=1d&includeAdjustedClose=true
REPX,Riley Exploration Permian Inc. Common Stock,kurs/technika,"F3: beta <= 1,2 lub brak danych; F4: kurs mniej niż 25% pod 52-tyg. szczytem",https://query1.finance.yahoo.com/v8/finance/chart/REPX?range=2y&interval=1d&includeAdjustedClose=true
RLGT,Radiant Logistics Inc. Common Stock,kurs/technika,"F3: beta <= 1,2 lub brak danych; F4: kurs mniej niż 25% pod 52-tyg. szczytem",https://query1.finance.yahoo.com/v8/finance/chart/RLGT?range=2y&interval=1d&includeAdjustedClose=true
SLI,Standard Lithium Ltd. Common Shares,kurs/technika,"F3: beta <= 1,2 lub brak danych; F5: kurs pod SMA50",https://query1.finance.yahoo.com/v8/finance/chart/SLI?range=2y&interval=1d&includeAdjustedClose=true
SLSR,Solaris Resources Inc. Common Shares,kurs/technika,średni obrót < 2 mln USD; F5: kurs pod SMA50,https://query1.finance.yahoo.com/v8/finance/chart/SLSR?range=2y&interval=1d&includeAdjustedClose=true
SVM,Silvercorp Metals Inc. Common Shares,kurs/technika,"F3: beta <= 1,2 lub brak danych; F5: kurs pod SMA50",https://query1.finance.yahoo.com/v8/finance/chart/SVM?range=2y&interval=1d&includeAdjustedClose=true
TGB,Trekor Metals Limited Common Shares,kurs/technika,F4: kurs mniej niż 25% pod 52-tyg. szczytem; F5: kurs pod SMA50,https://query1.finance.yahoo.com/v8/finance/chart/TGB?range=2y&interval=1d&includeAdjustedClose=true
THM,International Tower Hill Mines Ltd. Ordinary Shares (Canada),kurs/technika,F5: kurs pod SMA50,https://query1.finance.yahoo.com/v8/finance/chart/THM?range=2y&interval=1d&includeAdjustedClose=true
TMP,Tompkins Financial Corporation Common Stock,kurs/technika,"F3: beta <= 1,2 lub brak danych; F4: kurs mniej niż 25% pod 52-tyg. szczytem; F5: kurs pod SMA50",https://query1.finance.yahoo.com/v8/finance/chart/TMP?range=2y&interval=1d&includeAdjustedClose=true
TMQ,Trilogy Metals Inc. Common Stock,kurs/technika,"F3: beta <= 1,2 lub brak danych; F5: kurs pod SMA50",https://query1.finance.yahoo.com/v8/finance/chart/TMQ?range=2y&interval=1d&includeAdjustedClose=true
TRX,TRX Gold Corporation Common Stock,kurs/technika,"F3: beta <= 1,2 lub brak danych; F5: kurs pod SMA50",https://query1.finance.yahoo.com/v8/finance/chart/TRX?range=2y&interval=1d&includeAdjustedClose=true
UMAC,Unusual Machines Inc. Common Stock,kurs/technika,F5: kurs pod SMA50,https://query1.finance.yahoo.com/v8/finance/chart/UMAC?range=2y&interval=1d&includeAdjustedClose=true
URG,Ur Energy Inc Common Shares (Canada),kurs/technika,F5: kurs pod SMA50,https://query1.finance.yahoo.com/v8/finance/chart/URG?range=2y&interval=1d&includeAdjustedClose=true
USAS,Americas Gold and Silver Corporation Common Shares no par value,kurs/technika,F5: kurs pod SMA50,https://query1.finance.yahoo.com/v8/finance/chart/USAS?range=2y&interval=1d&includeAdjustedClose=true
UUUU,Energy Fuels Inc Ordinary Shares (Canada),kurs/technika,F5: kurs pod SMA50,https://query1.finance.yahoo.com/v8/finance/chart/UUUU?range=2y&interval=1d&includeAdjustedClose=true
VGZ,Vista Gold Corp Common Stock,kurs/technika,F4: kurs mniej niż 25% pod 52-tyg. szczytem,https://query1.finance.yahoo.com/v8/finance/chart/VGZ?range=2y&interval=1d&includeAdjustedClose=true
VKI,Invesco Advantage Municipal Income Trust II Common Shares of Beneficial Interest (DE),kurs/technika,"średni obrót < 2 mln USD; F3: beta <= 1,2 lub brak danych; F4: kurs mniej niż 25% pod 52-tyg. szczytem; F5: kurs pod SMA50",https://query1.finance.yahoo.com/v8/finance/chart/VKI?range=2y&interval=1d&includeAdjustedClose=true
VZLA,Vizsla Silver Corp. Common Shares,kurs/technika,F5: kurs pod SMA50,https://query1.finance.yahoo.com/v8/finance/chart/VZLA?range=2y&interval=1d&includeAdjustedClose=true
WRN,Western Copper and Gold Corporation Common Stock,kurs/technika,"F3: beta <= 1,2 lub brak danych; F5: kurs pod SMA50",https://query1.finance.yahoo.com/v8/finance/chart/WRN?range=2y&interval=1d&includeAdjustedClose=true
AOSL,Alpha and Omega Semiconductor Limited Common Shares,finanse,"F1: FCF TTM -68,641,000 USD <= 0","https://query1.finance.yahoo.com/ws/fundamentals-timeseries/v1/finance/timeseries/AOSL?type=quarterlyTotalRevenue,trailingTotalRevenue,trailingFreeCashFlow,quarterlyFreeCashFlow,trailingOperatingCashFlow,trailingCapitalExpenditure,quarterlyTotalDebt,quarterlyCapitalLeaseObligations,quarterlyCashCashEquivalentsAndShortTermInvestments,trailingEBITDA,quarterlyEBITDA,quarterlyOrdinarySharesNumber,trailingNetIncome,trailingTotalUnusualItems&period1=1696118400&period2=1791504000"
ARCT,Arcturus Therapeutics Holdings Inc. Common Stock,finanse,"F1: FCF TTM -72,822,000 USD <= 0","https://query1.finance.yahoo.com/ws/fundamentals-timeseries/v1/finance/timeseries/ARCT?type=quarterlyTotalRevenue,trailingTotalRevenue,trailingFreeCashFlow,quarterlyFreeCashFlow,trailingOperatingCashFlow,trailingCapitalExpenditure,quarterlyTotalDebt,quarterlyCapitalLeaseObligations,quarterlyCashCashEquivalentsAndShortTermInvestments,trailingEBITDA,quarterlyEBITDA,quarterlyOrdinarySharesNumber,trailingNetIncome,trailingTotalUnusualItems&period1=1696118400&period2=1791504000"
CAPR,Capricor Therapeutics Inc. Common Stock,finanse,spółka przed przychodami lub brak przychodów,"https://query1.finance.yahoo.com/ws/fundamentals-timeseries/v1/finance/timeseries/CAPR?type=quarterlyTotalRevenue,trailingTotalRevenue,trailingFreeCashFlow,quarterlyFreeCashFlow,trailingOperatingCashFlow,trailingCapitalExpenditure,quarterlyTotalDebt,quarterlyCapitalLeaseObligations,quarterlyCashCashEquivalentsAndShortTermInvestments,trailingEBITDA,quarterlyEBITDA,quarterlyOrdinarySharesNumber,trailingNetIncome,trailingTotalUnusualItems&period1=1696118400&period2=1791504000"
CEVA,CEVA Inc. Common Stock,finanse,"F1: FCF TTM -1,063,000 USD <= 0","https://query1.finance.yahoo.com/ws/fundamentals-timeseries/v1/finance/timeseries/CEVA?type=quarterlyTotalRevenue,trailingTotalRevenue,trailingFreeCashFlow,quarterlyFreeCashFlow,trailingOperatingCashFlow,trailingCapitalExpenditure,quarterlyTotalDebt,quarterlyCapitalLeaseObligations,quarterlyCashCashEquivalentsAndShortTermInvestments,trailingEBITDA,quarterlyEBITDA,quarterlyOrdinarySharesNumber,trailingNetIncome,trailingTotalUnusualItems&period1=1696118400&period2=1791504000"
CMRC,Commerce.com Inc. Series 1 Common Stock,finanse,kapitalizacja 269 mln USD poza 300 mln - 3 mld,"https://query1.finance.yahoo.com/ws/fundamentals-timeseries/v1/finance/timeseries/CMRC?type=quarterlyTotalRevenue,trailingTotalRevenue,trailingFreeCashFlow,quarterlyFreeCashFlow,trailingOperatingCashFlow,trailingCapitalExpenditure,quarterlyTotalDebt,quarterlyCapitalLeaseObligations,quarterlyCashCashEquivalentsAndShortTermInvestments,trailingEBITDA,quarterlyEBITDA,quarterlyOrdinarySharesNumber,trailingNetIncome,trailingTotalUnusualItems&period1=1696118400&period2=1791504000"
EXTR,Extreme Networks Inc. Common Stock,finanse,"kapitalizacja 3,189 mln USD poza 300 mln - 3 mld","https://query1.finance.yahoo.com/ws/fundamentals-timeseries/v1/finance/timeseries/EXTR?type=quarterlyTotalRevenue,trailingTotalRevenue,trailingFreeCashFlow,quarterlyFreeCashFlow,trailingOperatingCashFlow,trailingCapitalExpenditure,quarterlyTotalDebt,quarterlyCapitalLeaseObligations,quarterlyCashCashEquivalentsAndShortTermInvestments,trailingEBITDA,quarterlyEBITDA,quarterlyOrdinarySharesNumber,trailingNetIncome,trailingTotalUnusualItems&period1=1696118400&period2=1791504000"
ICHR,Ichor Holdings Ordinary Shares,finanse,"F1: FCF TTM -25,605,000 USD <= 0","https://query1.finance.yahoo.com/ws/fundamentals-timeseries/v1/finance/timeseries/ICHR?type=quarterlyTotalRevenue,trailingTotalRevenue,trailingFreeCashFlow,quarterlyFreeCashFlow,trailingOperatingCashFlow,trailingCapitalExpenditure,quarterlyTotalDebt,quarterlyCapitalLeaseObligations,quarterlyCashCashEquivalentsAndShortTermInvestments,trailingEBITDA,quarterlyEBITDA,quarterlyOrdinarySharesNumber,trailingNetIncome,trailingTotalUnusualItems&period1=1696118400&period2=1791504000"
INDP,Indaptus Therapeutics Inc. Common Stock,finanse,spółka przed przychodami lub brak przychodów,"https://query1.finance.yahoo.com/ws/fundamentals-timeseries/v1/finance/timeseries/INDP?type=quarterlyTotalRevenue,trailingTotalRevenue,trailingFreeCashFlow,quarterlyFreeCashFlow,trailingOperatingCashFlow,trailingCapitalExpenditure,quarterlyTotalDebt,quarterlyCapitalLeaseObligations,quarterlyCashCashEquivalentsAndShortTermInvestments,trailingEBITDA,quarterlyEBITDA,quarterlyOrdinarySharesNumber,trailingNetIncome,trailingTotalUnusualItems&period1=1696118400&period2=1791504000"
MYGN,Myriad Genetics Inc. Common Stock,finanse,"F1: FCF TTM -14,200,000 USD <= 0","https://query1.finance.yahoo.com/ws/fundamentals-timeseries/v1/finance/timeseries/MYGN?type=quarterlyTotalRevenue,trailingTotalRevenue,trailingFreeCashFlow,quarterlyFreeCashFlow,trailingOperatingCashFlow,trailingCapitalExpenditure,quarterlyTotalDebt,quarterlyCapitalLeaseObligations,quarterlyCashCashEquivalentsAndShortTermInvestments,trailingEBITDA,quarterlyEBITDA,quarterlyOrdinarySharesNumber,trailingNetIncome,trailingTotalUnusualItems&period1=1696118400&period2=1791504000"
NTGR,NETGEAR Inc. Common Stock,finanse,"F1: FCF TTM -17,251,000 USD <= 0","https://query1.finance.yahoo.com/ws/fundamentals-timeseries/v1/finance/timeseries/NTGR?type=quarterlyTotalRevenue,trailingTotalRevenue,trailingFreeCashFlow,quarterlyFreeCashFlow,trailingOperatingCashFlow,trailingCapitalExpenditure,quarterlyTotalDebt,quarterlyCapitalLeaseObligations,quarterlyCashCashEquivalentsAndShortTermInvestments,trailingEBITDA,quarterlyEBITDA,quarterlyOrdinarySharesNumber,trailingNetIncome,trailingTotalUnusualItems&period1=1696118400&period2=1791504000"
ODD,ODDITY Tech Ltd. Class A Ordinary Shares,finanse,"F1: FCF TTM -35,542,000 USD <= 0","https://query1.finance.yahoo.com/ws/fundamentals-timeseries/v1/finance/timeseries/ODD?type=quarterlyTotalRevenue,trailingTotalRevenue,trailingFreeCashFlow,quarterlyFreeCashFlow,trailingOperatingCashFlow,trailingCapitalExpenditure,quarterlyTotalDebt,quarterlyCapitalLeaseObligations,quarterlyCashCashEquivalentsAndShortTermInvestments,trailingEBITDA,quarterlyEBITDA,quarterlyOrdinarySharesNumber,trailingNetIncome,trailingTotalUnusualItems&period1=1696118400&period2=1791504000"
ORBS,Eightco Holdings Inc. Common Stock,finanse,"F1: FCF TTM -21,011,905 USD <= 0","https://query1.finance.yahoo.com/ws/fundamentals-timeseries/v1/finance/timeseries/ORBS?type=quarterlyTotalRevenue,trailingTotalRevenue,trailingFreeCashFlow,quarterlyFreeCashFlow,trailingOperatingCashFlow,trailingCapitalExpenditure,quarterlyTotalDebt,quarterlyCapitalLeaseObligations,quarterlyCashCashEquivalentsAndShortTermInvestments,trailingEBITDA,quarterlyEBITDA,quarterlyOrdinarySharesNumber,trailingNetIncome,trailingTotalUnusualItems&period1=1696118400&period2=1791504000"
OUST,Ouster Inc. Common Stock,finanse,"F1: FCF TTM -82,468,000 USD <= 0","https://query1.finance.yahoo.com/ws/fundamentals-timeseries/v1/finance/timeseries/OUST?type=quarterlyTotalRevenue,trailingTotalRevenue,trailingFreeCashFlow,quarterlyFreeCashFlow,trailingOperatingCashFlow,trailingCapitalExpenditure,quarterlyTotalDebt,quarterlyCapitalLeaseObligations,quarterlyCashCashEquivalentsAndShortTermInvestments,trailingEBITDA,quarterlyEBITDA,quarterlyOrdinarySharesNumber,trailingNetIncome,trailingTotalUnusualItems&period1=1696118400&period2=1791504000"
PDFS,PDF Solutions Inc. Common Stock,finanse,"F1: FCF TTM -1,995,000 USD <= 0","https://query1.finance.yahoo.com/ws/fundamentals-timeseries/v1/finance/timeseries/PDFS?type=quarterlyTotalRevenue,trailingTotalRevenue,trailingFreeCashFlow,quarterlyFreeCashFlow,trailingOperatingCashFlow,trailingCapitalExpenditure,quarterlyTotalDebt,quarterlyCapitalLeaseObligations,quarterlyCashCashEquivalentsAndShortTermInvestments,trailingEBITDA,quarterlyEBITDA,quarterlyOrdinarySharesNumber,trailingNetIncome,trailingTotalUnusualItems&period1=1696118400&period2=1791504000"
PRME,Prime Medicine Inc. Common Stock,finanse,"F1: FCF TTM -156,848,000 USD <= 0","https://query1.finance.yahoo.com/ws/fundamentals-timeseries/v1/finance/timeseries/PRME?type=quarterlyTotalRevenue,trailingTotalRevenue,trailingFreeCashFlow,quarterlyFreeCashFlow,trailingOperatingCashFlow,trailingCapitalExpenditure,quarterlyTotalDebt,quarterlyCapitalLeaseObligations,quarterlyCashCashEquivalentsAndShortTermInvestments,trailingEBITDA,quarterlyEBITDA,quarterlyOrdinarySharesNumber,trailingNetIncome,trailingTotalUnusualItems&period1=1696118400&period2=1791504000"
PSIX,Power Solutions International Inc. Common Stock,finanse,F2: przychody kw. r/r -20.5%,"https://query1.finance.yahoo.com/ws/fundamentals-timeseries/v1/finance/timeseries/PSIX?type=quarterlyTotalRevenue,trailingTotalRevenue,trailingFreeCashFlow,quarterlyFreeCashFlow,trailingOperatingCashFlow,trailingCapitalExpenditure,quarterlyTotalDebt,quarterlyCapitalLeaseObligations,quarterlyCashCashEquivalentsAndShortTermInvestments,trailingEBITDA,quarterlyEBITDA,quarterlyOrdinarySharesNumber,trailingNetIncome,trailingTotalUnusualItems&period1=1696118400&period2=1791504000"
QSI,Quantum-Si Incorporated Class A Common Stock,finanse,"F1: FCF TTM -93,688,000 USD <= 0","https://query1.finance.yahoo.com/ws/fundamentals-timeseries/v1/finance/timeseries/QSI?type=quarterlyTotalRevenue,trailingTotalRevenue,trailingFreeCashFlow,quarterlyFreeCashFlow,trailingOperatingCashFlow,trailingCapitalExpenditure,quarterlyTotalDebt,quarterlyCapitalLeaseObligations,quarterlyCashCashEquivalentsAndShortTermInvestments,trailingEBITDA,quarterlyEBITDA,quarterlyOrdinarySharesNumber,trailingNetIncome,trailingTotalUnusualItems&period1=1696118400&period2=1791504000"
RPD,Rapid7 Inc. Common Stock,finanse,F2: przychody kw. r/r -1.5%,"https://query1.finance.yahoo.com/ws/fundamentals-timeseries/v1/finance/timeseries/RPD?type=quarterlyTotalRevenue,trailingTotalRevenue,trailingFreeCashFlow,quarterlyFreeCashFlow,trailingOperatingCashFlow,trailingCapitalExpenditure,quarterlyTotalDebt,quarterlyCapitalLeaseObligations,quarterlyCashCashEquivalentsAndShortTermInvestments,trailingEBITDA,quarterlyEBITDA,quarterlyOrdinarySharesNumber,trailingNetIncome,trailingTotalUnusualItems&period1=1696118400&period2=1791504000"
RXRX,Recursion Pharmaceuticals Inc. Class A Common Stock,finanse,"F1: FCF TTM -354,265,000 USD <= 0","https://query1.finance.yahoo.com/ws/fundamentals-timeseries/v1/finance/timeseries/RXRX?type=quarterlyTotalRevenue,trailingTotalRevenue,trailingFreeCashFlow,quarterlyFreeCashFlow,trailingOperatingCashFlow,trailingCapitalExpenditure,quarterlyTotalDebt,quarterlyCapitalLeaseObligations,quarterlyCashCashEquivalentsAndShortTermInvestments,trailingEBITDA,quarterlyEBITDA,quarterlyOrdinarySharesNumber,trailingNetIncome,trailingTotalUnusualItems&period1=1696118400&period2=1791504000"
SBET,Sharplink Inc. Common Stock,finanse,"F1: FCF TTM -33,211,000 USD <= 0","https://query1.finance.yahoo.com/ws/fundamentals-timeseries/v1/finance/timeseries/SBET?type=quarterlyTotalRevenue,trailingTotalRevenue,trailingFreeCashFlow,quarterlyFreeCashFlow,trailingOperatingCashFlow,trailingCapitalExpenditure,quarterlyTotalDebt,quarterlyCapitalLeaseObligations,quarterlyCashCashEquivalentsAndShortTermInvestments,trailingEBITDA,quarterlyEBITDA,quarterlyOrdinarySharesNumber,trailingNetIncome,trailingTotalUnusualItems&period1=1696118400&period2=1791504000"
SLDP,Solid Power Inc. Class A Common Stock,finanse,spółka przed przychodami lub brak przychodów,"https://query1.finance.yahoo.com/ws/fundamentals-timeseries/v1/finance/timeseries/SLDP?type=quarterlyTotalRevenue,trailingTotalRevenue,trailingFreeCashFlow,quarterlyFreeCashFlow,trailingOperatingCashFlow,trailingCapitalExpenditure,quarterlyTotalDebt,quarterlyCapitalLeaseObligations,quarterlyCashCashEquivalentsAndShortTermInvestments,trailingEBITDA,quarterlyEBITDA,quarterlyOrdinarySharesNumber,trailingNetIncome,trailingTotalUnusualItems&period1=1696118400&period2=1791504000"
SVCO,Silvaco Group Inc. Common Stock,finanse,"F1: FCF TTM -34,227,000 USD <= 0","https://query1.finance.yahoo.com/ws/fundamentals-timeseries/v1/finance/timeseries/SVCO?type=quarterlyTotalRevenue,trailingTotalRevenue,trailingFreeCashFlow,quarterlyFreeCashFlow,trailingOperatingCashFlow,trailingCapitalExpenditure,quarterlyTotalDebt,quarterlyCapitalLeaseObligations,quarterlyCashCashEquivalentsAndShortTermInvestments,trailingEBITDA,quarterlyEBITDA,quarterlyOrdinarySharesNumber,trailingNetIncome,trailingTotalUnusualItems&period1=1696118400&period2=1791504000"
TSSI,TSS Inc. Common Stock,finanse,"F1: FCF TTM -20,978,000 USD <= 0","https://query1.finance.yahoo.com/ws/fundamentals-timeseries/v1/finance/timeseries/TSSI?type=quarterlyTotalRevenue,trailingTotalRevenue,trailingFreeCashFlow,quarterlyFreeCashFlow,trailingOperatingCashFlow,trailingCapitalExpenditure,quarterlyTotalDebt,quarterlyCapitalLeaseObligations,quarterlyCashCashEquivalentsAndShortTermInvestments,trailingEBITDA,quarterlyEBITDA,quarterlyOrdinarySharesNumber,trailingNetIncome,trailingTotalUnusualItems&period1=1696118400&period2=1791504000"
VECO,Veeco Instruments Inc. Common Stock,finanse,F2: przychody kw. r/r -5.4%,"https://query1.finance.yahoo.com/ws/fundamentals-timeseries/v1/finance/timeseries/VECO?type=quarterlyTotalRevenue,trailingTotalRevenue,trailingFreeCashFlow,quarterlyFreeCashFlow,trailingOperatingCashFlow,trailingCapitalExpenditure,quarterlyTotalDebt,quarterlyCapitalLeaseObligations,quarterlyCashCashEquivalentsAndShortTermInvestments,trailingEBITDA,quarterlyEBITDA,quarterlyOrdinarySharesNumber,trailingNetIncome,trailingTotalUnusualItems&period1=1696118400&period2=1791504000"
WBTN,WEBTOON Entertainment Inc. Common stock,finanse,"F1: FCF TTM -13,874,000 USD <= 0","https://query1.finance.yahoo.com/ws/fundamentals-timeseries/v1/finance/timeseries/WBTN?type=quarterlyTotalRevenue,trailingTotalRevenue,trailingFreeCashFlow,quarterlyFreeCashFlow,trailingOperatingCashFlow,trailingCapitalExpenditure,quarterlyTotalDebt,quarterlyCapitalLeaseObligations,quarterlyCashCashEquivalentsAndShortTermInvestments,trailingEBITDA,quarterlyEBITDA,quarterlyOrdinarySharesNumber,trailingNetIncome,trailingTotalUnusualItems&period1=1696118400&period2=1791504000"
AI,C3.ai Inc. Class A Common Stock,finanse,"F1: FCF TTM -155,777,000 USD <= 0","https://query1.finance.yahoo.com/ws/fundamentals-timeseries/v1/finance/timeseries/AI?type=quarterlyTotalRevenue,trailingTotalRevenue,trailingFreeCashFlow,quarterlyFreeCashFlow,trailingOperatingCashFlow,trailingCapitalExpenditure,quarterlyTotalDebt,quarterlyCapitalLeaseObligations,quarterlyCashCashEquivalentsAndShortTermInvestments,trailingEBITDA,quarterlyEBITDA,quarterlyOrdinarySharesNumber,trailingNetIncome,trailingTotalUnusualItems&period1=1696118400&period2=1791504000"
ASPN,Aspen Aerogels Inc. Common Stock,finanse,F2: przychody kw. r/r -36.1%,"https://query1.finance.yahoo.com/ws/fundamentals-timeseries/v1/finance/timeseries/ASPN?type=quarterlyTotalRevenue,trailingTotalRevenue,trailingFreeCashFlow,quarterlyFreeCashFlow,trailingOperatingCashFlow,trailingCapitalExpenditure,quarterlyTotalDebt,quarterlyCapitalLeaseObligations,quarterlyCashCashEquivalentsAndShortTermInvestments,trailingEBITDA,quarterlyEBITDA,quarterlyOrdinarySharesNumber,trailingNetIncome,trailingTotalUnusualItems&period1=1696118400&period2=1791504000"
DNA,Ginkgo Bioworks Holdings Inc. Class A Common Stock,finanse,"F1: FCF TTM -174,800,000 USD <= 0","https://query1.finance.yahoo.com/ws/fundamentals-timeseries/v1/finance/timeseries/DNA?type=quarterlyTotalRevenue,trailingTotalRevenue,trailingFreeCashFlow,quarterlyFreeCashFlow,trailingOperatingCashFlow,trailingCapitalExpenditure,quarterlyTotalDebt,quarterlyCapitalLeaseObligations,quarterlyCashCashEquivalentsAndShortTermInvestments,trailingEBITDA,quarterlyEBITDA,quarterlyOrdinarySharesNumber,trailingNetIncome,trailingTotalUnusualItems&period1=1696118400&period2=1791504000"
LSPD,Lightspeed Commerce Inc. Subordinate Voting Shares,finanse,"F1: FCF TTM -21,770,000 USD <= 0","https://query1.finance.yahoo.com/ws/fundamentals-timeseries/v1/finance/timeseries/LSPD?type=quarterlyTotalRevenue,trailingTotalRevenue,trailingFreeCashFlow,quarterlyFreeCashFlow,trailingOperatingCashFlow,trailingCapitalExpenditure,quarterlyTotalDebt,quarterlyCapitalLeaseObligations,quarterlyCashCashEquivalentsAndShortTermInvestments,trailingEBITDA,quarterlyEBITDA,quarterlyOrdinarySharesNumber,trailingNetIncome,trailingTotalUnusualItems&period1=1696118400&period2=1791504000"
SHAK,Shake Shack Inc. Class A Common Stock,finanse,"F1: FCF TTM -11,715,000 USD <= 0","https://query1.finance.yahoo.com/ws/fundamentals-timeseries/v1/finance/timeseries/SHAK?type=quarterlyTotalRevenue,trailingTotalRevenue,trailingFreeCashFlow,quarterlyFreeCashFlow,trailingOperatingCashFlow,trailingCapitalExpenditure,quarterlyTotalDebt,quarterlyCapitalLeaseObligations,quarterlyCashCashEquivalentsAndShortTermInvestments,trailingEBITDA,quarterlyEBITDA,quarterlyOrdinarySharesNumber,trailingNetIncome,trailingTotalUnusualItems&period1=1696118400&period2=1791504000"
SID,Companhia Siderurgica Nacional S.A. Common Stock,finanse,"F1: FCF TTM -6,226,896,000 USD <= 0","https://query1.finance.yahoo.com/ws/fundamentals-timeseries/v1/finance/timeseries/SID?type=quarterlyTotalRevenue,trailingTotalRevenue,trailingFreeCashFlow,quarterlyFreeCashFlow,trailingOperatingCashFlow,trailingCapitalExpenditure,quarterlyTotalDebt,quarterlyCapitalLeaseObligations,quarterlyCashCashEquivalentsAndShortTermInvestments,trailingEBITDA,quarterlyEBITDA,quarterlyOrdinarySharesNumber,trailingNetIncome,trailingTotalUnusualItems&period1=1696118400&period2=1791504000"
VIA,Via Transportation Inc. Class A Common Stock,finanse,"F1: FCF TTM -48,325,000 USD <= 0","https://query1.finance.yahoo.com/ws/fundamentals-timeseries/v1/finance/timeseries/VIA?type=quarterlyTotalRevenue,trailingTotalRevenue,trailingFreeCashFlow,quarterlyFreeCashFlow,trailingOperatingCashFlow,trailingCapitalExpenditure,quarterlyTotalDebt,quarterlyCapitalLeaseObligations,quarterlyCashCashEquivalentsAndShortTermInvestments,trailingEBITDA,quarterlyEBITDA,quarterlyOrdinarySharesNumber,trailingNetIncome,trailingTotalUnusualItems&period1=1696118400&period2=1791504000"
VPG,Vishay Precision Group Inc. Common Stock,finanse,"F1: FCF TTM -7,471,000 USD <= 0","https://query1.finance.yahoo.com/ws/fundamentals-timeseries/v1/finance/timeseries/VPG?type=quarterlyTotalRevenue,trailingTotalRevenue,trailingFreeCashFlow,quarterlyFreeCashFlow,trailingOperatingCashFlow,trailingCapitalExpenditure,quarterlyTotalDebt,quarterlyCapitalLeaseObligations,quarterlyCashCashEquivalentsAndShortTermInvestments,trailingEBITDA,quarterlyEBITDA,quarterlyOrdinarySharesNumber,trailingNetIncome,trailingTotalUnusualItems&period1=1696118400&period2=1791504000"
WOLF,Wolfspeed Inc. Common Stock New,finanse,"F1: FCF TTM -308,500,000 USD <= 0","https://query1.finance.yahoo.com/ws/fundamentals-timeseries/v1/finance/timeseries/WOLF?type=quarterlyTotalRevenue,trailingTotalRevenue,trailingFreeCashFlow,quarterlyFreeCashFlow,trailingOperatingCashFlow,trailingCapitalExpenditure,quarterlyTotalDebt,quarterlyCapitalLeaseObligations,quarterlyCashCashEquivalentsAndShortTermInvestments,trailingEBITDA,quarterlyEBITDA,quarterlyOrdinarySharesNumber,trailingNetIncome,trailingTotalUnusualItems&period1=1696118400&period2=1791504000"
ASAN,Asana Inc. Class A Common Stock,kontrola końcowa,"F3: beta wg Finviz 1.06 <= 1,2",https://finviz.com/quote.ashx?t=ASAN&p=d
KODK,Eastman Kodak Company Common New,kontrola końcowa,weryfikacja ręczna: F1: FCF TTM (464 mln USD) zawiera jednorazowy zwrot z planu emerytalnego KRIP (609 mln USD gotówki); bez niego FCF nie jest dodatni,https://finviz.com/quote.ashx?t=KODK&p=d
